englishId,category,englishRoute,frenchRoute,swahiliRoute,hausaRoutes,hausaStates
"minimum-wage","Finance, Tax & Market Data","/tools/minimum-wage","/fr/tools/salaire-minimum","/sw/zana/kikokotoo-kima-cha-chini-cha-mshahara","",""
"overtime-calc","Finance, Tax & Market Data","/tools/overtime-calc","/fr/tools/calculateur-heures-supplementaires","/sw/zana/kikokotoo-muda-wa-ziada","",""
"leave-calculator","Finance, Tax & Market Data","/tools/leave-calculator","/fr/tools/calculateur-conges-pto","/sw/zana/kikokotoo-likizo","",""
"social-security","Finance, Tax & Market Data","/tools/social-security","/fr/tools/securite-sociale","/sw/zana/kikokotoo-michango-ya-hifadhi-ya-jamii","",""
"pension-projection","Finance, Tax & Market Data","/tools/pension-projection","/fr/tools/projection-pension","/sw/zana/makadirio-ya-mfuko-wa-pensheni","",""
"ng-paye","Finance, Tax & Market Data","/nigeria/ng-salary-tax","/fr/nigeria/ng-salary-tax","/sw/nigeria/kikokotoo-kodi-mshahara","/ha/najeriya/harajin-albashi/","localized-shell"
"ke-paye","Finance, Tax & Market Data","/kenya/ke-paye","/fr/kenya/ke-paye","/sw/kenya/kikokotoo-kodi-mshahara","",""
"pdf-workspace","Document & PDF","/tools/pdf-workspace","/fr/tools/espace-pdf","/sw/zana/nafasi-pdf","/ha/kayan-aiki/wurin-aikin-pdf/","english-fallback"
"japa-calculator","Uniquely African","/tools/japa-calculator","/fr/tools/calculateur-japa","/sw/zana/kikokotoo-uhamishaji","",""
"medical-report","Health & Wellness","/tools/medical-report","/fr/tools/rapport-medical","/sw/zana/tafsiri-ya-ripoti-ya-matibabu","",""
"business-planner","Finance, Tax & Market Data","/tools/business-planner","/fr/tools/planificateur-entreprise","/sw/zana/mpangaji-wa-biashara-ai","",""
"gh-paye","Finance, Tax & Market Data","/ghana/gh-paye","/fr/ghana/gh-paye","/sw/ghana/kikokotoo-kodi-mshahara","",""
"za-paye","Finance, Tax & Market Data","/south-africa/za-paye","/fr/south-africa/za-paye","/sw/south-africa/kikokotoo-kodi-mshahara","",""
"eg-paye","Finance, Tax & Market Data","/egypt/eg-paye","/fr/egypt/eg-paye","/sw/egypt/kikokotoo-kodi-mshahara","",""
"tz-paye","Finance, Tax & Market Data","/tanzania/tz-paye","/fr/tanzania/tz-paye","/sw/tanzania/kikokotoo-kodi-mshahara","",""
"ug-paye","Finance, Tax & Market Data","/uganda/ug-paye","/fr/uganda/ug-paye","/sw/uganda/kikokotoo-kodi-mshahara","",""
"rw-paye","Finance, Tax & Market Data","/rwanda/rw-paye","/fr/rwanda/rw-paye","/sw/rwanda/kikokotoo-kodi-mshahara","",""
"et-paye","Finance, Tax & Market Data","/ethiopia/et-paye","/fr/ethiopia/et-paye","/sw/ethiopia/kikokotoo-kodi-mshahara","",""
"sn-paye","Finance, Tax & Market Data","/senegal/sn-paye","/fr/senegal/calculateur-salaire-net","/sw/senegal/kikokotoo-kodi-mshahara","",""
"ci-paye","Finance, Tax & Market Data","/cote-divoire/ci-paye","/fr/cote-divoire/calculateur-salaire-net","/sw/cote-divoire/kikokotoo-kodi-mshahara","",""
"cm-paye","Finance, Tax & Market Data","/cameroon/cm-paye","/fr/cameroun/calculateur-salaire-net","/sw/cameroon/kikokotoo-kodi-mshahara","",""
"ma-paye","Finance, Tax & Market Data","/morocco/ma-paye","/fr/maroc/calculateur-salaire-net","/sw/morocco/kikokotoo-kodi-mshahara","",""
"dz-paye","Finance, Tax & Market Data","/algeria/dz-paye","/fr/algerie/calculateur-salaire-net","/sw/algeria/kikokotoo-kodi-mshahara","",""
"tn-paye","Finance, Tax & Market Data","/tunisia/tn-paye","/fr/tunisie/calculateur-salaire-net","/sw/tunisia/kikokotoo-kodi-mshahara","",""
"ly-paye","Finance, Tax & Market Data","/libya/ly-paye","/fr/libya/ly-paye","/sw/libya/kikokotoo-kodi-mshahara","",""
"sd-paye","Finance, Tax & Market Data","/sudan/sd-paye","/fr/sudan/sd-paye","/sw/sudan/kikokotoo-kodi-mshahara","",""
"ao-paye","Finance, Tax & Market Data","/angola/ao-paye","/fr/angola/ao-paye","/sw/angola/kikokotoo-kodi-mshahara","",""
"mz-paye","Finance, Tax & Market Data","/mozambique/mz-paye","/fr/mozambique/mz-paye","/sw/mozambique/kikokotoo-kodi-mshahara","",""
"zm-paye","Finance, Tax & Market Data","/zambia/zm-paye","/fr/zambia/zm-paye","/sw/zambia/kikokotoo-kodi-mshahara","",""
"zw-paye","Finance, Tax & Market Data","/zimbabwe/zw-paye","/fr/zimbabwe/zw-paye","/sw/zimbabwe/kikokotoo-kodi-mshahara","",""
"bw-paye","Finance, Tax & Market Data","/botswana/bw-paye","/fr/botswana/bw-paye","/sw/botswana/kikokotoo-kodi-mshahara","",""
"na-paye","Finance, Tax & Market Data","/namibia/na-paye","/fr/namibia/na-paye","/sw/namibia/kikokotoo-kodi-mshahara","",""
"sz-paye","Finance, Tax & Market Data","/eswatini/sz-paye","/fr/eswatini/sz-paye","/sw/eswatini/kikokotoo-kodi-mshahara","",""
"ls-paye","Finance, Tax & Market Data","/lesotho/ls-paye","/fr/lesotho/ls-paye","/sw/lesotho/kikokotoo-kodi-mshahara","",""
"mw-paye","Finance, Tax & Market Data","/malawi/mw-paye","/fr/malawi/mw-paye","/sw/malawi/kikokotoo-kodi-mshahara","",""
"mg-paye","Finance, Tax & Market Data","/madagascar/mg-paye","/fr/madagascar/calculateur-salaire-net","/sw/madagascar/kikokotoo-kodi-mshahara","",""
"mu-paye","Finance, Tax & Market Data","/mauritius/mu-paye","/fr/mauritius/mu-paye","/sw/mauritius/kikokotoo-kodi-mshahara","",""
"sc-paye","Finance, Tax & Market Data","/seychelles/sc-paye","/fr/seychelles/sc-paye","/sw/seychelles/kikokotoo-kodi-mshahara","",""
"bi-paye","Finance, Tax & Market Data","/burundi/bi-paye","/fr/burundi/calculateur-salaire-net","/sw/burundi/kikokotoo-kodi-mshahara","",""
"cd-paye","Finance, Tax & Market Data","/dr-congo/cd-paye","/fr/rdc/calculateur-salaire-net","/sw/dr-congo/kikokotoo-kodi-mshahara","",""
"cg-paye","Finance, Tax & Market Data","/congo/cg-paye","/fr/congo/calculateur-salaire-net","/sw/congo/kikokotoo-kodi-mshahara","",""
"ga-paye","Finance, Tax & Market Data","/gabon/ga-paye","/fr/gabon/calculateur-salaire-net","/sw/gabon/kikokotoo-kodi-mshahara","",""
"gq-paye","Finance, Tax & Market Data","/eq-guinea/gq-paye","/fr/eq-guinea/gq-paye","/sw/equatorial-guinea/kikokotoo-kodi-mshahara","",""
"cf-paye","Finance, Tax & Market Data","/car/cf-paye","/fr/centrafrique/calculateur-salaire-net","/sw/central-african-republic/kikokotoo-kodi-mshahara","",""
"td-paye","Finance, Tax & Market Data","/chad/td-paye","/fr/tchad/calculateur-salaire-net","/sw/chad/kikokotoo-kodi-mshahara","",""
"ne-paye","Finance, Tax & Market Data","/niger/ne-paye","/fr/niger/calculateur-salaire-net","/sw/niger/kikokotoo-kodi-mshahara","",""
"ml-paye","Finance, Tax & Market Data","/mali/ml-paye","/fr/mali/calculateur-salaire-net","/sw/mali/kikokotoo-kodi-mshahara","",""
"bf-paye","Finance, Tax & Market Data","/burkina-faso/bf-paye","/fr/burkina-faso/calculateur-salaire-net","/sw/burkina-faso/kikokotoo-kodi-mshahara","",""
"gn-paye","Finance, Tax & Market Data","/guinea/gn-paye","/fr/guinee/calculateur-salaire-net","/sw/guinea/kikokotoo-kodi-mshahara","",""
"gw-paye","Finance, Tax & Market Data","/guinea-bissau/gw-paye","/fr/guinea-bissau/gw-paye","/sw/guinea-bissau/kikokotoo-kodi-mshahara","",""
"sl-paye","Finance, Tax & Market Data","/sierra-leone/sl-paye","/fr/sierra-leone/sl-paye","/sw/sierra-leone/kikokotoo-kodi-mshahara","",""
"lr-paye","Finance, Tax & Market Data","/liberia/lr-paye","/fr/liberia/lr-paye","/sw/liberia/kikokotoo-kodi-mshahara","",""
"mr-paye","Finance, Tax & Market Data","/mauritania/mr-paye","/fr/mauritanie/calculateur-salaire-net","/sw/mauritania/kikokotoo-kodi-mshahara","",""
"gm-paye","Finance, Tax & Market Data","/gambia/gm-paye","/fr/gambia/gm-paye","/sw/gambia/kikokotoo-kodi-mshahara","",""
"cv-paye","Finance, Tax & Market Data","/cape-verde/cv-paye","/fr/cape-verde/cv-paye","/sw/cape-verde/kikokotoo-kodi-mshahara","",""
"st-paye","Finance, Tax & Market Data","/sao-tome/st-paye","/fr/sao-tome/st-paye","/sw/sao-tome/kikokotoo-kodi-mshahara","",""
"tg-paye","Finance, Tax & Market Data","/togo/tg-paye","/fr/togo/calculateur-salaire-net","/sw/togo/kikokotoo-kodi-mshahara","",""
"bj-paye","Finance, Tax & Market Data","/benin/bj-paye","/fr/benin/calculateur-salaire-net","/sw/benin/kikokotoo-kodi-mshahara","",""
"so-paye","Finance, Tax & Market Data","/somalia/so-paye","/fr/somalia/so-paye","/sw/somalia/kikokotoo-kodi-mshahara","",""
"dj-paye","Finance, Tax & Market Data","/djibouti/dj-paye","/fr/djibouti/calculateur-salaire-net","/sw/djibouti/kikokotoo-kodi-mshahara","",""
"er-paye","Finance, Tax & Market Data","/eritrea/er-paye","/fr/eritrea/er-paye","/sw/eritrea/kikokotoo-kodi-mshahara","",""
"ss-paye","Finance, Tax & Market Data","/south-sudan/ss-paye","/fr/south-sudan/ss-paye","/sw/south-sudan/kikokotoo-kodi-mshahara","",""
"km-paye","Finance, Tax & Market Data","/comoros/km-paye","/fr/comores/calculateur-salaire-net","/sw/comoros/kikokotoo-kodi-mshahara","",""
"gh-paye-2","Finance, Tax & Market Data","/tools/gh-wht","/fr/tools/gh-wht","/sw/zana/kikokotoo-wht-ghana","",""
"vat-calc-pan-african","VAT & Business Tax","/tools/vat-calculator","/fr/tools/calculateur-tva","/sw/zana/kikokotoo-vat","/ha/kayan-aiki/kalkuletan-vat/","localized-shell"
"ng-vat","VAT & Business Tax","/nigeria/ng-vat","/fr/nigeria/ng-vat","/sw/nigeria/kikokotoo-vat","",""
"ke-vat","VAT & Business Tax","/kenya/ke-vat","/fr/kenya/ke-vat","/sw/kenya/kikokotoo-vat","",""
"gh-vat","VAT & Business Tax","/ghana/gh-vat","/fr/ghana/gh-vat","/sw/ghana/kikokotoo-vat","",""
"za-vat","VAT & Business Tax","/south-africa/za-vat","/fr/south-africa/za-vat","/sw/south-africa/kikokotoo-vat","",""
"eg-vat","VAT & Business Tax","/egypt/eg-vat","/fr/egypt/eg-vat","/sw/egypt/kikokotoo-vat","",""
"tz-vat","VAT & Business Tax","/tanzania/tz-vat","/fr/tanzania/tz-vat","/sw/tanzania/kikokotoo-vat","",""
"et-vat","VAT & Business Tax","/ethiopia/et-vat","/fr/ethiopia/et-vat","/sw/ethiopia/kikokotoo-vat","",""
"rw-vat","VAT & Business Tax","/rwanda/rw-vat","/fr/rwanda/rw-vat","/sw/rwanda/kikokotoo-vat","",""
"ug-vat","VAT & Business Tax","/uganda/ug-vat","/fr/uganda/ug-vat","/sw/uganda/kikokotoo-vat","",""
"dz-vat","VAT & Business Tax","/algeria/dz-vat","/fr/algerie/calculateur-tva","/sw/algeria/kikokotoo-vat","",""
"ao-vat","VAT & Business Tax","/angola/ao-vat","/fr/angola/ao-vat","/sw/angola/kikokotoo-vat","",""
"bj-vat","VAT & Business Tax","/benin/bj-vat","/fr/benin/calculateur-tva","/sw/benin/kikokotoo-vat","",""
"bw-vat","VAT & Business Tax","/botswana/bw-vat","/fr/botswana/bw-vat","/sw/botswana/kikokotoo-vat","",""
"bf-vat","VAT & Business Tax","/burkina-faso/bf-vat","/fr/burkina-faso/calculateur-tva","/sw/burkina-faso/kikokotoo-vat","",""
"bi-vat","VAT & Business Tax","/burundi/bi-vat","/fr/burundi/calculateur-tva","/sw/burundi/kikokotoo-vat","",""
"cm-vat","VAT & Business Tax","/cameroon/cm-vat","/fr/cameroun/calculateur-tva","/sw/cameroon/kikokotoo-vat","",""
"cv-vat","VAT & Business Tax","/cape-verde/cv-vat","/fr/cape-verde/cv-vat","/sw/cape-verde/kikokotoo-vat","",""
"cf-vat","VAT & Business Tax","/car/cf-vat","/fr/centrafrique/calculateur-tva","/sw/central-african-republic/kikokotoo-vat","",""
"td-vat","VAT & Business Tax","/chad/td-vat","/fr/tchad/calculateur-tva","/sw/chad/kikokotoo-vat","",""
"km-vat","VAT & Business Tax","/comoros/km-vat","/fr/comores/calculateur-tva","/sw/comoros/kikokotoo-vat","",""
"cg-vat","VAT & Business Tax","/congo/cg-vat","/fr/congo/calculateur-tva","/sw/congo/kikokotoo-vat","",""
"ci-vat","VAT & Business Tax","/cote-divoire/ci-vat","/fr/cote-divoire/calculateur-tva","/sw/cote-divoire/kikokotoo-vat","",""
"dj-vat","VAT & Business Tax","/djibouti/dj-vat","/fr/djibouti/dj-vat","/sw/djibouti/kikokotoo-vat","",""
"cd-vat","VAT & Business Tax","/dr-congo/cd-vat","/fr/rdc/calculateur-tva","/sw/dr-congo/kikokotoo-vat","",""
"gq-vat","VAT & Business Tax","/eq-guinea/gq-vat","/fr/eq-guinea/gq-vat","/sw/equatorial-guinea/kikokotoo-vat","",""
"sz-vat","VAT & Business Tax","/eswatini/sz-vat","/fr/eswatini/sz-vat","/sw/eswatini/kikokotoo-vat","",""
"ga-vat","VAT & Business Tax","/gabon/ga-vat","/fr/gabon/calculateur-tva","/sw/gabon/kikokotoo-vat","",""
"gm-vat","VAT & Business Tax","/gambia/gm-vat","/fr/gambia/gm-vat","/sw/gambia/kikokotoo-vat","",""
"gn-vat","VAT & Business Tax","/guinea/gn-vat","/fr/guinee/calculateur-tva","/sw/guinea/kikokotoo-vat","",""
"gw-vat","VAT & Business Tax","/guinea-bissau/gw-vat","/fr/guinea-bissau/gw-vat","/sw/guinea-bissau/kikokotoo-vat","",""
"ls-vat","VAT & Business Tax","/lesotho/ls-vat","/fr/lesotho/ls-vat","/sw/lesotho/kikokotoo-vat","",""
"lr-vat","VAT & Business Tax","/liberia/lr-vat","/fr/liberia/lr-vat","/sw/liberia/kikokotoo-vat","",""
"mg-vat","VAT & Business Tax","/madagascar/mg-vat","/fr/madagascar/calculateur-tva","/sw/madagascar/kikokotoo-vat","",""
"mw-vat","VAT & Business Tax","/malawi/mw-vat","/fr/malawi/mw-vat","/sw/malawi/kikokotoo-vat","",""
"ml-vat","VAT & Business Tax","/mali/ml-vat","/fr/mali/calculateur-tva","/sw/mali/kikokotoo-vat","",""
"mr-vat","VAT & Business Tax","/mauritania/mr-vat","/fr/mauritanie/calculateur-tva","/sw/mauritania/kikokotoo-vat","",""
"mu-vat","VAT & Business Tax","/mauritius/mu-vat","/fr/mauritius/mu-vat","/sw/mauritius/kikokotoo-vat","",""
"ma-vat","VAT & Business Tax","/morocco/ma-vat","/fr/maroc/calculateur-tva","/sw/morocco/kikokotoo-vat","",""
"mz-vat","VAT & Business Tax","/mozambique/mz-vat","/fr/mozambique/mz-vat","/sw/mozambique/kikokotoo-vat","",""
"na-vat","VAT & Business Tax","/namibia/na-vat","/fr/namibia/na-vat","/sw/namibia/kikokotoo-vat","",""
"ne-vat","VAT & Business Tax","/niger/ne-vat","/fr/niger/calculateur-tva","/sw/niger/kikokotoo-vat","",""
"st-vat","VAT & Business Tax","/sao-tome/st-vat","/fr/sao-tome/st-vat","/sw/sao-tome/kikokotoo-vat","",""
"sn-vat","VAT & Business Tax","/senegal/sn-vat","/fr/senegal/calculateur-tva","/sw/senegal/kikokotoo-vat","",""
"sc-vat","VAT & Business Tax","/seychelles/sc-vat","/fr/seychelles/sc-vat","/sw/seychelles/kikokotoo-vat","",""
"sl-vat","VAT & Business Tax","/sierra-leone/sl-vat","/fr/sierra-leone/sl-vat","/sw/sierra-leone/kikokotoo-vat","",""
"so-vat","VAT & Business Tax","/somalia/so-vat","/fr/somalia/so-vat","/sw/somalia/kikokotoo-vat","",""
"sd-vat","VAT & Business Tax","/sudan/sd-vat","/fr/sudan/sd-vat","/sw/sudan/kikokotoo-vat","",""
"tg-vat","VAT & Business Tax","/togo/tg-vat","/fr/togo/calculateur-tva","/sw/togo/kikokotoo-vat","",""
"tn-vat","VAT & Business Tax","/tunisia/tn-vat","/fr/tunisie/calculateur-tva","/sw/tunisia/kikokotoo-vat","",""
"zm-vat","VAT & Business Tax","/zambia/zm-vat","/fr/zambia/zm-vat","/sw/zambia/kikokotoo-vat","",""
"zw-vat","VAT & Business Tax","/zimbabwe/zw-vat","/fr/zimbabwe/zw-vat","/sw/zimbabwe/kikokotoo-vat","",""
"pdf-merge-split","Document & PDF","/tools/pdf-merge-split","/fr/tools/fusionner-diviser-pdf","/sw/zana/unganisha-na-gawanya-pdf","/ha/kayan-aiki/hada-da-raba-pdf/","localized-shell"
"pdf-compress","Document & PDF","/tools/pdf-compress","/fr/tools/compresser-pdf","/sw/zana/kubana-pdf","/ha/kayan-aiki/matsa-pdf/","localized-shell"
"pdf-image-convert","Document & PDF","/tools/pdf-image-convert","/fr/tools/pdf-en-image","/sw/zana/kubadilisha-pdf-na-picha","",""
"pdf-watermark","Document & PDF","/tools/pdf-watermark","/fr/tools/filigrane-pdf","/sw/zana/watermark-pdf","",""
"pdf-password","Document & PDF","/tools/pdf-password","/fr/tools/proteger-pdf","/sw/zana/kulinda-pdf-kwa-nenosiri","",""
"pdf-page-numbers","Document & PDF","/tools/pdf-page-numbers","/fr/tools/numerotation-pdf","/sw/zana/namba-za-kurasa-pdf","/ha/kayan-aiki/lambar-shafi-pdf/","localized-shell"
"pdf-sign","Document & PDF","/tools/pdf-sign","/fr/tools/signer-pdf","/sw/zana/kusaini-pdf","/ha/kayan-aiki/sanya-hannu-pdf/","english-fallback"
"pdf-ocr","Document & PDF","/tools/pdf-ocr","/fr/tools/ocr-pdf","/sw/zana/ocr-pdf","",""
"pdf-form-filler","Document & PDF","/tools/pdf-form-filler","/fr/tools/remplir-formulaire-pdf","/sw/zana/kujaza-fomu-pdf","",""
"pdf-redact","Document & PDF","/tools/pdf-redact","/fr/tools/caviarder-pdf","/sw/zana/kuficha-taarifa-pdf","",""
"pdf-header-footer","Document & PDF","/tools/pdf-header-footer","/fr/tools/entete-pied-pdf","/sw/zana/kichwa-na-kijachini-pdf","",""
"pdf-editor","Document & PDF","/tools/pdf-editor","/fr/tools/editeur-pdf","/sw/zana/hariri-pdf","/ha/kayan-aiki/gyara-pdf/","localized-shell"
"pdf-convert","Document & PDF","/tools/pdf-convert","/fr/tools/convertir-pdf","/sw/zana/kubadilisha-format-pdf","/ha/kayan-aiki/canza-pdf/","english-fallback"
"pdf-reorder","Document & PDF","/tools/pdf-reorder","/fr/tools/reorganiser-pdf","/sw/zana/kupanga-kurasa-pdf","",""
"pdf-chat","Document & PDF","/tools/pdf-chat","/fr/tools/chat-pdf","/sw/zana/chat-na-pdf","",""
"pdf-translate","Document & PDF","/tools/pdf-translate","/fr/tools/traduire-pdf","/sw/zana/kutafsiri-pdf","",""
"pdf-compare","Document & PDF","/tools/pdf-compare","/fr/tools/comparer-pdf","/sw/zana/kulinganisha-pdf","",""
"pdf-to-audio","Document & PDF","/tools/pdf-to-audio","/fr/tools/pdf-en-audio","/sw/zana/pdf-kwenda-sauti","",""
"pdf-bates","Document & PDF","/tools/pdf-bates","/fr/tools/numerotation-bates-pdf","/sw/zana/namba-bates-pdf","",""
"html-to-pdf","Document & PDF","/tools/html-to-pdf","/fr/tools/html-en-pdf","/sw/zana/html-kwenda-pdf","",""
"pdf-find-replace","Document & PDF","/tools/pdf-find-replace","/fr/tools/rechercher-remplacer-pdf","/sw/zana/tafuta-na-badilisha-pdf","",""
"pdf-repair","Document & PDF","/tools/pdf-repair","/fr/tools/reparer-pdf","/sw/zana/kurekebisha-pdf","",""
"pdf-workflow","Document & PDF","/tools/pdf-workflow","/fr/tools/flux-pdf","/sw/zana/workflow-ya-pdf","",""
"image-compress","Image & Design","/tools/image-compress","/fr/tools/compresser-image","/sw/zana/kubana-picha","",""
"image-resize","Image & Design","/tools/image-resize","/fr/tools/redimensionner-image","/sw/zana/kubadilisha-ukubwa-wa-picha","",""
"qr-generator","Image & Design","/tools/qr-generator","/fr/tools/generateur-qr","/sw/zana/kitengeneza-qr","",""
"background-remover","Image & Design","/tools/background-remover","/fr/tools/supprimer-arriere-plan","/sw/zana/kiondoa-mandharinyuma","",""
"passport-photo","Image & Design","/tools/passport-photo","/fr/tools/photo-identite","/sw/zana/picha-ya-pasipoti","",""
"image-crop","Image & Design","/tools/image-crop","/fr/tools/recadrer-image","/sw/zana/kukata-picha","",""
"color-picker","Image & Design","/tools/color-picker","/fr/tools/selecteur-couleur","/sw/zana/kichagua-rangi","",""
"favicon-generator","Image & Design","/tools/favicon-generator","/fr/tools/generateur-favicon","/sw/zana/kizalishaji-favicon","",""
"image-to-text","Image & Design","/tools/image-to-text","/fr/tools/image-en-texte","/sw/zana/kutoa-maandishi-kwenye-picha","",""
"meme-generator","Image & Design","/tools/meme-generator","/fr/tools/generateur-memes","/sw/zana/kitengeneza-meme","",""
"logo-maker","Image & Design","/tools/logo-maker","/fr/tools/createur-logo","/sw/zana/kitengeneza-logo","",""
"image-filters","Image & Design","/tools/image-filters","/fr/tools/filtres-image","/sw/zana/filters-za-picha","",""
"social-card","Image & Design","/tools/social-card","/fr/tools/carte-sociale","/sw/zana/kadi-ya-mitandao","",""
"certificate-maker","Image & Design","/tools/certificate-maker","/fr/tools/createur-certificat","/sw/zana/kitengeneza-cheti","",""
"flyer-maker","Image & Design","/tools/flyer-maker","/fr/tools/createur-flyer","/sw/zana/kitengeneza-flyer","",""
"json-formatter","Developer Tools","/tools/json-formatter","/fr/tools/formateur-json","/sw/zana/kirekebisha-json","",""
"data-converter","Developer Tools","/tools/data-converter","/fr/tools/convertisseur-donnees","/sw/zana/kubadilisha-data","",""
"hash-generator","Developer Tools","/tools/hash-generator","/fr/tools/generateur-hash","/sw/zana/kizalishaji-hash","",""
"base64","Developer Tools","/tools/base64","/fr/tools/encodeur-base64","/sw/zana/base64","",""
"regex-tester","Developer Tools","/tools/regex-tester","/fr/tools/testeur-regex","/sw/zana/kijaribu-regex","",""
"cron-builder","Developer Tools","/tools/cron-builder","/fr/tools/constructeur-cron","/sw/zana/cron","",""
"jwt-decoder","Developer Tools","/tools/jwt-decoder","/fr/tools/decodeur-jwt","/sw/zana/kisimbuzi-jwt","",""
"url-encoder","Developer Tools","/tools/url-encoder","/fr/tools/encodeur-url","/sw/zana/kusimba-url","",""
"uuid-generator","Developer Tools","/tools/uuid-generator","/fr/tools/generateur-uuid","/sw/zana/kizalishaji-uuid","",""
"html-entities","Developer Tools","/tools/html-entities","/fr/tools/entites-html","/sw/zana/alama-za-html","",""
"diff-checker","Developer Tools","/tools/diff-checker","/fr/tools/comparateur-texte","/sw/zana/kilinganisha-maandishi","",""
"markdown-editor","Developer Tools","/tools/markdown-editor","/fr/tools/editeur-markdown","/sw/zana/kihariri-markdown","",""
"color-contrast","Developer Tools","/tools/color-contrast","/fr/tools/contraste-couleurs","/sw/zana/ukaguzi-contrast","",""
"ussd-simulator","Developer Tools","/tools/ussd-simulator","/fr/tools/simulateur-ussd","/sw/zana/kiigaji-ussd","/ha/kayan-aiki/gwajin-ussd/","native"
"api-tester","Developer Tools","/tools/api-tester","/fr/tools/testeur-api","/sw/zana/kijaribu-api","",""
"sql-playground","Developer Tools","/tools/sql-playground","/fr/tools/bac-a-sable-sql","/sw/zana/uwanja-wa-sql","",""
"css-gradient","Developer Tools","/tools/css-gradient","/fr/tools/generateur-degrade-css","/sw/zana/kizalishaji-gradient-css","",""
"meta-tag-gen","Developer Tools","/tools/meta-tag-gen","/fr/tools/generateur-meta","/sw/zana/kizalishaji-meta","",""
"htaccess-gen","Developer Tools","/tools/htaccess-gen","/fr/tools/generateur-htaccess","/sw/zana/kizalishaji-htaccess","",""
"robots-txt","Developer Tools","/tools/robots-txt","/fr/tools/generateur-robots-txt","/sw/zana/kizalishaji-robots-txt","",""
"sitemap-gen","Developer Tools","/tools/sitemap-gen","/fr/tools/generateur-sitemap","/sw/zana/kizalishaji-sitemap","",""
"ssce-practice","Education","/tools/ssce-practice","/fr/tools/pratique-waec-neco","/sw/zana/mazoezi-waec-neco","",""
"waec-calculator","Education","/tools/waec-calculator","/fr/tools/calculateur-waec","/sw/zana/kikokotoo-waec-neco","/ha/kayan-aiki/kalkuletan-waec-neco/","localized-shell"
"jamb-aggregate","Education","/tools/jamb-aggregate","/fr/tools/calculateur-jamb","/sw/zana/kikokotoo-jamb","/ha/kayan-aiki/kalkuletan-jamb/","localized-shell"
"matric-points","Education","/tools/matric-points","/fr/tools/points-matric","/sw/zana/kikokotoo-aps-matric","",""
"gpa-calculator","Education","/tools/gpa-calculator","/fr/tools/calculateur-gpa","/sw/zana/kikokotoo-gpa","/ha/kayan-aiki/kalkuletan-gpa-cgpa/","localized-shell"
"exam-countdown","Education","/tools/exam-countdown","/fr/tools/compte-a-rebours-examen","/sw/zana/siku-za-mtihani","",""
"flashcard-maker","Education","/tools/flashcard-maker","/fr/tools/createur-fiches","/sw/zana/kadi-kusoma","",""
"citation-generator","Education","/tools/citation-generator","/fr/tools/generateur-citations","/sw/zana/kizalishaji-citation","",""
"word-counter","Education","/tools/word-counter","/fr/tools/compteur-mots","/sw/zana/kihesabu-maneno","",""
"periodic-table","Education","/tools/periodic-table","/fr/tools/tableau-periodique","/sw/zana/jedwali-la-vipengele","",""
"algebra-solver","Education","/tools/algebra-solver","/fr/tools/solveur-algebre","/sw/zana/kisuluhishi-algebra","",""
"binary-converter","Education","/tools/binary-converter","/fr/tools/convertisseur-binaire","/sw/zana/kibadilishaji-mfumo-wa-jozi","",""
"statistics-calc","Education","/tools/statistics-calc","/fr/tools/calculateur-statistiques","/sw/zana/kikokotoo-takwimu","",""
"fraction-calc","Education","/tools/fraction-calc","/fr/tools/calculateur-fractions","/sw/zana/kikokotoo-sehemu","",""
"roman-numerals","Education","/tools/roman-numerals","/fr/tools/chiffres-romains","/sw/zana/namba-za-kirumi","",""
"percentage-calc","Education","/tools/percentage-calc","/fr/tools/calculateur-pourcentage","/sw/zana/kikokotoo-asilimia","",""
"scientific-calc","Education","/tools/scientific-calc","/fr/tools/calculatrice-scientifique","/sw/zana/kikokotoo-kisayansi","",""
"mobile-money-fees","Uniquely African","/tools/mobile-money-fees","/fr/tools/frais-mobile-money","/sw/zana/ada-pesa-simu","/ha/kayan-aiki/kudin-tura-kudi-ta-waya/","localized-shell"
"fintech-fee-watch","Uniquely African","/tools/fintech-fee-watch","/fr/tools/suivi-frais-fintech","/sw/zana/ufuatiliaji-ada-fintech","",""
"ajo-chama","Uniquely African","/tools/ajo-tracker","/fr/tools/suivi-tontine","/sw/zana/kifuatiliaji-ajo-chama","",""
"electricity-estimator","Uniquely African","/tools/electricity-estimator","/fr/tools/estimateur-electricite","/sw/zana/makisio-ya-bili-ya-umeme","",""
"fuel-cost","Uniquely African","/tools/fuel-cost","/fr/tools/cout-carburant","/sw/zana/gharama-za-mafuta","",""
"tithe-offering","Religious & Cultural","/tools/tithe-calculator","/fr/tools/calculateur-dime","/sw/zana/kikokotoo-fungu-la-kumi-na-sadaka","",""
"lobola-calculator","Religious & Cultural","/tools/lobola-calculator","/fr/tools/calculateur-lobola","/sw/zana/kikokotoo-lobola-na-mahari","",""
"lobola-negotiation-checklist","Religious & Cultural","/tools/lobola-negotiation-checklist","/fr/tools/checklist-negociation-dot","/sw/zana/orodha-ya-majadiliano-ya-lobola","",""
"lobola-gift-list","Religious & Cultural","/tools/lobola-gift-list","/fr/tools/liste-cadeaux-dot","/sw/zana/orodha-ya-zawadi-za-lobola","",""
"hawala-tracker","Uniquely African","/tools/hawala-tracker","/fr/tools/suivi-hawala","/sw/zana/ufuatiliaji-hawala","",""
"burial-cost","Uniquely African","/tools/burial-cost","/fr/tools/cout-funerailles","/sw/zana/gharama-za-mazishi","",""
"school-fees","Education","/tools/school-fees","/fr/tools/frais-scolarite","/sw/zana/ada-za-shule","",""
"staple-basket","Uniquely African","/tools/staple-basket","/fr/tools/panier-produits-base","/sw/zana/kikapu-cha-bidhaa-msingi","/ha/kayan-aiki/kwandon-kasuwa/","localized-shell"
"wholesale-retail-spread","Uniquely African","/tools/wholesale-retail-spread","/fr/tools/marge-gros-detail","/sw/zana/tofauti-bei-jumla-rejareja","",""
"land-size","Uniquely African","/tools/land-size","/fr/tools/taille-terrain","/sw/zana/ukubwa-wa-ardhi","",""
"naira-to-words","Uniquely African","/tools/naira-to-words","/fr/tools/naira-en-lettres","/sw/zana/naira-kwa-maneno","/ha/kayan-aiki/naira-zuwa-kalmomi/","native"
"amount-words-ke","Uniquely African","/tools/amount-words-ke","/fr/tools/montant-lettres-ke","/sw/zana/kiasi-kwa-maneno-kenya","",""
"amount-words-gh","Uniquely African","/tools/amount-words-gh","/fr/tools/montant-lettres-gh","/sw/zana/kiasi-kwa-maneno-ghana","",""
"susu-tracker","Uniquely African","/tools/susu-tracker","/fr/tools/suivi-susu","/sw/zana/kifuatiliaji-susu","",""
"whatsapp-link","Uniquely African","/tools/whatsapp-link","/fr/tools/lien-whatsapp","/sw/zana/kiungo-cha-whatsapp","/ha/kayan-aiki/whatsapp-link/","native"
"cv-builder","Document & PDF","/tools/cv-builder","/fr/tools/generateur-cv","/sw/zana/mjenzi-cv","/ha/kayan-aiki/gina-cv/","native"
"invoice-generator","Document & PDF","/tools/invoice-generator","/fr/tools/generateur-factures","/sw/zana/kizalishaji-ankara","/ha/kayan-aiki/kirkiro-invoice/","localized-shell"
"cover-letter","Document & PDF","/tools/cover-letter-generator","/fr/tools/generateur-lettre-motivation","/sw/zana/barua-ombi","/ha/kayan-aiki/rubuta-wasikar-aiki/","localized-shell"
"meeting-minutes","Document & PDF","/tools/meeting-minutes","/fr/tools/compte-rendu-reunion","/sw/zana/kumbukumbu-za-mkutano","",""
"remittance-compare","Uniquely African","/tools/remittance-compare","/fr/tools/transfert-argent","/sw/zana/ulinganisho-uhamishaji-pesa","/ha/kayan-aiki/kwatanta-aika-kudi/","localized-shell"
"informal-fx-watch","Uniquely African","/tools/informal-fx-watch","/fr/tools/taux-change-parallele","/sw/zana/ufuatiliaji-soko-la-fedha","",""
"import-duty","Trade & Import","/tools/import-duty","/fr/tools/cout-rendu","/sw/zana/gharama-bidhaa","",""
"mortgage-calculator","Finance, Tax & Market Data","/tools/mortgage-calculator","/fr/tools/calculateur-hypothecaire","/sw/zana/kikokotoo-mkopo-wa-nyumba","",""
"loan-compare","Finance, Tax & Market Data","/tools/loan-compare","/fr/tools/comparateur-prets","/sw/zana/kilinganisha-mikopo","",""
"receipt-generator","Document & PDF","/tools/receipt-generator","/fr/tools/generateur-recu","/sw/zana/kizalishaji-risiti","/ha/kayan-aiki/kirkiro-resit/","localized-shell"
"payslip-generator","Finance, Tax & Market Data","/tools/payslip-generator","/fr/tools/generateur-fiche-paie","/sw/zana/kizalishaji-payslip","/ha/kayan-aiki/takardar-albashi/","localized-shell"
"itax-guide","Finance, Tax & Market Data","/tools/itax-guide","/fr/tools/guide-d-itax-de-la-kra","/sw/zana/mwongozo-wa-itax","",""
"etims-guide","Finance, Tax & Market Data","/tools/etims-guide","/fr/tools/guide-d-etims-de-la-kra","/sw/zana/mwongozo-wa-etims-kra","",""
"sars-efiling","Finance, Tax & Market Data","/tools/sars-efiling","/fr/tools/guide-de-sars-efiling","/sw/zana/mwongozo-wa-sars-efiling","",""
"cnps-guide","Finance, Tax & Market Data","/tools/cnps-guide","/fr/tools/guide-de-la-cnps-en-cote-d-ivoire","/sw/zana/mwongozo-wa-cnps","",""
"cbk-rates","Finance, Tax & Market Data","/tools/cbk-rates","/fr/tools/taux-de-change-de-la-cbk","/sw/zana/viwango-vya-cbk","",""
"business-plan","Document & PDF","/tools/business-plan","/fr/tools/plan-affaires","/sw/zana/mpango-wa-biashara","",""
"ng-cit","Finance, Tax & Market Data","/tools/ng-cit","/fr/tools/ng-impot-societes","/sw/zana/kikokotoo-cit-nigeria","/ha/kayan-aiki/cit-najeriya/","native"
"ng-cgt","Finance, Tax & Market Data","/tools/ng-cgt","/fr/tools/ng-plus-value","/sw/zana/kikokotoo-cgt-nigeria","/ha/kayan-aiki/cgt-najeriya/","native"
"ke-cgt","Finance, Tax & Market Data","/tools/ke-cgt","/fr/tools/ke-plus-value","/sw/zana/kikokotoo-cgt-kenya","",""
"za-cgt","Finance, Tax & Market Data","/tools/za-cgt","/fr/tools/za-plus-value","/sw/zana/kikokotoo-cgt-afrika-kusini","",""
"za-dividend-tax","Finance, Tax & Market Data","/tools/za-dividend-tax","/fr/tools/za-impot-dividendes","/sw/zana/kikokotoo-kodi-gawio-afrika-kusini","",""
"ng-wht","Finance, Tax & Market Data","/tools/ng-wht","/fr/tools/ng-retenue-source","/sw/zana/kikokotoo-wht-nigeria","/ha/kayan-aiki/wht-najeriya/","localized-shell"
"ke-wht","Finance, Tax & Market Data","/tools/ke-wht","/fr/tools/ke-retenue-source","/sw/zana/kikokotoo-wht-kenya","",""
"transfer-pricing","Finance, Tax & Market Data","/tools/transfer-pricing","/fr/tools/prix-transfert","/sw/zana/ulinganisho-wa-bei-za-uhamisho","",""
"za-uif","Finance, Tax & Market Data","/tools/za-uif","/fr/tools/za-uif","/sw/zana/kikokotoo-uif-afrika-kusini","",""
"investment-return","Finance, Tax & Market Data","/tools/investment-return","/fr/tools/rendement-investissement","/sw/zana/faida-ya-uwekezaji","",""
"crypto-cgt","Finance, Tax & Market Data","/tools/crypto-tax","/fr/tools/impot-crypto","/sw/zana/kodi-ya-sarafu-za-kidijitali","",""
"bmi-calculator","Health & Wellness","/health/bmi-calculator","/fr/health/bmi-calculator","/sw/zana/kikokotoo-bmi","",""
"due-date","Health & Wellness","/health/pregnancy-due-date","/fr/health/pregnancy-due-date","/sw/zana/tarehe-ya-kujifungua","",""
"calorie-counter","Health & Wellness","/health/calorie-counter","/fr/health/calorie-counter","/sw/zana/kalori-za-vyakula-vya-afrika","",""
"planting-calendar","Agriculture","/tools/planting-calendar","/fr/tools/calendrier-semis","/sw/zana/kalenda-ya-kupanda-mazao","/ha/noma/kalandar-shuka/","localized-shell"
"fertilizer-calc","Agriculture","/tools/fertilizer-calc","/fr/tools/calculateur-engrais","/sw/zana/kikokotoo-mbolea-rahisi","",""
"crop-yield-estimator","Agriculture","/agriculture/crop-yield","/fr/agriculture/crop-yield","/sw/zana/makisio-ya-mavuno","",""
"fertilizer-calculator","Agriculture","/agriculture/fertilizer","/fr/agriculture/fertilizer","/sw/zana/kikokotoo-mbolea","",""
"irrigation-calculator","Agriculture","/agriculture/irrigation","/fr/agriculture/irrigation","/sw/zana/kikokotoo-umwagiliaji","",""
"farm-profit-calculator","Agriculture","/agriculture/farm-profit","/fr/agriculture/farm-profit","/sw/zana/faida-na-hasara-ya-shamba","",""
"farm-budget","Agriculture","/agriculture/farm-budget","/fr/agriculture/farm-budget","/sw/zana/bajeti-ya-shamba","",""
"seed-rate-calculator","Agriculture","/agriculture/seed-rate","/fr/agriculture/seed-rate","/sw/zana/kikokotoo-idadi-ya-mbegu","",""
"poultry-roi-calculator","Agriculture","/agriculture/poultry-roi","/fr/agriculture/poultry-roi","/sw/zana/faida-ya-ufugaji-kuku","",""
"pesticide-dosage-calculator","Agriculture","/agriculture/pesticide-dosage","/fr/agriculture/pesticide-dosage","/sw/zana/kipimo-cha-viuatilifu","",""
"soil-ph-calculator","Agriculture","/agriculture/soil-ph","/fr/agriculture/soil-ph","/sw/zana/ph-ya-udongo","",""
"farm-size-converter","Agriculture","/agriculture/farm-size-converter","/fr/agriculture/farm-size-converter","/sw/zana/kigeuzi-cha-ukubwa-wa-shamba","",""
"harvest-date-estimator","Agriculture","/agriculture/harvest-date","/fr/agriculture/harvest-date","/sw/zana/makisio-tarehe-ya-mavuno","",""
"coffee-calculator","Agriculture","/agriculture/coffee-calculator","/fr/agriculture/coffee-calculator","/sw/zana/kikokotoo-kahawa","",""
"cocoa-tracker","Agriculture","/agriculture/cocoa-tracker","/fr/agriculture/cocoa-tracker","/sw/zana/kifuatiliaji-kakao","",""
"fish-farming-roi","Agriculture","/agriculture/fish-farming","/fr/agriculture/fish-farming","/sw/zana/faida-ya-ufugaji-samaki","",""
"fish-farming-nigeria","Agriculture","/agriculture/fish-farming/nigeria","/fr/agriculture/fish-farming/nigeria","/sw/kilimo/ufugaji-samaki/nigeria","/ha/kayan-aiki/ribar-kiwon-kifi/","localized-shell"
"fish-farming-kenya","Agriculture","/agriculture/fish-farming/kenya","/fr/agriculture/fish-farming/kenya","/sw/kilimo/ufugaji-samaki/kenya","",""
"fish-farming-south-africa","Agriculture","/agriculture/fish-farming/south-africa","/fr/agriculture/fish-farming/south-africa","/sw/kilimo/ufugaji-samaki/south-africa","",""
"fish-farming-ghana","Agriculture","/agriculture/fish-farming/ghana","/fr/agriculture/fish-farming/ghana","/sw/kilimo/ufugaji-samaki/ghana","",""
"fish-farming-egypt","Agriculture","/agriculture/fish-farming/egypt","/fr/agriculture/fish-farming/egypt","/sw/kilimo/ufugaji-samaki/egypt","",""
"fish-farming-ethiopia","Agriculture","/agriculture/fish-farming/ethiopia","/fr/agriculture/fish-farming/ethiopia","/sw/kilimo/ufugaji-samaki/ethiopia","",""
"fish-farming-tanzania","Agriculture","/agriculture/fish-farming/tanzania","/fr/agriculture/fish-farming/tanzania","/sw/kilimo/ufugaji-samaki/tanzania","",""
"fish-farming-uganda","Agriculture","/agriculture/fish-farming/uganda","/fr/agriculture/fish-farming/uganda","/sw/kilimo/ufugaji-samaki/uganda","",""
"fish-farming-rwanda","Agriculture","/agriculture/fish-farming/rwanda","/fr/agriculture/fish-farming/rwanda","/sw/kilimo/ufugaji-samaki/rwanda","",""
"fish-farming-cote-d-ivoire","Agriculture","/agriculture/fish-farming/cote-d-ivoire","/fr/agriculture/fish-farming/cote-d-ivoire","/sw/kilimo/ufugaji-samaki/cote-divoire","",""
"fish-farming-cameroon","Agriculture","/agriculture/fish-farming/cameroon","/fr/agriculture/fish-farming/cameroon","/sw/kilimo/ufugaji-samaki/cameroon","",""
"fish-farming-senegal","Agriculture","/agriculture/fish-farming/senegal","/fr/agriculture/fish-farming/senegal","/sw/kilimo/ufugaji-samaki/senegal","",""
"fish-farming-morocco","Agriculture","/agriculture/fish-farming/morocco","/fr/agriculture/fish-farming/morocco","/sw/kilimo/ufugaji-samaki/morocco","",""
"fish-farming-tunisia","Agriculture","/agriculture/fish-farming/tunisia","/fr/agriculture/fish-farming/tunisia","/sw/kilimo/ufugaji-samaki/tunisia","",""
"fish-farming-angola","Agriculture","/agriculture/fish-farming/angola","/fr/agriculture/fish-farming/angola","/sw/kilimo/ufugaji-samaki/angola","",""
"greenhouse-cost-estimator","Agriculture","/agriculture/greenhouse","/fr/agriculture/greenhouse","/sw/zana/gharama-za-greenhouse","",""
"greenhouse-nigeria","Agriculture","/agriculture/greenhouse/nigeria","/fr/agriculture/greenhouse/nigeria","/sw/kilimo/greenhouse/nigeria","",""
"greenhouse-kenya","Agriculture","/agriculture/greenhouse/kenya","/fr/agriculture/greenhouse/kenya","/sw/kilimo/greenhouse/kenya","",""
"greenhouse-south-africa","Agriculture","/agriculture/greenhouse/south-africa","/fr/agriculture/greenhouse/south-africa","/sw/kilimo/greenhouse/south-africa","",""
"greenhouse-ghana","Agriculture","/agriculture/greenhouse/ghana","/fr/agriculture/greenhouse/ghana","/sw/kilimo/greenhouse/ghana","",""
"greenhouse-egypt","Agriculture","/agriculture/greenhouse/egypt","/fr/agriculture/greenhouse/egypt","/sw/kilimo/greenhouse/egypt","",""
"greenhouse-ethiopia","Agriculture","/agriculture/greenhouse/ethiopia","/fr/agriculture/greenhouse/ethiopia","/sw/kilimo/greenhouse/ethiopia","",""
"greenhouse-tanzania","Agriculture","/agriculture/greenhouse/tanzania","/fr/agriculture/greenhouse/tanzania","/sw/kilimo/greenhouse/tanzania","",""
"greenhouse-uganda","Agriculture","/agriculture/greenhouse/uganda","/fr/agriculture/greenhouse/uganda","/sw/kilimo/greenhouse/uganda","",""
"greenhouse-rwanda","Agriculture","/agriculture/greenhouse/rwanda","/fr/agriculture/greenhouse/rwanda","/sw/kilimo/greenhouse/rwanda","",""
"greenhouse-cote-d-ivoire","Agriculture","/agriculture/greenhouse/cote-d-ivoire","/fr/agriculture/greenhouse/cote-d-ivoire","/sw/kilimo/greenhouse/cote-divoire","",""
"greenhouse-cameroon","Agriculture","/agriculture/greenhouse/cameroon","/fr/agriculture/greenhouse/cameroon","/sw/kilimo/greenhouse/cameroon","",""
"greenhouse-senegal","Agriculture","/agriculture/greenhouse/senegal","/fr/agriculture/greenhouse/senegal","/sw/kilimo/greenhouse/senegal","",""
"greenhouse-morocco","Agriculture","/agriculture/greenhouse/morocco","/fr/agriculture/greenhouse/morocco","/sw/kilimo/greenhouse/morocco","",""
"greenhouse-tunisia","Agriculture","/agriculture/greenhouse/tunisia","/fr/agriculture/greenhouse/tunisia","/sw/kilimo/greenhouse/tunisia","",""
"greenhouse-angola","Agriculture","/agriculture/greenhouse/angola","/fr/agriculture/greenhouse/angola","/sw/kilimo/greenhouse/angola","",""
"cassava-processing-calculator","Agriculture","/agriculture/cassava-processing","/fr/agriculture/cassava-processing","/sw/zana/faida-ya-usindikaji-mihogo","",""
"cassava-processing-nigeria","Agriculture","/agriculture/cassava-processing/nigeria","/fr/agriculture/cassava-processing/nigeria","/sw/kilimo/usindikaji-mihogo/nigeria","/ha/kayan-aiki/sarrafa-rogo/","localized-shell"
"cassava-processing-ghana","Agriculture","/agriculture/cassava-processing/ghana","/fr/agriculture/cassava-processing/ghana","/sw/kilimo/usindikaji-mihogo/ghana","",""
"cassava-processing-tanzania","Agriculture","/agriculture/cassava-processing/tanzania","/fr/agriculture/cassava-processing/tanzania","/sw/kilimo/usindikaji-mihogo/tanzania","",""
"cassava-processing-mozambique","Agriculture","/agriculture/cassava-processing/mozambique","/fr/agriculture/cassava-processing/mozambique","/sw/kilimo/usindikaji-mihogo/mozambique","",""
"cassava-processing-dr-congo","Agriculture","/agriculture/cassava-processing/dr-congo","/fr/agriculture/cassava-processing/dr-congo","/sw/kilimo/usindikaji-mihogo/dr-congo","",""
"cassava-processing-cameroon","Agriculture","/agriculture/cassava-processing/cameroon","/fr/agriculture/cassava-processing/cameroon","/sw/kilimo/usindikaji-mihogo/cameroon","",""
"cassava-processing-cote-d-ivoire","Agriculture","/agriculture/cassava-processing/cote-d-ivoire","/fr/agriculture/cassava-processing/cote-d-ivoire","/sw/kilimo/usindikaji-mihogo/cote-divoire","",""
"cassava-processing-angola","Agriculture","/agriculture/cassava-processing/angola","/fr/agriculture/cassava-processing/angola","/sw/kilimo/usindikaji-mihogo/angola","",""
"cassava-processing-uganda","Agriculture","/agriculture/cassava-processing/uganda","/fr/agriculture/cassava-processing/uganda","/sw/kilimo/usindikaji-mihogo/uganda","",""
"cassava-processing-malawi","Agriculture","/agriculture/cassava-processing/malawi","/fr/agriculture/cassava-processing/malawi","/sw/kilimo/usindikaji-mihogo/malawi","",""
"cassava-processing-sierra-leone","Agriculture","/agriculture/cassava-processing/sierra-leone","/fr/agriculture/cassava-processing/sierra-leone","/sw/kilimo/usindikaji-mihogo/sierra-leone","",""
"cassava-processing-benin","Agriculture","/agriculture/cassava-processing/benin","/fr/agriculture/cassava-processing/benin","/sw/kilimo/usindikaji-mihogo/benin","",""
"cassava-processing-madagascar","Agriculture","/agriculture/cassava-processing/madagascar","/fr/agriculture/cassava-processing/madagascar","/sw/kilimo/usindikaji-mihogo/madagascar","",""
"cassava-processing-guinea","Agriculture","/agriculture/cassava-processing/guinea","/fr/agriculture/cassava-processing/guinea","/sw/kilimo/usindikaji-mihogo/guinea","",""
"cassava-processing-togo","Agriculture","/agriculture/cassava-processing/togo","/fr/agriculture/cassava-processing/togo","/sw/kilimo/usindikaji-mihogo/togo","",""
"storage-loss","Agriculture","/agriculture/storage-loss","/fr/agriculture/storage-loss","/sw/zana/hasara-za-uhifadhi","",""
"crop-yield-algeria","Agriculture","/agriculture/crop-yield/algeria","/fr/agriculture/crop-yield/algeria","/sw/kilimo/mavuno/algeria","",""
"crop-yield-angola","Agriculture","/agriculture/crop-yield/angola","/fr/agriculture/crop-yield/angola","/sw/kilimo/mavuno/angola","",""
"crop-yield-benin","Agriculture","/agriculture/crop-yield/benin","/fr/agriculture/crop-yield/benin","/sw/kilimo/mavuno/benin","",""
"crop-yield-botswana","Agriculture","/agriculture/crop-yield/botswana","/fr/agriculture/crop-yield/botswana","/sw/kilimo/mavuno/botswana","",""
"crop-yield-burkina-faso","Agriculture","/agriculture/crop-yield/burkina-faso","/fr/agriculture/crop-yield/burkina-faso","/sw/kilimo/mavuno/burkina-faso","",""
"crop-yield-burundi","Agriculture","/agriculture/crop-yield/burundi","/fr/agriculture/crop-yield/burundi","/sw/kilimo/mavuno/burundi","",""
"crop-yield-cabo-verde","Agriculture","/agriculture/crop-yield/cabo-verde","/fr/agriculture/crop-yield/cabo-verde","/sw/kilimo/mavuno/cape-verde","",""
"crop-yield-cameroon","Agriculture","/agriculture/crop-yield/cameroon","/fr/agriculture/crop-yield/cameroon","/sw/kilimo/mavuno/cameroon","",""
"crop-yield-central-african-republic","Agriculture","/agriculture/crop-yield/central-african-republic","/fr/agriculture/crop-yield/central-african-republic","/sw/kilimo/mavuno/central-african-republic","",""
"crop-yield-chad","Agriculture","/agriculture/crop-yield/chad","/fr/agriculture/crop-yield/chad","/sw/kilimo/mavuno/chad","",""
"crop-yield-comoros","Agriculture","/agriculture/crop-yield/comoros","/fr/agriculture/crop-yield/comoros","/sw/kilimo/mavuno/comoros","",""
"crop-yield-congo-brazzaville","Agriculture","/agriculture/crop-yield/congo-brazzaville","/fr/agriculture/crop-yield/congo-brazzaville","/sw/kilimo/mavuno/congo","",""
"crop-yield-cote-d-ivoire","Agriculture","/agriculture/crop-yield/cote-d-ivoire","/fr/agriculture/crop-yield/cote-d-ivoire","/sw/kilimo/mavuno/cote-divoire","",""
"crop-yield-djibouti","Agriculture","/agriculture/crop-yield/djibouti","/fr/agriculture/crop-yield/djibouti","/sw/kilimo/mavuno/djibouti","",""
"crop-yield-dr-congo","Agriculture","/agriculture/crop-yield/dr-congo","/fr/agriculture/crop-yield/dr-congo","/sw/kilimo/mavuno/dr-congo","",""
"crop-yield-egypt","Agriculture","/agriculture/crop-yield/egypt","/fr/agriculture/crop-yield/egypt","/sw/kilimo/mavuno/egypt","",""
"crop-yield-equatorial-guinea","Agriculture","/agriculture/crop-yield/equatorial-guinea","/fr/agriculture/crop-yield/equatorial-guinea","/sw/kilimo/mavuno/equatorial-guinea","",""
"crop-yield-eritrea","Agriculture","/agriculture/crop-yield/eritrea","/fr/agriculture/crop-yield/eritrea","/sw/kilimo/mavuno/eritrea","",""
"crop-yield-eswatini","Agriculture","/agriculture/crop-yield/eswatini","/fr/agriculture/crop-yield/eswatini","/sw/kilimo/mavuno/eswatini","",""
"crop-yield-ethiopia","Agriculture","/agriculture/crop-yield/ethiopia","/fr/agriculture/crop-yield/ethiopia","/sw/kilimo/mavuno/ethiopia","",""
"crop-yield-gabon","Agriculture","/agriculture/crop-yield/gabon","/fr/agriculture/crop-yield/gabon","/sw/kilimo/mavuno/gabon","",""
"crop-yield-gambia","Agriculture","/agriculture/crop-yield/gambia","/fr/agriculture/crop-yield/gambia","/sw/kilimo/mavuno/gambia","",""
"crop-yield-ghana","Agriculture","/agriculture/crop-yield/ghana","/fr/agriculture/crop-yield/ghana","/sw/kilimo/mavuno/ghana","",""
"crop-yield-guinea","Agriculture","/agriculture/crop-yield/guinea","/fr/agriculture/crop-yield/guinea","/sw/kilimo/mavuno/guinea","",""
"crop-yield-guinea-bissau","Agriculture","/agriculture/crop-yield/guinea-bissau","/fr/agriculture/crop-yield/guinea-bissau","/sw/kilimo/mavuno/guinea-bissau","",""
"crop-yield-kenya","Agriculture","/agriculture/crop-yield/kenya","/fr/agriculture/crop-yield/kenya","/sw/kilimo/mavuno/kenya","",""
"crop-yield-lesotho","Agriculture","/agriculture/crop-yield/lesotho","/fr/agriculture/crop-yield/lesotho","/sw/kilimo/mavuno/lesotho","",""
"crop-yield-liberia","Agriculture","/agriculture/crop-yield/liberia","/fr/agriculture/crop-yield/liberia","/sw/kilimo/mavuno/liberia","",""
"crop-yield-libya","Agriculture","/agriculture/crop-yield/libya","/fr/agriculture/crop-yield/libya","/sw/kilimo/mavuno/libya","",""
"crop-yield-madagascar","Agriculture","/agriculture/crop-yield/madagascar","/fr/agriculture/crop-yield/madagascar","/sw/kilimo/mavuno/madagascar","",""
"crop-yield-malawi","Agriculture","/agriculture/crop-yield/malawi","/fr/agriculture/crop-yield/malawi","/sw/kilimo/mavuno/malawi","",""
"crop-yield-mali","Agriculture","/agriculture/crop-yield/mali","/fr/agriculture/crop-yield/mali","/sw/kilimo/mavuno/mali","",""
"crop-yield-mauritania","Agriculture","/agriculture/crop-yield/mauritania","/fr/agriculture/crop-yield/mauritania","/sw/kilimo/mavuno/mauritania","",""
"crop-yield-mauritius","Agriculture","/agriculture/crop-yield/mauritius","/fr/agriculture/crop-yield/mauritius","/sw/kilimo/mavuno/mauritius","",""
"crop-yield-morocco","Agriculture","/agriculture/crop-yield/morocco","/fr/agriculture/crop-yield/morocco","/sw/kilimo/mavuno/morocco","",""
"crop-yield-mozambique","Agriculture","/agriculture/crop-yield/mozambique","/fr/agriculture/crop-yield/mozambique","/sw/kilimo/mavuno/mozambique","",""
"crop-yield-namibia","Agriculture","/agriculture/crop-yield/namibia","/fr/agriculture/crop-yield/namibia","/sw/kilimo/mavuno/namibia","",""
"crop-yield-niger","Agriculture","/agriculture/crop-yield/niger","/fr/agriculture/crop-yield/niger","/sw/kilimo/mavuno/niger","",""
"crop-yield-nigeria","Agriculture","/agriculture/crop-yield/nigeria","/fr/agriculture/crop-yield/nigeria","/sw/kilimo/mavuno/nigeria","/ha/noma/amfanin-gona-najeriya/","localized-shell"
"crop-yield-rwanda","Agriculture","/agriculture/crop-yield/rwanda","/fr/agriculture/crop-yield/rwanda","/sw/kilimo/mavuno/rwanda","",""
"crop-yield-sao-tome-and-principe","Agriculture","/agriculture/crop-yield/sao-tome-and-principe","/fr/agriculture/crop-yield/sao-tome-and-principe","/sw/kilimo/mavuno/sao-tome","",""
"crop-yield-senegal","Agriculture","/agriculture/crop-yield/senegal","/fr/agriculture/crop-yield/senegal","/sw/kilimo/mavuno/senegal","",""
"crop-yield-seychelles","Agriculture","/agriculture/crop-yield/seychelles","/fr/agriculture/crop-yield/seychelles","/sw/kilimo/mavuno/seychelles","",""
"crop-yield-sierra-leone","Agriculture","/agriculture/crop-yield/sierra-leone","/fr/agriculture/crop-yield/sierra-leone","/sw/kilimo/mavuno/sierra-leone","",""
"crop-yield-somalia","Agriculture","/agriculture/crop-yield/somalia","/fr/agriculture/crop-yield/somalia","/sw/kilimo/mavuno/somalia","",""
"crop-yield-south-africa","Agriculture","/agriculture/crop-yield/south-africa","/fr/agriculture/crop-yield/south-africa","/sw/kilimo/mavuno/south-africa","",""
"crop-yield-south-sudan","Agriculture","/agriculture/crop-yield/south-sudan","/fr/agriculture/crop-yield/south-sudan","/sw/kilimo/mavuno/south-sudan","",""
"crop-yield-sudan","Agriculture","/agriculture/crop-yield/sudan","/fr/agriculture/crop-yield/sudan","/sw/kilimo/mavuno/sudan","",""
"crop-yield-tanzania","Agriculture","/agriculture/crop-yield/tanzania","/fr/agriculture/crop-yield/tanzania","/sw/kilimo/mavuno/tanzania","",""
"crop-yield-togo","Agriculture","/agriculture/crop-yield/togo","/fr/agriculture/crop-yield/togo","/sw/kilimo/mavuno/togo","",""
"crop-yield-tunisia","Agriculture","/agriculture/crop-yield/tunisia","/fr/agriculture/crop-yield/tunisia","/sw/kilimo/mavuno/tunisia","",""
"crop-yield-uganda","Agriculture","/agriculture/crop-yield/uganda","/fr/agriculture/crop-yield/uganda","/sw/kilimo/mavuno/uganda","",""
"crop-yield-zambia","Agriculture","/agriculture/crop-yield/zambia","/fr/agriculture/crop-yield/zambia","/sw/kilimo/mavuno/zambia","",""
"crop-yield-zimbabwe","Agriculture","/agriculture/crop-yield/zimbabwe","/fr/agriculture/crop-yield/zimbabwe","/sw/kilimo/mavuno/zimbabwe","",""
"fertilizer-algeria","Agriculture","/agriculture/fertilizer/algeria","/fr/agriculture/fertilizer/algeria","/sw/kilimo/mbolea/algeria","",""
"fertilizer-angola","Agriculture","/agriculture/fertilizer/angola","/fr/agriculture/fertilizer/angola","/sw/kilimo/mbolea/angola","",""
"fertilizer-benin","Agriculture","/agriculture/fertilizer/benin","/fr/agriculture/fertilizer/benin","/sw/kilimo/mbolea/benin","",""
"fertilizer-botswana","Agriculture","/agriculture/fertilizer/botswana","/fr/agriculture/fertilizer/botswana","/sw/kilimo/mbolea/botswana","",""
"fertilizer-burkina-faso","Agriculture","/agriculture/fertilizer/burkina-faso","/fr/agriculture/fertilizer/burkina-faso","/sw/kilimo/mbolea/burkina-faso","",""
"fertilizer-burundi","Agriculture","/agriculture/fertilizer/burundi","/fr/agriculture/fertilizer/burundi","/sw/kilimo/mbolea/burundi","",""
"fertilizer-cabo-verde","Agriculture","/agriculture/fertilizer/cabo-verde","/fr/agriculture/fertilizer/cabo-verde","/sw/kilimo/mbolea/cape-verde","",""
"fertilizer-cameroon","Agriculture","/agriculture/fertilizer/cameroon","/fr/agriculture/fertilizer/cameroon","/sw/kilimo/mbolea/cameroon","",""
"fertilizer-central-african-republic","Agriculture","/agriculture/fertilizer/central-african-republic","/fr/agriculture/fertilizer/central-african-republic","/sw/kilimo/mbolea/central-african-republic","",""
"fertilizer-chad","Agriculture","/agriculture/fertilizer/chad","/fr/agriculture/fertilizer/chad","/sw/kilimo/mbolea/chad","",""
"fertilizer-comoros","Agriculture","/agriculture/fertilizer/comoros","/fr/agriculture/fertilizer/comoros","/sw/kilimo/mbolea/comoros","",""
"fertilizer-congo-brazzaville","Agriculture","/agriculture/fertilizer/congo-brazzaville","/fr/agriculture/fertilizer/congo-brazzaville","/sw/kilimo/mbolea/congo","",""
"fertilizer-cote-d-ivoire","Agriculture","/agriculture/fertilizer/cote-d-ivoire","/fr/agriculture/fertilizer/cote-d-ivoire","/sw/kilimo/mbolea/cote-divoire","",""
"fertilizer-djibouti","Agriculture","/agriculture/fertilizer/djibouti","/fr/agriculture/fertilizer/djibouti","/sw/kilimo/mbolea/djibouti","",""
"fertilizer-dr-congo","Agriculture","/agriculture/fertilizer/dr-congo","/fr/agriculture/fertilizer/dr-congo","/sw/kilimo/mbolea/dr-congo","",""
"fertilizer-egypt","Agriculture","/agriculture/fertilizer/egypt","/fr/agriculture/fertilizer/egypt","/sw/kilimo/mbolea/egypt","",""
"fertilizer-equatorial-guinea","Agriculture","/agriculture/fertilizer/equatorial-guinea","/fr/agriculture/fertilizer/equatorial-guinea","/sw/kilimo/mbolea/equatorial-guinea","",""
"fertilizer-eritrea","Agriculture","/agriculture/fertilizer/eritrea","/fr/agriculture/fertilizer/eritrea","/sw/kilimo/mbolea/eritrea","",""
"fertilizer-eswatini","Agriculture","/agriculture/fertilizer/eswatini","/fr/agriculture/fertilizer/eswatini","/sw/kilimo/mbolea/eswatini","",""
"fertilizer-ethiopia","Agriculture","/agriculture/fertilizer/ethiopia","/fr/agriculture/fertilizer/ethiopia","/sw/kilimo/mbolea/ethiopia","",""
"fertilizer-gabon","Agriculture","/agriculture/fertilizer/gabon","/fr/agriculture/fertilizer/gabon","/sw/kilimo/mbolea/gabon","",""
"fertilizer-gambia","Agriculture","/agriculture/fertilizer/gambia","/fr/agriculture/fertilizer/gambia","/sw/kilimo/mbolea/gambia","",""
"fertilizer-ghana","Agriculture","/agriculture/fertilizer/ghana","/fr/agriculture/fertilizer/ghana","/sw/kilimo/mbolea/ghana","",""
"fertilizer-guinea","Agriculture","/agriculture/fertilizer/guinea","/fr/agriculture/fertilizer/guinea","/sw/kilimo/mbolea/guinea","",""
"fertilizer-guinea-bissau","Agriculture","/agriculture/fertilizer/guinea-bissau","/fr/agriculture/fertilizer/guinea-bissau","/sw/kilimo/mbolea/guinea-bissau","",""
"fertilizer-kenya","Agriculture","/agriculture/fertilizer/kenya","/fr/agriculture/fertilizer/kenya","/sw/kilimo/mbolea/kenya","",""
"fertilizer-lesotho","Agriculture","/agriculture/fertilizer/lesotho","/fr/agriculture/fertilizer/lesotho","/sw/kilimo/mbolea/lesotho","",""
"fertilizer-liberia","Agriculture","/agriculture/fertilizer/liberia","/fr/agriculture/fertilizer/liberia","/sw/kilimo/mbolea/liberia","",""
"fertilizer-libya","Agriculture","/agriculture/fertilizer/libya","/fr/agriculture/fertilizer/libya","/sw/kilimo/mbolea/libya","",""
"fertilizer-madagascar","Agriculture","/agriculture/fertilizer/madagascar","/fr/agriculture/fertilizer/madagascar","/sw/kilimo/mbolea/madagascar","",""
"fertilizer-malawi","Agriculture","/agriculture/fertilizer/malawi","/fr/agriculture/fertilizer/malawi","/sw/kilimo/mbolea/malawi","",""
"fertilizer-mali","Agriculture","/agriculture/fertilizer/mali","/fr/agriculture/fertilizer/mali","/sw/kilimo/mbolea/mali","",""
"fertilizer-mauritania","Agriculture","/agriculture/fertilizer/mauritania","/fr/agriculture/fertilizer/mauritania","/sw/kilimo/mbolea/mauritania","",""
"fertilizer-mauritius","Agriculture","/agriculture/fertilizer/mauritius","/fr/agriculture/fertilizer/mauritius","/sw/kilimo/mbolea/mauritius","",""
"fertilizer-morocco","Agriculture","/agriculture/fertilizer/morocco","/fr/agriculture/fertilizer/morocco","/sw/kilimo/mbolea/morocco","",""
"fertilizer-mozambique","Agriculture","/agriculture/fertilizer/mozambique","/fr/agriculture/fertilizer/mozambique","/sw/kilimo/mbolea/mozambique","",""
"fertilizer-namibia","Agriculture","/agriculture/fertilizer/namibia","/fr/agriculture/fertilizer/namibia","/sw/kilimo/mbolea/namibia","",""
"fertilizer-niger","Agriculture","/agriculture/fertilizer/niger","/fr/agriculture/fertilizer/niger","/sw/kilimo/mbolea/niger","",""
"fertilizer-nigeria","Agriculture","/agriculture/fertilizer/nigeria","/fr/agriculture/fertilizer/nigeria","/sw/kilimo/mbolea/nigeria","/ha/noma/taki-najeriya/","localized-shell"
"fertilizer-rwanda","Agriculture","/agriculture/fertilizer/rwanda","/fr/agriculture/fertilizer/rwanda","/sw/kilimo/mbolea/rwanda","",""
"fertilizer-sao-tome-and-principe","Agriculture","/agriculture/fertilizer/sao-tome-and-principe","/fr/agriculture/fertilizer/sao-tome-and-principe","/sw/kilimo/mbolea/sao-tome","",""
"fertilizer-senegal","Agriculture","/agriculture/fertilizer/senegal","/fr/agriculture/fertilizer/senegal","/sw/kilimo/mbolea/senegal","",""
"fertilizer-seychelles","Agriculture","/agriculture/fertilizer/seychelles","/fr/agriculture/fertilizer/seychelles","/sw/kilimo/mbolea/seychelles","",""
"fertilizer-sierra-leone","Agriculture","/agriculture/fertilizer/sierra-leone","/fr/agriculture/fertilizer/sierra-leone","/sw/kilimo/mbolea/sierra-leone","",""
"fertilizer-somalia","Agriculture","/agriculture/fertilizer/somalia","/fr/agriculture/fertilizer/somalia","/sw/kilimo/mbolea/somalia","",""
"fertilizer-south-africa","Agriculture","/agriculture/fertilizer/south-africa","/fr/agriculture/fertilizer/south-africa","/sw/kilimo/mbolea/south-africa","",""
"fertilizer-south-sudan","Agriculture","/agriculture/fertilizer/south-sudan","/fr/agriculture/fertilizer/south-sudan","/sw/kilimo/mbolea/south-sudan","",""
"fertilizer-sudan","Agriculture","/agriculture/fertilizer/sudan","/fr/agriculture/fertilizer/sudan","/sw/kilimo/mbolea/sudan","",""
"fertilizer-tanzania","Agriculture","/agriculture/fertilizer/tanzania","/fr/agriculture/fertilizer/tanzania","/sw/kilimo/mbolea/tanzania","",""
"fertilizer-togo","Agriculture","/agriculture/fertilizer/togo","/fr/agriculture/fertilizer/togo","/sw/kilimo/mbolea/togo","",""
"fertilizer-tunisia","Agriculture","/agriculture/fertilizer/tunisia","/fr/agriculture/fertilizer/tunisia","/sw/kilimo/mbolea/tunisia","",""
"fertilizer-uganda","Agriculture","/agriculture/fertilizer/uganda","/fr/agriculture/fertilizer/uganda","/sw/kilimo/mbolea/uganda","",""
"fertilizer-zambia","Agriculture","/agriculture/fertilizer/zambia","/fr/agriculture/fertilizer/zambia","/sw/kilimo/mbolea/zambia","",""
"fertilizer-zimbabwe","Agriculture","/agriculture/fertilizer/zimbabwe","/fr/agriculture/fertilizer/zimbabwe","/sw/kilimo/mbolea/zimbabwe","",""
"irrigation-algeria","Agriculture","/agriculture/irrigation/algeria","/fr/agriculture/irrigation/algeria","/sw/kilimo/umwagiliaji/algeria","",""
"irrigation-angola","Agriculture","/agriculture/irrigation/angola","/fr/agriculture/irrigation/angola","/sw/kilimo/umwagiliaji/angola","",""
"irrigation-benin","Agriculture","/agriculture/irrigation/benin","/fr/agriculture/irrigation/benin","/sw/kilimo/umwagiliaji/benin","",""
"irrigation-botswana","Agriculture","/agriculture/irrigation/botswana","/fr/agriculture/irrigation/botswana","/sw/kilimo/umwagiliaji/botswana","",""
"irrigation-burkina-faso","Agriculture","/agriculture/irrigation/burkina-faso","/fr/agriculture/irrigation/burkina-faso","/sw/kilimo/umwagiliaji/burkina-faso","",""
"irrigation-burundi","Agriculture","/agriculture/irrigation/burundi","/fr/agriculture/irrigation/burundi","/sw/kilimo/umwagiliaji/burundi","",""
"irrigation-cabo-verde","Agriculture","/agriculture/irrigation/cabo-verde","/fr/agriculture/irrigation/cabo-verde","/sw/kilimo/umwagiliaji/cape-verde","",""
"irrigation-cameroon","Agriculture","/agriculture/irrigation/cameroon","/fr/agriculture/irrigation/cameroon","/sw/kilimo/umwagiliaji/cameroon","",""
"irrigation-central-african-republic","Agriculture","/agriculture/irrigation/central-african-republic","/fr/agriculture/irrigation/central-african-republic","/sw/kilimo/umwagiliaji/central-african-republic","",""
"irrigation-chad","Agriculture","/agriculture/irrigation/chad","/fr/agriculture/irrigation/chad","/sw/kilimo/umwagiliaji/chad","",""
"irrigation-comoros","Agriculture","/agriculture/irrigation/comoros","/fr/agriculture/irrigation/comoros","/sw/kilimo/umwagiliaji/comoros","",""
"irrigation-congo-brazzaville","Agriculture","/agriculture/irrigation/congo-brazzaville","/fr/agriculture/irrigation/congo-brazzaville","/sw/kilimo/umwagiliaji/congo","",""
"irrigation-cote-d-ivoire","Agriculture","/agriculture/irrigation/cote-d-ivoire","/fr/agriculture/irrigation/cote-d-ivoire","/sw/kilimo/umwagiliaji/cote-divoire","",""
"irrigation-djibouti","Agriculture","/agriculture/irrigation/djibouti","/fr/agriculture/irrigation/djibouti","/sw/kilimo/umwagiliaji/djibouti","",""
"irrigation-dr-congo","Agriculture","/agriculture/irrigation/dr-congo","/fr/agriculture/irrigation/dr-congo","/sw/kilimo/umwagiliaji/dr-congo","",""
"irrigation-egypt","Agriculture","/agriculture/irrigation/egypt","/fr/agriculture/irrigation/egypt","/sw/kilimo/umwagiliaji/egypt","",""
"irrigation-equatorial-guinea","Agriculture","/agriculture/irrigation/equatorial-guinea","/fr/agriculture/irrigation/equatorial-guinea","/sw/kilimo/umwagiliaji/equatorial-guinea","",""
"irrigation-eritrea","Agriculture","/agriculture/irrigation/eritrea","/fr/agriculture/irrigation/eritrea","/sw/kilimo/umwagiliaji/eritrea","",""
"irrigation-eswatini","Agriculture","/agriculture/irrigation/eswatini","/fr/agriculture/irrigation/eswatini","/sw/kilimo/umwagiliaji/eswatini","",""
"irrigation-ethiopia","Agriculture","/agriculture/irrigation/ethiopia","/fr/agriculture/irrigation/ethiopia","/sw/kilimo/umwagiliaji/ethiopia","",""
"irrigation-gabon","Agriculture","/agriculture/irrigation/gabon","/fr/agriculture/irrigation/gabon","/sw/kilimo/umwagiliaji/gabon","",""
"irrigation-gambia","Agriculture","/agriculture/irrigation/gambia","/fr/agriculture/irrigation/gambia","/sw/kilimo/umwagiliaji/gambia","",""
"irrigation-ghana","Agriculture","/agriculture/irrigation/ghana","/fr/agriculture/irrigation/ghana","/sw/kilimo/umwagiliaji/ghana","",""
"irrigation-guinea","Agriculture","/agriculture/irrigation/guinea","/fr/agriculture/irrigation/guinea","/sw/kilimo/umwagiliaji/guinea","",""
"irrigation-guinea-bissau","Agriculture","/agriculture/irrigation/guinea-bissau","/fr/agriculture/irrigation/guinea-bissau","/sw/kilimo/umwagiliaji/guinea-bissau","",""
"irrigation-kenya","Agriculture","/agriculture/irrigation/kenya","/fr/agriculture/irrigation/kenya","/sw/kilimo/umwagiliaji/kenya","",""
"irrigation-lesotho","Agriculture","/agriculture/irrigation/lesotho","/fr/agriculture/irrigation/lesotho","/sw/kilimo/umwagiliaji/lesotho","",""
"irrigation-liberia","Agriculture","/agriculture/irrigation/liberia","/fr/agriculture/irrigation/liberia","/sw/kilimo/umwagiliaji/liberia","",""
"irrigation-libya","Agriculture","/agriculture/irrigation/libya","/fr/agriculture/irrigation/libya","/sw/kilimo/umwagiliaji/libya","",""
"irrigation-madagascar","Agriculture","/agriculture/irrigation/madagascar","/fr/agriculture/irrigation/madagascar","/sw/kilimo/umwagiliaji/madagascar","",""
"irrigation-malawi","Agriculture","/agriculture/irrigation/malawi","/fr/agriculture/irrigation/malawi","/sw/kilimo/umwagiliaji/malawi","",""
"irrigation-mali","Agriculture","/agriculture/irrigation/mali","/fr/agriculture/irrigation/mali","/sw/kilimo/umwagiliaji/mali","",""
"irrigation-mauritania","Agriculture","/agriculture/irrigation/mauritania","/fr/agriculture/irrigation/mauritania","/sw/kilimo/umwagiliaji/mauritania","",""
"irrigation-mauritius","Agriculture","/agriculture/irrigation/mauritius","/fr/agriculture/irrigation/mauritius","/sw/kilimo/umwagiliaji/mauritius","",""
"irrigation-morocco","Agriculture","/agriculture/irrigation/morocco","/fr/agriculture/irrigation/morocco","/sw/kilimo/umwagiliaji/morocco","",""
"irrigation-mozambique","Agriculture","/agriculture/irrigation/mozambique","/fr/agriculture/irrigation/mozambique","/sw/kilimo/umwagiliaji/mozambique","",""
"irrigation-namibia","Agriculture","/agriculture/irrigation/namibia","/fr/agriculture/irrigation/namibia","/sw/kilimo/umwagiliaji/namibia","",""
"irrigation-niger","Agriculture","/agriculture/irrigation/niger","/fr/agriculture/irrigation/niger","/sw/kilimo/umwagiliaji/niger","",""
"irrigation-nigeria","Agriculture","/agriculture/irrigation/nigeria","/fr/agriculture/irrigation/nigeria","/sw/kilimo/umwagiliaji/nigeria","/ha/noma/ban-ruwa-najeriya/","localized-shell"
"irrigation-rwanda","Agriculture","/agriculture/irrigation/rwanda","/fr/agriculture/irrigation/rwanda","/sw/kilimo/umwagiliaji/rwanda","",""
"irrigation-sao-tome-and-principe","Agriculture","/agriculture/irrigation/sao-tome-and-principe","/fr/agriculture/irrigation/sao-tome-and-principe","/sw/kilimo/umwagiliaji/sao-tome","",""
"irrigation-senegal","Agriculture","/agriculture/irrigation/senegal","/fr/agriculture/irrigation/senegal","/sw/kilimo/umwagiliaji/senegal","",""
"irrigation-seychelles","Agriculture","/agriculture/irrigation/seychelles","/fr/agriculture/irrigation/seychelles","/sw/kilimo/umwagiliaji/seychelles","",""
"irrigation-sierra-leone","Agriculture","/agriculture/irrigation/sierra-leone","/fr/agriculture/irrigation/sierra-leone","/sw/kilimo/umwagiliaji/sierra-leone","",""
"irrigation-somalia","Agriculture","/agriculture/irrigation/somalia","/fr/agriculture/irrigation/somalia","/sw/kilimo/umwagiliaji/somalia","",""
"irrigation-south-africa","Agriculture","/agriculture/irrigation/south-africa","/fr/agriculture/irrigation/south-africa","/sw/kilimo/umwagiliaji/south-africa","",""
"irrigation-south-sudan","Agriculture","/agriculture/irrigation/south-sudan","/fr/agriculture/irrigation/south-sudan","/sw/kilimo/umwagiliaji/south-sudan","",""
"irrigation-sudan","Agriculture","/agriculture/irrigation/sudan","/fr/agriculture/irrigation/sudan","/sw/kilimo/umwagiliaji/sudan","",""
"irrigation-tanzania","Agriculture","/agriculture/irrigation/tanzania","/fr/agriculture/irrigation/tanzania","/sw/kilimo/umwagiliaji/tanzania","",""
"irrigation-togo","Agriculture","/agriculture/irrigation/togo","/fr/agriculture/irrigation/togo","/sw/kilimo/umwagiliaji/togo","",""
"irrigation-tunisia","Agriculture","/agriculture/irrigation/tunisia","/fr/agriculture/irrigation/tunisia","/sw/kilimo/umwagiliaji/tunisia","",""
"irrigation-uganda","Agriculture","/agriculture/irrigation/uganda","/fr/agriculture/irrigation/uganda","/sw/kilimo/umwagiliaji/uganda","",""
"irrigation-zambia","Agriculture","/agriculture/irrigation/zambia","/fr/agriculture/irrigation/zambia","/sw/kilimo/umwagiliaji/zambia","",""
"irrigation-zimbabwe","Agriculture","/agriculture/irrigation/zimbabwe","/fr/agriculture/irrigation/zimbabwe","/sw/kilimo/umwagiliaji/zimbabwe","",""
"farm-profit-algeria","Agriculture","/agriculture/farm-profit/algeria","/fr/agriculture/farm-profit/algeria","/sw/kilimo/faida-ya-shamba/algeria","",""
"farm-profit-angola","Agriculture","/agriculture/farm-profit/angola","/fr/agriculture/farm-profit/angola","/sw/kilimo/faida-ya-shamba/angola","",""
"farm-profit-benin","Agriculture","/agriculture/farm-profit/benin","/fr/agriculture/farm-profit/benin","/sw/kilimo/faida-ya-shamba/benin","",""
"farm-profit-botswana","Agriculture","/agriculture/farm-profit/botswana","/fr/agriculture/farm-profit/botswana","/sw/kilimo/faida-ya-shamba/botswana","",""
"farm-profit-burkina-faso","Agriculture","/agriculture/farm-profit/burkina-faso","/fr/agriculture/farm-profit/burkina-faso","/sw/kilimo/faida-ya-shamba/burkina-faso","",""
"farm-profit-burundi","Agriculture","/agriculture/farm-profit/burundi","/fr/agriculture/farm-profit/burundi","/sw/kilimo/faida-ya-shamba/burundi","",""
"farm-profit-cabo-verde","Agriculture","/agriculture/farm-profit/cabo-verde","/fr/agriculture/farm-profit/cabo-verde","/sw/kilimo/faida-ya-shamba/cape-verde","",""
"farm-profit-cameroon","Agriculture","/agriculture/farm-profit/cameroon","/fr/agriculture/farm-profit/cameroon","/sw/kilimo/faida-ya-shamba/cameroon","",""
"farm-profit-central-african-republic","Agriculture","/agriculture/farm-profit/central-african-republic","/fr/agriculture/farm-profit/central-african-republic","/sw/kilimo/faida-ya-shamba/central-african-republic","",""
"farm-profit-chad","Agriculture","/agriculture/farm-profit/chad","/fr/agriculture/farm-profit/chad","/sw/kilimo/faida-ya-shamba/chad","",""
"farm-profit-comoros","Agriculture","/agriculture/farm-profit/comoros","/fr/agriculture/farm-profit/comoros","/sw/kilimo/faida-ya-shamba/comoros","",""
"farm-profit-congo-brazzaville","Agriculture","/agriculture/farm-profit/congo-brazzaville","/fr/agriculture/farm-profit/congo-brazzaville","/sw/kilimo/faida-ya-shamba/congo","",""
"farm-profit-cote-d-ivoire","Agriculture","/agriculture/farm-profit/cote-d-ivoire","/fr/agriculture/farm-profit/cote-d-ivoire","/sw/kilimo/faida-ya-shamba/cote-divoire","",""
"farm-profit-djibouti","Agriculture","/agriculture/farm-profit/djibouti","/fr/agriculture/farm-profit/djibouti","/sw/kilimo/faida-ya-shamba/djibouti","",""
"farm-profit-dr-congo","Agriculture","/agriculture/farm-profit/dr-congo","/fr/agriculture/farm-profit/dr-congo","/sw/kilimo/faida-ya-shamba/dr-congo","",""
"farm-profit-egypt","Agriculture","/agriculture/farm-profit/egypt","/fr/agriculture/farm-profit/egypt","/sw/kilimo/faida-ya-shamba/egypt","",""
"farm-profit-equatorial-guinea","Agriculture","/agriculture/farm-profit/equatorial-guinea","/fr/agriculture/farm-profit/equatorial-guinea","/sw/kilimo/faida-ya-shamba/equatorial-guinea","",""
"farm-profit-eritrea","Agriculture","/agriculture/farm-profit/eritrea","/fr/agriculture/farm-profit/eritrea","/sw/kilimo/faida-ya-shamba/eritrea","",""
"farm-profit-eswatini","Agriculture","/agriculture/farm-profit/eswatini","/fr/agriculture/farm-profit/eswatini","/sw/kilimo/faida-ya-shamba/eswatini","",""
"farm-profit-ethiopia","Agriculture","/agriculture/farm-profit/ethiopia","/fr/agriculture/farm-profit/ethiopia","/sw/kilimo/faida-ya-shamba/ethiopia","",""
"farm-profit-gabon","Agriculture","/agriculture/farm-profit/gabon","/fr/agriculture/farm-profit/gabon","/sw/kilimo/faida-ya-shamba/gabon","",""
"farm-profit-gambia","Agriculture","/agriculture/farm-profit/gambia","/fr/agriculture/farm-profit/gambia","/sw/kilimo/faida-ya-shamba/gambia","",""
"farm-profit-ghana","Agriculture","/agriculture/farm-profit/ghana","/fr/agriculture/farm-profit/ghana","/sw/kilimo/faida-ya-shamba/ghana","",""
"farm-profit-guinea-bissau","Agriculture","/agriculture/farm-profit/guinea-bissau","/fr/agriculture/farm-profit/guinea-bissau","/sw/kilimo/faida-ya-shamba/guinea-bissau","",""
"farm-profit-guinea","Agriculture","/agriculture/farm-profit/guinea","/fr/agriculture/farm-profit/guinea","/sw/kilimo/faida-ya-shamba/guinea","",""
"farm-profit-kenya","Agriculture","/agriculture/farm-profit/kenya","/fr/agriculture/farm-profit/kenya","/sw/kilimo/faida-ya-shamba/kenya","",""
"farm-profit-lesotho","Agriculture","/agriculture/farm-profit/lesotho","/fr/agriculture/farm-profit/lesotho","/sw/kilimo/faida-ya-shamba/lesotho","",""
"farm-profit-liberia","Agriculture","/agriculture/farm-profit/liberia","/fr/agriculture/farm-profit/liberia","/sw/kilimo/faida-ya-shamba/liberia","",""
"farm-profit-libya","Agriculture","/agriculture/farm-profit/libya","/fr/agriculture/farm-profit/libya","/sw/kilimo/faida-ya-shamba/libya","",""
"farm-profit-madagascar","Agriculture","/agriculture/farm-profit/madagascar","/fr/agriculture/farm-profit/madagascar","/sw/kilimo/faida-ya-shamba/madagascar","",""
"farm-profit-malawi","Agriculture","/agriculture/farm-profit/malawi","/fr/agriculture/farm-profit/malawi","/sw/kilimo/faida-ya-shamba/malawi","",""
"farm-profit-mali","Agriculture","/agriculture/farm-profit/mali","/fr/agriculture/farm-profit/mali","/sw/kilimo/faida-ya-shamba/mali","",""
"farm-profit-mauritania","Agriculture","/agriculture/farm-profit/mauritania","/fr/agriculture/farm-profit/mauritania","/sw/kilimo/faida-ya-shamba/mauritania","",""
"farm-profit-mauritius","Agriculture","/agriculture/farm-profit/mauritius","/fr/agriculture/farm-profit/mauritius","/sw/kilimo/faida-ya-shamba/mauritius","",""
"farm-profit-morocco","Agriculture","/agriculture/farm-profit/morocco","/fr/agriculture/farm-profit/morocco","/sw/kilimo/faida-ya-shamba/morocco","",""
"farm-profit-mozambique","Agriculture","/agriculture/farm-profit/mozambique","/fr/agriculture/farm-profit/mozambique","/sw/kilimo/faida-ya-shamba/mozambique","",""
"farm-profit-namibia","Agriculture","/agriculture/farm-profit/namibia","/fr/agriculture/farm-profit/namibia","/sw/kilimo/faida-ya-shamba/namibia","",""
"farm-profit-niger","Agriculture","/agriculture/farm-profit/niger","/fr/agriculture/farm-profit/niger","/sw/kilimo/faida-ya-shamba/niger","",""
"farm-profit-nigeria","Agriculture","/agriculture/farm-profit/nigeria","/fr/agriculture/farm-profit/nigeria","/sw/kilimo/faida-ya-shamba/nigeria","/ha/kayan-aiki/ribar-gona/","localized-shell"
"farm-profit-rwanda","Agriculture","/agriculture/farm-profit/rwanda","/fr/agriculture/farm-profit/rwanda","/sw/kilimo/faida-ya-shamba/rwanda","",""
"farm-profit-sao-tome-and-principe","Agriculture","/agriculture/farm-profit/sao-tome-and-principe","/fr/agriculture/farm-profit/sao-tome-and-principe","/sw/kilimo/faida-ya-shamba/sao-tome","",""
"farm-profit-senegal","Agriculture","/agriculture/farm-profit/senegal","/fr/agriculture/farm-profit/senegal","/sw/kilimo/faida-ya-shamba/senegal","",""
"farm-profit-seychelles","Agriculture","/agriculture/farm-profit/seychelles","/fr/agriculture/farm-profit/seychelles","/sw/kilimo/faida-ya-shamba/seychelles","",""
"farm-profit-sierra-leone","Agriculture","/agriculture/farm-profit/sierra-leone","/fr/agriculture/farm-profit/sierra-leone","/sw/kilimo/faida-ya-shamba/sierra-leone","",""
"farm-profit-somalia","Agriculture","/agriculture/farm-profit/somalia","/fr/agriculture/farm-profit/somalia","/sw/kilimo/faida-ya-shamba/somalia","",""
"farm-profit-south-africa","Agriculture","/agriculture/farm-profit/south-africa","/fr/agriculture/farm-profit/south-africa","/sw/kilimo/faida-ya-shamba/south-africa","",""
"farm-profit-south-sudan","Agriculture","/agriculture/farm-profit/south-sudan","/fr/agriculture/farm-profit/south-sudan","/sw/kilimo/faida-ya-shamba/south-sudan","",""
"farm-profit-sudan","Agriculture","/agriculture/farm-profit/sudan","/fr/agriculture/farm-profit/sudan","/sw/kilimo/faida-ya-shamba/sudan","",""
"farm-profit-tanzania","Agriculture","/agriculture/farm-profit/tanzania","/fr/agriculture/farm-profit/tanzania","/sw/kilimo/faida-ya-shamba/tanzania","",""
"farm-profit-togo","Agriculture","/agriculture/farm-profit/togo","/fr/agriculture/farm-profit/togo","/sw/kilimo/faida-ya-shamba/togo","",""
"farm-profit-tunisia","Agriculture","/agriculture/farm-profit/tunisia","/fr/agriculture/farm-profit/tunisia","/sw/kilimo/faida-ya-shamba/tunisia","",""
"farm-profit-uganda","Agriculture","/agriculture/farm-profit/uganda","/fr/agriculture/farm-profit/uganda","/sw/kilimo/faida-ya-shamba/uganda","",""
"farm-profit-zambia","Agriculture","/agriculture/farm-profit/zambia","/fr/agriculture/farm-profit/zambia","/sw/kilimo/faida-ya-shamba/zambia","",""
"farm-profit-zimbabwe","Agriculture","/agriculture/farm-profit/zimbabwe","/fr/agriculture/farm-profit/zimbabwe","/sw/kilimo/faida-ya-shamba/zimbabwe","",""
"seed-rate-ng","Agriculture","/agriculture/seed-rate/nigeria","/fr/agriculture/seed-rate/nigeria","/sw/kilimo/kiwango-cha-mbegu/nigeria","/ha/noma/yawan-iri-najeriya/","localized-shell"
"seed-rate-gh","Agriculture","/agriculture/seed-rate/ghana","/fr/agriculture/seed-rate/ghana","/sw/kilimo/kiwango-cha-mbegu/ghana","",""
"seed-rate-ci","Agriculture","/agriculture/seed-rate/cote-d-ivoire","/fr/agriculture/seed-rate/cote-d-ivoire","/sw/kilimo/kiwango-cha-mbegu/cote-divoire","",""
"seed-rate-sn","Agriculture","/agriculture/seed-rate/senegal","/fr/agriculture/seed-rate/senegal","/sw/kilimo/kiwango-cha-mbegu/senegal","",""
"seed-rate-ml","Agriculture","/agriculture/seed-rate/mali","/fr/agriculture/seed-rate/mali","/sw/kilimo/kiwango-cha-mbegu/mali","",""
"seed-rate-bf","Agriculture","/agriculture/seed-rate/burkina-faso","/fr/agriculture/seed-rate/burkina-faso","/sw/kilimo/kiwango-cha-mbegu/burkina-faso","",""
"seed-rate-ne","Agriculture","/agriculture/seed-rate/niger","/fr/agriculture/seed-rate/niger","/sw/kilimo/kiwango-cha-mbegu/niger","",""
"seed-rate-gn","Agriculture","/agriculture/seed-rate/guinea","/fr/agriculture/seed-rate/guinea","/sw/kilimo/kiwango-cha-mbegu/guinea","",""
"seed-rate-bj","Agriculture","/agriculture/seed-rate/benin","/fr/agriculture/seed-rate/benin","/sw/kilimo/kiwango-cha-mbegu/benin","",""
"seed-rate-tg","Agriculture","/agriculture/seed-rate/togo","/fr/agriculture/seed-rate/togo","/sw/kilimo/kiwango-cha-mbegu/togo","",""
"seed-rate-sl","Agriculture","/agriculture/seed-rate/sierra-leone","/fr/agriculture/seed-rate/sierra-leone","/sw/kilimo/kiwango-cha-mbegu/sierra-leone","",""
"seed-rate-lr","Agriculture","/agriculture/seed-rate/liberia","/fr/agriculture/seed-rate/liberia","/sw/kilimo/kiwango-cha-mbegu/liberia","",""
"seed-rate-mr","Agriculture","/agriculture/seed-rate/mauritania","/fr/agriculture/seed-rate/mauritania","/sw/kilimo/kiwango-cha-mbegu/mauritania","",""
"seed-rate-gm","Agriculture","/agriculture/seed-rate/gambia","/fr/agriculture/seed-rate/gambia","/sw/kilimo/kiwango-cha-mbegu/gambia","",""
"seed-rate-gw","Agriculture","/agriculture/seed-rate/guinea-bissau","/fr/agriculture/seed-rate/guinea-bissau","/sw/kilimo/kiwango-cha-mbegu/guinea-bissau","",""
"seed-rate-cv","Agriculture","/agriculture/seed-rate/cabo-verde","/fr/agriculture/seed-rate/cabo-verde","/sw/kilimo/kiwango-cha-mbegu/cape-verde","",""
"seed-rate-ke","Agriculture","/agriculture/seed-rate/kenya","/fr/agriculture/seed-rate/kenya","/sw/kilimo/kiwango-cha-mbegu/kenya","",""
"seed-rate-et","Agriculture","/agriculture/seed-rate/ethiopia","/fr/agriculture/seed-rate/ethiopia","/sw/kilimo/kiwango-cha-mbegu/ethiopia","",""
"seed-rate-tz","Agriculture","/agriculture/seed-rate/tanzania","/fr/agriculture/seed-rate/tanzania","/sw/kilimo/kiwango-cha-mbegu/tanzania","",""
"seed-rate-ug","Agriculture","/agriculture/seed-rate/uganda","/fr/agriculture/seed-rate/uganda","/sw/kilimo/kiwango-cha-mbegu/uganda","",""
"seed-rate-rw","Agriculture","/agriculture/seed-rate/rwanda","/fr/agriculture/seed-rate/rwanda","/sw/kilimo/kiwango-cha-mbegu/rwanda","",""
"seed-rate-bi","Agriculture","/agriculture/seed-rate/burundi","/fr/agriculture/seed-rate/burundi","/sw/kilimo/kiwango-cha-mbegu/burundi","",""
"seed-rate-so","Agriculture","/agriculture/seed-rate/somalia","/fr/agriculture/seed-rate/somalia","/sw/kilimo/kiwango-cha-mbegu/somalia","",""
"seed-rate-dj","Agriculture","/agriculture/seed-rate/djibouti","/fr/agriculture/seed-rate/djibouti","/sw/kilimo/kiwango-cha-mbegu/djibouti","",""
"seed-rate-er","Agriculture","/agriculture/seed-rate/eritrea","/fr/agriculture/seed-rate/eritrea","/sw/kilimo/kiwango-cha-mbegu/eritrea","",""
"seed-rate-ss","Agriculture","/agriculture/seed-rate/south-sudan","/fr/agriculture/seed-rate/south-sudan","/sw/kilimo/kiwango-cha-mbegu/south-sudan","",""
"seed-rate-cd","Agriculture","/agriculture/seed-rate/dr-congo","/fr/agriculture/seed-rate/dr-congo","/sw/kilimo/kiwango-cha-mbegu/dr-congo","",""
"seed-rate-cm","Agriculture","/agriculture/seed-rate/cameroon","/fr/agriculture/seed-rate/cameroon","/sw/kilimo/kiwango-cha-mbegu/cameroon","",""
"seed-rate-cg","Agriculture","/agriculture/seed-rate/congo-brazzaville","/fr/agriculture/seed-rate/congo-brazzaville","/sw/kilimo/kiwango-cha-mbegu/congo","",""
"seed-rate-ga","Agriculture","/agriculture/seed-rate/gabon","/fr/agriculture/seed-rate/gabon","/sw/kilimo/kiwango-cha-mbegu/gabon","",""
"seed-rate-gq","Agriculture","/agriculture/seed-rate/equatorial-guinea","/fr/agriculture/seed-rate/equatorial-guinea","/sw/kilimo/kiwango-cha-mbegu/equatorial-guinea","",""
"seed-rate-cf","Agriculture","/agriculture/seed-rate/central-african-republic","/fr/agriculture/seed-rate/central-african-republic","/sw/kilimo/kiwango-cha-mbegu/central-african-republic","",""
"seed-rate-td","Agriculture","/agriculture/seed-rate/chad","/fr/agriculture/seed-rate/chad","/sw/kilimo/kiwango-cha-mbegu/chad","",""
"seed-rate-st","Agriculture","/agriculture/seed-rate/sao-tome-and-principe","/fr/agriculture/seed-rate/sao-tome-and-principe","/sw/kilimo/kiwango-cha-mbegu/sao-tome","",""
"seed-rate-za","Agriculture","/agriculture/seed-rate/south-africa","/fr/agriculture/seed-rate/south-africa","/sw/kilimo/kiwango-cha-mbegu/south-africa","",""
"seed-rate-mz","Agriculture","/agriculture/seed-rate/mozambique","/fr/agriculture/seed-rate/mozambique","/sw/kilimo/kiwango-cha-mbegu/mozambique","",""
"seed-rate-zm","Agriculture","/agriculture/seed-rate/zambia","/fr/agriculture/seed-rate/zambia","/sw/kilimo/kiwango-cha-mbegu/zambia","",""
"seed-rate-zw","Agriculture","/agriculture/seed-rate/zimbabwe","/fr/agriculture/seed-rate/zimbabwe","/sw/kilimo/kiwango-cha-mbegu/zimbabwe","",""
"seed-rate-mw","Agriculture","/agriculture/seed-rate/malawi","/fr/agriculture/seed-rate/malawi","/sw/kilimo/kiwango-cha-mbegu/malawi","",""
"seed-rate-ao","Agriculture","/agriculture/seed-rate/angola","/fr/agriculture/seed-rate/angola","/sw/kilimo/kiwango-cha-mbegu/angola","",""
"seed-rate-na","Agriculture","/agriculture/seed-rate/namibia","/fr/agriculture/seed-rate/namibia","/sw/kilimo/kiwango-cha-mbegu/namibia","",""
"seed-rate-bw","Agriculture","/agriculture/seed-rate/botswana","/fr/agriculture/seed-rate/botswana","/sw/kilimo/kiwango-cha-mbegu/botswana","",""
"seed-rate-ls","Agriculture","/agriculture/seed-rate/lesotho","/fr/agriculture/seed-rate/lesotho","/sw/kilimo/kiwango-cha-mbegu/lesotho","",""
"seed-rate-sz","Agriculture","/agriculture/seed-rate/eswatini","/fr/agriculture/seed-rate/eswatini","/sw/kilimo/kiwango-cha-mbegu/eswatini","",""
"seed-rate-eg","Agriculture","/agriculture/seed-rate/egypt","/fr/agriculture/seed-rate/egypt","/sw/kilimo/kiwango-cha-mbegu/egypt","",""
"seed-rate-ma","Agriculture","/agriculture/seed-rate/morocco","/fr/agriculture/seed-rate/morocco","/sw/kilimo/kiwango-cha-mbegu/morocco","",""
"seed-rate-dz","Agriculture","/agriculture/seed-rate/algeria","/fr/agriculture/seed-rate/algeria","/sw/kilimo/kiwango-cha-mbegu/algeria","",""
"seed-rate-tn","Agriculture","/agriculture/seed-rate/tunisia","/fr/agriculture/seed-rate/tunisia","/sw/kilimo/kiwango-cha-mbegu/tunisia","",""
"seed-rate-ly","Agriculture","/agriculture/seed-rate/libya","/fr/agriculture/seed-rate/libya","/sw/kilimo/kiwango-cha-mbegu/libya","",""
"seed-rate-sd","Agriculture","/agriculture/seed-rate/sudan","/fr/agriculture/seed-rate/sudan","/sw/kilimo/kiwango-cha-mbegu/sudan","",""
"seed-rate-mg","Agriculture","/agriculture/seed-rate/madagascar","/fr/agriculture/seed-rate/madagascar","/sw/kilimo/kiwango-cha-mbegu/madagascar","",""
"seed-rate-mu","Agriculture","/agriculture/seed-rate/mauritius","/fr/agriculture/seed-rate/mauritius","/sw/kilimo/kiwango-cha-mbegu/mauritius","",""
"seed-rate-sc","Agriculture","/agriculture/seed-rate/seychelles","/fr/agriculture/seed-rate/seychelles","/sw/kilimo/kiwango-cha-mbegu/seychelles","",""
"seed-rate-km","Agriculture","/agriculture/seed-rate/comoros","/fr/agriculture/seed-rate/comoros","/sw/kilimo/kiwango-cha-mbegu/comoros","",""
"crop-rotation-planner","Agriculture","/agriculture/crop-rotation","/fr/agriculture/crop-rotation","/sw/zana/mpangilio-wa-mzunguko-wa-mazao","",""
"vaccination-schedule","Agriculture","/agriculture/vaccination-schedule","/fr/agriculture/vaccination-schedule","/sw/zana/ratiba-ya-chanjo-za-mifugo","",""
"livestock-feed-calculator","Agriculture","/agriculture/livestock-feed","/fr/agriculture/livestock-feed","/sw/zana/kikokotoo-chakula-cha-mifugo","",""
"livestock-feed-nigeria","Agriculture","/agriculture/livestock-feed/nigeria","/fr/agriculture/livestock-feed/nigeria","/sw/kilimo/chakula-cha-mifugo/nigeria","/ha/kayan-aiki/abincin-dabbobi/","localized-shell"
"livestock-feed-kenya","Agriculture","/agriculture/livestock-feed/kenya","/fr/agriculture/livestock-feed/kenya","/sw/kilimo/chakula-cha-mifugo/kenya","",""
"livestock-feed-south-africa","Agriculture","/agriculture/livestock-feed/south-africa","/fr/agriculture/livestock-feed/south-africa","/sw/kilimo/chakula-cha-mifugo/south-africa","",""
"livestock-feed-ghana","Agriculture","/agriculture/livestock-feed/ghana","/fr/agriculture/livestock-feed/ghana","/sw/kilimo/chakula-cha-mifugo/ghana","",""
"livestock-feed-egypt","Agriculture","/agriculture/livestock-feed/egypt","/fr/agriculture/livestock-feed/egypt","/sw/kilimo/chakula-cha-mifugo/egypt","",""
"livestock-feed-ethiopia","Agriculture","/agriculture/livestock-feed/ethiopia","/fr/agriculture/livestock-feed/ethiopia","/sw/kilimo/chakula-cha-mifugo/ethiopia","",""
"livestock-feed-tanzania","Agriculture","/agriculture/livestock-feed/tanzania","/fr/agriculture/livestock-feed/tanzania","/sw/kilimo/chakula-cha-mifugo/tanzania","",""
"livestock-feed-uganda","Agriculture","/agriculture/livestock-feed/uganda","/fr/agriculture/livestock-feed/uganda","/sw/kilimo/chakula-cha-mifugo/uganda","",""
"livestock-feed-rwanda","Agriculture","/agriculture/livestock-feed/rwanda","/fr/agriculture/livestock-feed/rwanda","/sw/kilimo/chakula-cha-mifugo/rwanda","",""
"livestock-feed-cote-d-ivoire","Agriculture","/agriculture/livestock-feed/cote-d-ivoire","/fr/agriculture/livestock-feed/cote-d-ivoire","/sw/kilimo/chakula-cha-mifugo/cote-divoire","",""
"livestock-feed-cameroon","Agriculture","/agriculture/livestock-feed/cameroon","/fr/agriculture/livestock-feed/cameroon","/sw/kilimo/chakula-cha-mifugo/cameroon","",""
"livestock-feed-senegal","Agriculture","/agriculture/livestock-feed/senegal","/fr/agriculture/livestock-feed/senegal","/sw/kilimo/chakula-cha-mifugo/senegal","",""
"livestock-feed-morocco","Agriculture","/agriculture/livestock-feed/morocco","/fr/agriculture/livestock-feed/morocco","/sw/kilimo/chakula-cha-mifugo/morocco","",""
"livestock-feed-tunisia","Agriculture","/agriculture/livestock-feed/tunisia","/fr/agriculture/livestock-feed/tunisia","/sw/kilimo/chakula-cha-mifugo/tunisia","",""
"livestock-feed-angola","Agriculture","/agriculture/livestock-feed/angola","/fr/agriculture/livestock-feed/angola","/sw/kilimo/chakula-cha-mifugo/angola","",""
"commodity-prices","Agriculture","/agriculture/commodity-prices","/fr/agriculture/commodity-prices","/sw/zana/bei-za-mazao","/ha/kayan-aiki/farashin-kayayyakin-gona/","localized-shell"
"cooperative-calculator","Agriculture","/agriculture/cooperative-calculator","/fr/agriculture/cooperative-calculator","/sw/zana/kikokotoo-cha-ushirika","",""
"warehouse-receipt","Agriculture","/agriculture/warehouse-receipt","/fr/agriculture/warehouse-receipt","/sw/zana/stakabadhi-ghalani","",""
"malaria-risk","Health & Wellness","/tools/malaria-risk","/fr/tools/risque-paludisme","/sw/zana/hatari-ya-malaria","",""
"ovulation-calc","Health & Wellness","/tools/ovulation-calc","/fr/tools/calculateur-ovulation","/sw/zana/kikokotoo-ovulation","",""
"drug-dosage","Health & Wellness","/tools/drug-dosage","/fr/tools/dosage-medicament","/sw/zana/kikokotoo-dozi-ya-dawa","",""
"water-quality","Health & Wellness","/tools/water-quality","/fr/tools/qualite-eau","/sw/zana/usalama-wa-maji","",""
"profit-margin","VAT & Business Tax","/tools/profit-margin","/fr/tools/marge-beneficiaire","/sw/zana/kikokotoo-margin-ya-faida","/ha/kayan-aiki/tazarar-riba/","localized-shell"
"markup-calc","VAT & Business Tax","/tools/markup-calc","/fr/tools/calculateur-marge","/sw/zana/kikokotoo-markup","/ha/kayan-aiki/karin-farashi/","localized-shell"
"break-even","VAT & Business Tax","/tools/break-even","/fr/tools/seuil-rentabilite","/sw/zana/kikokotoo-break-even","/ha/kayan-aiki/dawo-da-jari/","localized-shell"
"inventory","VAT & Business Tax","/tools/inventory","/fr/tools/gestion-stocks","/sw/zana/kifuatiliaji-inventory","",""
"shipping-calc","VAT & Business Tax","/tools/shipping-calc","/fr/tools/calculateur-expedition","/sw/zana/gharama-usafirishaji","",""
"discount-calc","VAT & Business Tax","/tools/discount-calc","/fr/tools/calculateur-remise","/sw/zana/kikokotoo-discount","",""
"business-name-gen","VAT & Business Tax","/tools/business-name-gen","/fr/tools/generateur-nom-entreprise","/sw/zana/kitengeneza-jina-la-biashara","",""
"cac-cost","Mortgage & Property","/tools/cac-cost","/fr/tools/cout-cac","/sw/zana/gharama-za-cac-nigeria","",""
"cipc-cost","Mortgage & Property","/tools/cipc-cost","/fr/tools/cout-cipc","/sw/zana/gharama-za-cipc-afrika-kusini","",""
"staff-cost","Finance, Tax & Market Data","/tools/staff-cost","/fr/tools/cout-employe","/sw/zana/bajeti-ya-gharama-za-wafanyakazi","/ha/kayan-aiki/kudin-maikaci/","localized-shell"
"swahili-translator","Language & Translation","/tools/swahili-translator","/fr/tools/traducteur-swahili","/sw/zana/mtafsiri-wa-kiswahili","",""
"yoruba-translator","Language & Translation","/tools/yoruba-translator","/fr/tools/traducteur-yoruba","/sw/zana/mtafsiri-wa-kiyoruba","",""
"hausa-translator","Language & Translation","/tools/hausa-translator","/fr/tools/traducteur-haoussa","/sw/zana/mtafsiri-wa-kihausa","/ha/kayan-aiki/mai-fassara-hausa/","native"
"igbo-translator","Language & Translation","/tools/igbo-translator","/fr/tools/traducteur-igbo","/sw/zana/mtafsiri-wa-kiigbo","",""
"amharic-translator","Language & Translation","/tools/amharic-translator","/fr/tools/traducteur-amharique","/sw/zana/mtafsiri-wa-kiamhari","",""
"zulu-translator","Language & Translation","/tools/zulu-translator","/fr/tools/traducteur-zoulou","/sw/zana/mtafsiri-wa-kizulu","",""
"arabic-calc","Language & Translation","/tools/arabic-numerals","/fr/tools/chiffres-arabes","/sw/zana/nambari-za-kiarabu","",""
"transliterate","Language & Translation","/tools/transliterate","/fr/tools/translitteration","/sw/zana/transliteration-ya-maandishi","",""
"afrodraft","Engineering & Construction","/engineering/afrodraft","/fr/ingenierie/afrodraft","/sw/zana/afrodraft-cad","",""
"afroplan-floor-planner","Engineering & Construction","/engineering/floor-planner","/fr/ingenierie/planificateur-etage","/sw/zana/mpangaji-ramani-ya-sakafu","",""
"solar-calculator","Engineering & Construction","/tools/solar-calculator","/fr/tools/calculateur-solaire","/sw/zana/kikokotoo-cha-solar","",""
"floor-plan","Engineering & Construction","/tools/floor-plan","/fr/tools/plan-etage","/sw/zana/kikokotoo-gharama-za-ujenzi","",""
"boq-generator","Engineering & Construction","/tools/boq-builder","/fr/tools/devis-quantitatif","/sw/zana/orodha-vifaa","",""
"structural-calc","Engineering & Construction","/tools/structural-calc","/fr/tools/calcul-structure","/sw/zana/kikokotoo-miundo-ya-ujenzi","",""
"electrical-load","Engineering & Construction","/tools/electrical-load","/fr/tools/charge-electrique","/sw/zana/kikokotoo-mzigo-wa-umeme","",""
"concrete-calc","Engineering & Construction","/tools/concrete-mix","/fr/tools/dosage-beton","/sw/zana/mchanganyiko-wa-zege","",""
"paint-calc","Engineering & Construction","/tools/paint-calculator","/fr/tools/calculateur-peinture","/sw/zana/kikokotoo-rangi","",""
"tiles-calc","Engineering & Construction","/tools/tiles-calc","/fr/tools/calculateur-carrelage","/sw/zana/kikokotoo-vigae-na-sakafu","",""
"water-tank","Engineering & Construction","/tools/water-tank","/fr/tools/dimensionnement-citerne","/sw/zana/ukubwa-wa-tangi-la-maji","",""
"roofing-calc","Engineering & Construction","/tools/roof-calculator","/fr/tools/calculateur-toiture","/sw/zana/vifaa-vya-paa","",""
"borehole-cost","Engineering & Construction","/tools/borehole-cost","/fr/tools/cout-forage","/sw/zana/gharama-za-kisima","",""
"rebar-calc","Engineering & Construction","/tools/rebar-calculator","/fr/tools/calculateur-armature","/sw/zana/kikokotoo-nondo","",""
"data-compliance","Mortgage & Property","/tools/data-compliance","/fr/tools/conformite-donnees","/sw/zana/ukaguzi-wa-ulinzi-wa-data","",""
"contract-gen","Mortgage & Property","/tools/contract-generator","/fr/tools/generateur-contrat","/sw/zana/kizalishaji-mkataba","",""
"tenancy-deposit","Mortgage & Property","/tools/tenancy-deposit","/fr/tools/caution-locative","/sw/zana/amana-ya-upangaji","",""
"leave-days","Mortgage & Property","/tools/leave-days","/fr/tools/calculateur-conges","/sw/zana/siku-za-likizo-za-kisheria","",""
"pension-proj","Finance, Tax & Market Data","/tools/pension-proj","/fr/tools/projection-pension-simple","/sw/zana/makadirio-ya-pensheni","",""
"interest-rate-ref","Finance, Tax & Market Data","/tools/interest-rate-ref","/fr/tools/reference-taux-interet","/sw/zana/viwango-benki-kuu-afrika","",""
"visa-cost","Mortgage & Property","/tools/visa-cost","/fr/tools/cout-visa","/sw/zana/gharama-za-visa","",""
"stamp-duty","Mortgage & Property","/tools/stamp-duty","/fr/tools/droits-enregistrement","/sw/zana/kikokotoo-ushuru-wa-stampu","",""
"pomodoro","Business & ROI","/tools/pomodoro","/fr/tools/minuteur-pomodoro","/sw/zana/pomodoro","",""
"unit-converter","Business & ROI","/tools/unit-converter","/fr/tools/convertisseur-unites","/sw/zana/kubadilisha-vipimo","",""
"budget-planner","Business & ROI","/tools/budget-planner","/fr/tools/planificateur-budget","/sw/zana/mpango-bajeti","",""
"currency-converter","Finance, Tax & Market Data","/tools/currency-converter","/fr/tools/convertisseur-devises","/sw/zana/kibadilishaji-sarafu","/ha/kayan-aiki/canja-kudi/","localized-shell"
"fuel-tracker","Finance, Tax & Market Data","/tools/fuel-tracker","/fr/tools/suivi-carburant","/sw/zana/ufuatiliaji-bei-za-mafuta","",""
"paye-authority-finder","Finance, Tax & Market Data","/tools/paye-authority-finder","/fr/tools/trouver-administration-paye","/sw/zana/tafuta-mamlaka-ya-paye","",""
"route-fares","Finance, Tax & Market Data","/tools/route-fares","/fr/tools/tarifs-itineraire","/sw/zana/nauli-za-ruti","",""
"backup-power-costs","Finance, Tax & Market Data","/tools/backup-power-costs","/fr/tools/couts-secours-energie","/sw/zana/gharama-ya-nishati-ya-dharura","",""
"afrorates","Finance, Tax & Market Data","/tools/afrorates","/fr/tools/afrotaux","/sw/zana/viwango-benki","",""
"countdown-timer","Business & ROI","/tools/countdown-timer","/fr/tools/compte-a-rebours","/sw/zana/hesabu-siku-za-tukio","",""
"time-zone","Business & ROI","/tools/time-zone","/fr/tools/fuseaux-horaires","/sw/zana/kigeuzi-saa-za-maeneo","",""
"public-holidays","Business & ROI","/tools/public-holidays","/fr/tools/jours-feries","/sw/zana/kalenda-likizo-za-umma","",""
"working-days","Business & ROI","/tools/working-days","/fr/tools/jours-ouvrables","/sw/zana/siku-za-kazi","",""
"age-calculator","Business & ROI","/tools/age-calculator","/fr/tools/calculateur-age","/sw/zana/kikokotoo-umri","",""
"grade-tracker","Business & ROI","/tools/grade-tracker","/fr/tools/suivi-notes","/sw/zana/kifuatiliaji-alama","",""
"random-picker","Business & ROI","/tools/random-picker","/fr/tools/selecteur-aleatoire","/sw/zana/chaguo-nasibu","",""
"password-gen","Developer Tools","/tools/password-generator","/fr/tools/generateur-mot-de-passe","/sw/zana/kizalishaji-nenosiri","",""
"meeting-cost","Business & ROI","/tools/meeting-cost","/fr/tools/cout-reunion","/sw/zana/gharama-ya-mkutano","",""
"tip-calculator","Business & ROI","/tools/tip-calculator","/fr/tools/calculateur-pourboire","/sw/zana/kigawanya-bili-na-tip","",""
"salary-compare","Finance, Tax & Market Data","/tools/salary-compare","/fr/tools/comparateur-salaires","/sw/zana/kilinganisha-mishahara","",""
"salary-intelligence","Finance, Tax & Market Data","/tools/salary-intelligence","/fr/salary-tax","/sw/zana/daftari-la-ushahidi-wa-mishahara","",""
"cost-of-living","Uniquely African","/tools/cost-of-living","/fr/tools/cout-de-la-vie","/sw/zana/gharama-za-maisha","",""
"property-tax","Mortgage & Property","/tools/property-tax","/fr/tools/taxe-fonciere","/sw/zana/kodi-mali","",""
"rental-yield","Mortgage & Property","/tools/rental-yield","/fr/tools/rendement-locatif","/sw/zana/faida-kupangisha","",""
"land-title-check","Mortgage & Property","/tools/land-title-check","/fr/tools/verification-titre-foncier","/sw/zana/ukaguzi-wa-hati-ya-ardhi","",""
"property-valuation","Mortgage & Property","/tools/property-valuation","/fr/tools/evaluation-immobiliere","/sw/zana/thamani-ya-mali-isiyohamishika","",""
"rent-affordability","Mortgage & Property","/tools/rent-affordability","/fr/tools/capacite-loyer","/sw/zana/uwezo-wa-kulipa-pango","",""
"tenant-screening","Mortgage & Property","/tools/tenant-screening","/fr/tools/verification-locataire","/sw/zana/uchunguzi-wa-mpangaji","",""
"rent-intelligence","Mortgage & Property","/tools/rent-intelligence","/fr/tools/intelligence-loyer","/sw/zana/taarifa-za-soko-la-pango","",""
"lease-risk-check","Mortgage & Property","/tools/lease-risk-check","/fr/tools/verification-risque-bail","/sw/zana/ukaguzi-wa-hatari-za-mkataba-wa-pango","",""
"rental-agreement","Mortgage & Property","/tools/rental-agreement","/fr/tools/contrat-location","/sw/zana/kizalishaji-mkataba-wa-kupangisha","",""
"property-mgmt-fees","Mortgage & Property","/tools/property-mgmt-fees","/fr/tools/frais-gestion-immobiliere","/sw/zana/ada-usimamizi-wa-mali","",""
"building-materials","Mortgage & Property","/tools/building-materials","/fr/tools/materiaux-construction","/sw/zana/gharama-vifaa-vya-ujenzi","",""
"construction-budget","Mortgage & Property","/tools/construction-budget","/fr/tools/budget-construction","/sw/zana/bajeti-ya-ujenzi-wa-nyumba","",""
"dev-feasibility","Mortgage & Property","/tools/dev-feasibility","/fr/tools/etude-faisabilite","/sw/zana/uwezekano-wa-ujenzi","",""
"survey-cost","Mortgage & Property","/tools/survey-cost","/fr/tools/cout-geometre","/sw/zana/gharama-za-upimaji-ardhi","",""
"property-cgt","Mortgage & Property","/tools/property-cgt","/fr/tools/plus-value-immobiliere","/sw/zana/kodi-ya-faida-ya-mali","",""
"service-charge","Mortgage & Property","/tools/service-charge","/fr/tools/frais-service","/sw/zana/ada-za-huduma-za-mali","",""
"short-let-calc","Mortgage & Property","/tools/short-let-calc","/fr/tools/calculateur-location-courte","/sw/zana/mapato-ya-kupangisha-kwa-muda-mfupi","",""
"agent-commission","Mortgage & Property","/tools/agent-commission","/fr/tools/commission-agent","/sw/zana/kamisheni-ya-wakala","",""
"plot-converter","Mortgage & Property","/tools/plot-converter","/fr/tools/convertisseur-parcelle","/sw/zana/kigeuzi-cha-eneo-la-kiwanja","",""
"building-permit","Mortgage & Property","/tools/building-permit","/fr/tools/permis-construire","/sw/zana/kibali-cha-ujenzi","",""
"diaspora-property","Mortgage & Property","/tools/diaspora-property","/fr/tools/immobilier-diaspora","/sw/zana/uwekezaji-wa-diaspora-kwenye-mali","",""
"offplan-vs-ready","Mortgage & Property","/tools/offplan-vs-ready","/fr/tools/sur-plan-vs-pret","/sw/zana/mradi-wa-ramani-dhidi-ya-nyumba-tayari","",""
"retirement-planner","Finance, Tax & Market Data","/tools/retirement-planner","/fr/tools/planificateur-retraite","/sw/zana/mpango-wa-kustaafu-mapema","",""
"side-hustle-tax","Finance, Tax & Market Data","/tools/side-hustle-tax","/fr/tools/impot-activite-secondaire","/sw/zana/mpango-wa-akiba-ya-kodi-ya-mapato-ya-ziada","",""
"bank-charges","Finance, Tax & Market Data","/tools/bank-charges","/fr/tools/frais-bancaires","/sw/zana/ada-za-benki","/ha/kayan-aiki/cajin-banki/","localized-shell"
"inflation-calc","Finance, Tax & Market Data","/tools/inflation-calc","/fr/tools/calculateur-inflation","/sw/zana/kikokotoo-cha-mfumuko-wa-bei","",""
"savings-goal","Finance, Tax & Market Data","/tools/savings-goal","/fr/tools/objectif-epargne","/sw/zana/lengo-la-akiba","",""
"car-loan","Finance, Tax & Market Data","/tools/car-loan","/fr/tools/pret-automobile","/sw/zana/mkopo-wa-gari","",""
"student-loan","Finance, Tax & Market Data","/tools/student-loan","/fr/tools/pret-etudiant","/sw/zana/mpango-wa-malipo-ya-mkopo-wa-mwanafunzi","",""
"ng-nhf","Mortgage & Property","/tools/ng-nhf","/fr/tools/ng-nhf","/sw/zana/kikokotoo-nhf-nigeria","/ha/kayan-aiki/nhf-najeriya/","localized-shell"
"ng-pension","Finance, Tax & Market Data","/tools/ng-pension","/fr/tools/ng-pension","/sw/zana/kikokotoo-pensheni-nigeria","/ha/kayan-aiki/fansho-najeriya/","localized-shell"
"ke-nssf","Finance, Tax & Market Data","/tools/ke-nssf","/fr/tools/ke-nssf","/sw/zana/kikokotoo-nssf-kenya","",""
"ke-helb","Education","/tools/ke-helb","/fr/tools/ke-helb","/sw/zana/kikokotoo-helb-kenya","",""
"za-gepf","Finance, Tax & Market Data","/tools/za-gepf","/fr/tools/za-gepf","/sw/zana/kikokotoo-gepf-afrika-kusini","",""
"za-transfer-duty","Finance, Tax & Market Data","/tools/za-transfer-duty","/fr/tools/za-droits-mutation","/sw/zana/kikokotoo-ushuru-uhamisho-afrika-kusini","",""
"gh-ssnit","Finance, Tax & Market Data","/tools/gh-ssnit","/fr/tools/gh-ssnit","/sw/zana/kikokotoo-ssnit-ghana","",""
"ng-land-use","Finance, Tax & Market Data","/tools/ng-land-use","/fr/tools/ng-taxe-fonciere","/sw/zana/kikokotoo-ada-ya-matumizi-ya-ardhi-lagos","",""
"ke-stamp-duty","Finance, Tax & Market Data","/tools/ke-stamp-duty","/fr/tools/ke-droits-timbre","/sw/zana/kikokotoo-ushuru-wa-stampu-kenya","",""
"water-intake","Health & Wellness","/tools/water-intake","/fr/tools/apport-eau","/sw/zana/kikokotoo-maji-ya-kunywa","",""
"vaccine-schedule","Health & Wellness","/tools/vaccine-schedule","/fr/tools/calendrier-vaccinal","/sw/zana/ratiba-ya-chanjo","",""
"waist-hip-ratio","Health & Wellness","/tools/waist-hip-ratio","/fr/tools/ratio-taille-hanches","/sw/zana/uwiano-wa-kiuno-na-nyonga","",""
"blood-pressure","Health & Wellness","/tools/blood-pressure","/fr/tools/tension-arterielle","/sw/zana/shinikizo-la-damu","",""
"hospital-cost","Health & Wellness","/tools/hospital-cost","/fr/tools/cout-hospitalier","/sw/zana/gharama-za-hospitali","/ha/kayan-aiki/kudin-asibiti/","localized-shell"
"clinic-costs","Health & Wellness","/tools/clinic-costs","/fr/tools/couts-clinique","/sw/zana/gharama-za-kliniki","",""
"pharmacy-prices","Health & Wellness","/tools/pharmacy-prices","/fr/tools/prix-pharmacie","/sw/zana/bei-za-famasia","",""
"sickle-cell","Health & Wellness","/tools/sickle-cell","/fr/tools/drepanocytose","/sw/zana/selimundu-na-genotype","/ha/kayan-aiki/sickle-cell/","localized-shell"
"diabetes-risk","Health & Wellness","/tools/diabetes-risk","/fr/tools/risque-diabete","/sw/zana/hatari-ya-kisukari","",""
"education-hub","Education","/tools/education-hub","/fr/tools/hub-education","/sw/zana/kituo-elimu","",""
"scholarship-finder","Education","/tools/scholarship-finder","/fr/tools/recherche-bourses","/sw/zana/udhamini","/ha/kayan-aiki/neman-tallafin-karatu/","localized-shell"
"university-ranking","Education","/tools/university-ranking","/fr/tools/classement-universites","/sw/zana/orodha-vyuo-vikuu","",""
"study-planner","Education","/tools/study-planner","/fr/tools/planificateur-etudes","/sw/zana/mpango-masomo","",""
"job-offer-evaluator","Finance, Tax & Market Data","/tools/job-offer-evaluator","/fr/tools/evaluateur-offre-emploi","/sw/zana/tathmini-ya-ofa-ya-kazi","",""
"ielts-calculator","Education","/tools/ielts-calculator","/fr/tools/calculateur-ielts","/sw/zana/kikokotoo-ielts","",""
"degree-checker","Education","/tools/degree-checker","/fr/tools/verificateur-diplome","/sw/zana/ukaguzi-wa-degree","",""
"startup-valuation","Finance, Tax & Market Data","/tools/startup-valuation","/fr/tools/evaluation-startup","/sw/zana/thamani-ya-startup","",""
"microfinance-calc","Finance, Tax & Market Data","/tools/microfinance-calc","/fr/tools/calculateur-microfinance","/sw/zana/microfinance-riba-tambarare-dhidi-ya-salio","",""
"forex-profit","Finance, Tax & Market Data","/tools/forex-profit","/fr/tools/profit-forex","/sw/zana/kikokotoo-faida-forex","",""
"market-stall-profit","VAT & Business Tax","/tools/market-stall-profit","/fr/tools/profit-stand-marche","/sw/zana/faida-ya-kibanda-sokoni","",""
"sql-formatter","Developer Tools","/tools/sql-formatter","/fr/tools/formateur-sql","/sw/zana/kirekebisha-sql","",""
"meta-tag-generator","Developer Tools","/tools/meta-tag-generator","/fr/tools/generateur-meta-tags","/sw/zana/kizalishaji-meta-tags","",""
"pidgin-translator","Language & Translation","/tools/pidgin-translator","/fr/tools/traducteur-pidgin","/sw/zana/mtafsiri-wa-pidgin-ya-nigeria","",""
"french-african","Language & Translation","/tools/french-african","/fr/tools/francais-africain","/sw/zana/mtafsiri-wa-kifaransa-afrika","",""
"african-name-meaning","Language & Translation","/tools/african-name-meaning","/fr/tools/signification-prenoms-africains","/sw/zana/maana-ya-majina-ya-afrika","",""
"afroatlas","Uniquely African","/tools/afroatlas","/fr/tools/afroatlas","/sw/zana/afroatlas","",""
"afropoints","Uniquely African","/tools/afropoints","/fr/tools/afropoints","/sw/zana/afropoints","",""
"afrokitchen","Uniquely African","/tools/afrokitchen","/fr/tools/afrocuisine","/sw/zana/jikoni","",""
"africa-conflict","Uniquely African","/tools/africa-conflict","/fr/tools/carte-conflits-afrique","/sw/zana/migogoro-ya-afrika","",""
"brideprice-advisor","Uniquely African","/tools/brideprice-advisor","/fr/tools/conseiller-dot","/sw/zana/mshauri-wa-mahari","",""
"ajo-interest","Uniquely African","/tools/ajo-interest","/fr/tools/interet-tontine","/sw/zana/riba-ya-ajo-esusu-stokvel","",""
"diaspora-guide","Uniquely African","/tools/diaspora-guide","/fr/tools/guide-diaspora","/sw/zana/mwongozo-wa-diaspora","",""
"nollywood-pitch","Uniquely African","/tools/nollywood-pitch","/fr/tools/pitch-nollywood","/sw/zana/bajeti-ya-filamu-afrika","",""
"agric-profit","Agriculture","/tools/agric-profit","/fr/tools/profit-agricole","/sw/zana/faida-ya-kilimo","",""
"okada-income","Uniquely African","/tools/okada-income","/fr/tools/revenu-okada","/sw/zana/mapato-ya-okada-boda","",""
"market-days","Uniquely African","/tools/market-days","/fr/tools/jours-marche","/sw/zana/kalenda-ya-siku-za-soko","",""
"thumbnail-maker","Image & Design","/tools/thumbnail-maker","/fr/tools/createur-miniatures","/sw/zana/kitengeneza-thumbnail","",""
"watermark-bulk","Image & Design","/tools/watermark-bulk","/fr/tools/filigrane-images","/sw/zana/watermark-nyingi","",""
"image-format-convert","Image & Design","/tools/image-format-convert","/fr/tools/convertir-format-image","/sw/zana/kubadilisha-format-ya-picha","",""
"colour-palette","Image & Design","/tools/colour-palette","/fr/tools/palette-couleurs","/sw/zana/paleti-ya-rangi","",""
"generator-sizing","Engineering & Construction","/tools/generator-sizing","/fr/tools/dimensionnement-generateur","/sw/zana/ukubwa-wa-generator","",""
"tenancy-agreement","Mortgage & Property","/tools/tenancy-agreement","/fr/tools/contrat-bail","/sw/zana/mkataba-wa-upangaji","",""
"employment-contract","Mortgage & Property","/tools/employment-contract","/fr/tools/contrat-travail","/sw/zana/mkataba-wa-ajira","",""
"cac-checker","Mortgage & Property","/tools/cac-checker","/fr/tools/verificateur-cac","/sw/zana/ukaguzi-wa-jina-cac-nigeria","/ha/kayan-aiki/duba-cac/","native"
"ip-rights-africa","Mortgage & Property","/tools/ip-rights-africa","/fr/tools/propriete-intellectuelle","/sw/zana/haki-miliki-afrika","",""
"crypto-p2p","Finance, Tax & Market Data","/crypto/p2p-rates","/fr/crypto/p2p-rates","/sw/zana/kilinganisha-bei-p2p","",""
"crypto-prices","Finance, Tax & Market Data","/crypto/prices","/fr/crypto/prices","/sw/zana/bei-za-crypto","",""
"crypto-stablecoins","Finance, Tax & Market Data","/crypto/stablecoins","/fr/crypto/stablecoins","/sw/zana/marejeo-ya-stablecoin","",""
"crypto-remittance","Finance, Tax & Market Data","/crypto/remittance","/fr/crypto/remittance","/sw/zana/ulinganisho-nukuu-za-kutuma-fedha","",""
"crypto-arbitrage","Finance, Tax & Market Data","/crypto/arbitrage","/fr/crypto/arbitrage","/sw/zana/karatasi-ya-arbitrage-ya-crypto","",""
"crypto-portfolio","Finance, Tax & Market Data","/crypto/portfolio","/fr/crypto/portfolio","/sw/zana/portfolio-ya-crypto","",""
"crypto-dca","Finance, Tax & Market Data","/crypto/dca-calculator","/fr/crypto/dca-calculator","/sw/zana/urejeshaji-wa-dca-ya-crypto","",""
"crypto-profit","Finance, Tax & Market Data","/crypto/profit-calculator","/fr/crypto/profit-calculator","/sw/zana/kikokotoo-faida-crypto","",""
"crypto-mining","Finance, Tax & Market Data","/crypto/mining-calculator","/fr/crypto/mining-calculator","/sw/zana/kikokotoo-margin-uchimbaji-crypto","",""
"crypto-scam","Finance, Tax & Market Data","/crypto/scam-checker","/fr/crypto/scam-checker","/sw/zana/kifurushi-ushahidi-ulaghai-crypto","",""
"crypto-address","Finance, Tax & Market Data","/crypto/address-validator","/fr/crypto/address-validator","/sw/crypto/address-validator","",""
"crypto-exchange","Finance, Tax & Market Data","/crypto/exchange-ratings","/fr/crypto/exchange-ratings","/sw/zana/daftari-ushahidi-watoa-crypto","",""
"crypto-contract","Finance, Tax & Market Data","/crypto/contract-scanner","/fr/crypto/contract-scanner","/sw/zana/ukaguzi-ushahidi-anwani-mkataba","",""
"crypto-quiz","Finance, Tax & Market Data","/crypto/quiz","/fr/crypto/quiz","/sw/zana/jaribio-la-crypto","",""
"er-vat","Finance, Tax & Market Data","/eritrea/er-vat","/fr/eritrea/er-vat","/sw/eritrea/kikokotoo-vat","",""
"ajo-chama-calc","Uniquely African","/tools/ajo-chama","/fr/tools/ajo-chama","/sw/zana/kikokotoo-ajo-chama-tontine","",""
"bmi-calc-tools","Health & Wellness","/tools/bmi-calculator","/fr/tools/calculateur-imc","/sw/zana/kikokotoo-bmi-ya-mwili","",""
"boq-gen","Engineering & Construction","/tools/boq-generator","/fr/tools/generateur-boq","/sw/zana/kizalishaji-orodha-ya-kiasi","",""
"business-plan-builder","VAT & Business Tax","/tools/business-plan-builder","/fr/tools/generateur-business-plan","/sw/zana/mjenzi-mpango-wa-biashara","",""
"calorie-counter-tools","Health & Wellness","/tools/calorie-counter","/fr/tools/compteur-calories","/sw/zana/kihesabu-kalori","",""
"compound-interest","Finance, Tax & Market Data","/tools/compound-interest","/fr/tools/interet-compose","/sw/zana/riba-ya-mchanganyiko","",""
"crop-yield","Agriculture","/tools/crop-yield","/fr/tools/rendement-culture","/sw/zana/mavuno-ya-mazao","",""
"due-date-tools","Health & Wellness","/tools/due-date","/fr/tools/date-accouchement","/sw/zana/kikokotoo-tarehe-ya-kujifungua","",""
"first-home-buyer","Finance, Tax & Market Data","/tools/first-home-buyer","/fr/tools/premier-achat-immobilier","/sw/zana/mnunuzi-wa-kwanza-wa-nyumba","",""
"home-loan-eligibility","Finance, Tax & Market Data","/tools/home-loan-eligibility","/fr/tools/eligibilite-pret-immobilier","/sw/zana/ustahiki-wa-mkopo-wa-nyumba","",""
"home-renovation-cost","Engineering & Construction","/tools/home-renovation-cost","/fr/tools/cout-renovation","/sw/zana/gharama-ukarabati-wa-nyumba","",""
"septic-tank","Engineering & Construction","/tools/septic-tank","/fr/tools/dimensionnement-fosse-septique","/sw/zana/ukubwa-wa-septic-tank","",""
"fence-cost","Engineering & Construction","/tools/fence-cost","/fr/tools/cout-cloture","/sw/zana/gharama-ya-uzio","",""
"swimming-pool-cost","Engineering & Construction","/tools/swimming-pool-cost","/fr/tools/cout-piscine","/sw/zana/gharama-ya-dimbwi-la-kuogelea","",""
"architectural-fee","Engineering & Construction","/tools/architectural-fee","/fr/tools/honoraires-architecte","/sw/zana/ada-za-ramani-za-usanifu","",""
"site-clearance","Engineering & Construction","/tools/site-clearing","/fr/tools/estimateur-du-cout-de-preparation-d-un-terrain","/sw/zana/utayarishaji-wa-eneo","",""
"road-construction-cost","Engineering & Construction","/tools/road-construction-cost","/fr/tools/estimateur-du-cout-de-construction-routiere","/sw/zana/gharama-ya-ujenzi-wa-barabara","",""
"scaffolding-calc","Engineering & Construction","/tools/scaffolding-calc","/fr/tools/calculateur-echafaudage","/sw/zana/kikokotoo-cha-kiunzi","",""
"window-door-sizing","Engineering & Construction","/tools/window-door-sizing","/fr/tools/dimensionnement-fenetres-portes","/sw/zana/vipimo-vya-madirisha-na-milango","",""
"plumbing-material","Engineering & Construction","/tools/plumbing-material","/fr/tools/materiaux-plomberie","/sw/zana/vifaa-vya-mabomba","",""
"hs-code-lookup","Trade & Import","/tools/hs-code-lookup","/fr/tools/recherche-code-sh","/sw/zana/utafutaji-msimbo-hs","",""
"idea-board","VAT & Business Tax","/tools/idea-board","/fr/tools/tableau-idees","/sw/zana/kichunguzi-ushahidi-wa-mawazo","",""
"mortgage-affordability","Finance, Tax & Market Data","/tools/mortgage-affordability","/fr/tools/capacite-emprunt","/sw/zana/uwezo-wa-mkopo-wa-nyumba","",""
"paye-calculator","Finance, Tax & Market Data","/tools/paye-calculator","/fr/salary-tax/paye","/sw/mshahara-na-kodi/paye","",""
"paystack-calculator","VAT & Business Tax","/tools/paystack-calculator","/fr/tools/calculateur-paystack","/sw/zana/mpangaji-ada-za-paystack","/ha/kayan-aiki/kalkuletan-paystack/","localized-shell"
"property-roi","Finance, Tax & Market Data","/tools/property-roi","/fr/tools/roi-immobilier","/sw/zana/faida-ya-uwekezaji-wa-nyumba","",""
"property-transfer-cost","Finance, Tax & Market Data","/tools/property-transfer-cost","/fr/tools/frais-transfert-propriete","/sw/zana/gharama-za-uhamisho-wa-mali","",""
"rent-vs-buy","Finance, Tax & Market Data","/tools/rent-vs-buy","/fr/tools/louer-vs-acheter","/sw/zana/kukodi-dhidi-ya-kununua","",""
"export-docs","Agriculture","/agriculture/export-docs","/fr/agriculture/export-docs","/sw/zana/nyaraka-za-usafirishaji-mazao","",""
"tractor-calculator","Agriculture","/agriculture/tractor-calculator","/fr/agriculture/tractor-calculator","/sw/zana/kikokotoo-trekta","",""
"crop-insurance","Agriculture","/agriculture/crop-insurance","/fr/agriculture/crop-insurance","/sw/zana/bima-ya-mazao","",""
"farm-payroll-calculator","Agriculture","/agriculture/farm-payroll","/fr/agriculture/farm-payroll","/sw/zana/mishahara-ya-wafanyakazi-wa-shamba","",""
"farm-payroll-nigeria","Agriculture","/agriculture/farm-payroll/nigeria","/fr/agriculture/farm-payroll/nigeria","/sw/kilimo/mishahara-ya-shamba/nigeria","",""
"farm-payroll-kenya","Agriculture","/agriculture/farm-payroll/kenya","/fr/agriculture/farm-payroll/kenya","/sw/kilimo/mishahara-ya-shamba/kenya","",""
"farm-payroll-south-africa","Agriculture","/agriculture/farm-payroll/south-africa","/fr/agriculture/farm-payroll/south-africa","/sw/kilimo/mishahara-ya-shamba/south-africa","",""
"farm-payroll-ghana","Agriculture","/agriculture/farm-payroll/ghana","/fr/agriculture/farm-payroll/ghana","/sw/kilimo/mishahara-ya-shamba/ghana","",""
"farm-payroll-ethiopia","Agriculture","/agriculture/farm-payroll/ethiopia","/fr/agriculture/farm-payroll/ethiopia","/sw/kilimo/mishahara-ya-shamba/ethiopia","",""
"farm-payroll-egypt","Agriculture","/agriculture/farm-payroll/egypt","/fr/agriculture/farm-payroll/egypt","/sw/kilimo/mishahara-ya-shamba/egypt","",""
"farm-payroll-tanzania","Agriculture","/agriculture/farm-payroll/tanzania","/fr/agriculture/farm-payroll/tanzania","/sw/kilimo/mishahara-ya-shamba/tanzania","",""
"farm-payroll-cote-d-ivoire","Agriculture","/agriculture/farm-payroll/cote-d-ivoire","/fr/agriculture/farm-payroll/cote-d-ivoire","/sw/kilimo/mishahara-ya-shamba/cote-divoire","",""
"farm-payroll-cameroon","Agriculture","/agriculture/farm-payroll/cameroon","/fr/agriculture/farm-payroll/cameroon","/sw/kilimo/mishahara-ya-shamba/cameroon","",""
"farm-payroll-senegal","Agriculture","/agriculture/farm-payroll/senegal","/fr/agriculture/farm-payroll/senegal","/sw/kilimo/mishahara-ya-shamba/senegal","",""
"farm-payroll-morocco","Agriculture","/agriculture/farm-payroll/morocco","/fr/agriculture/farm-payroll/morocco","/sw/kilimo/mishahara-ya-shamba/morocco","",""
"farm-payroll-algeria","Agriculture","/agriculture/farm-payroll/algeria","/fr/agriculture/farm-payroll/algeria","/sw/kilimo/mishahara-ya-shamba/algeria","",""
"farm-payroll-uganda","Agriculture","/agriculture/farm-payroll/uganda","/fr/agriculture/farm-payroll/uganda","/sw/kilimo/mishahara-ya-shamba/uganda","",""
"farm-payroll-mozambique","Agriculture","/agriculture/farm-payroll/mozambique","/fr/agriculture/farm-payroll/mozambique","/sw/kilimo/mishahara-ya-shamba/mozambique","",""
"farm-payroll-zimbabwe","Agriculture","/agriculture/farm-payroll/zimbabwe","/fr/agriculture/farm-payroll/zimbabwe","/sw/kilimo/mishahara-ya-shamba/zimbabwe","",""
"farm-payroll-zambia","Agriculture","/agriculture/farm-payroll/zambia","/fr/agriculture/farm-payroll/zambia","/sw/kilimo/mishahara-ya-shamba/zambia","",""
"farm-payroll-malawi","Agriculture","/agriculture/farm-payroll/malawi","/fr/agriculture/farm-payroll/malawi","/sw/kilimo/mishahara-ya-shamba/malawi","",""
"farm-payroll-dr-congo","Agriculture","/agriculture/farm-payroll/dr-congo","/fr/agriculture/farm-payroll/dr-congo","/sw/kilimo/mishahara-ya-shamba/dr-congo","",""
"farm-payroll-angola","Agriculture","/agriculture/farm-payroll/angola","/fr/agriculture/farm-payroll/angola","/sw/kilimo/mishahara-ya-shamba/angola","",""
"farm-payroll-rwanda","Agriculture","/agriculture/farm-payroll/rwanda","/fr/agriculture/farm-payroll/rwanda","/sw/kilimo/mishahara-ya-shamba/rwanda","",""
"farm-payroll-mali","Agriculture","/agriculture/farm-payroll/mali","/fr/agriculture/farm-payroll/mali","/sw/kilimo/mishahara-ya-shamba/mali","",""
"farm-payroll-burkina-faso","Agriculture","/agriculture/farm-payroll/burkina-faso","/fr/agriculture/farm-payroll/burkina-faso","/sw/kilimo/mishahara-ya-shamba/burkina-faso","",""
"farm-payroll-tunisia","Agriculture","/agriculture/farm-payroll/tunisia","/fr/agriculture/farm-payroll/tunisia","/sw/kilimo/mishahara-ya-shamba/tunisia","",""
"farm-payroll-madagascar","Agriculture","/agriculture/farm-payroll/madagascar","/fr/agriculture/farm-payroll/madagascar","/sw/kilimo/mishahara-ya-shamba/madagascar","",""
"farm-payroll-benin","Agriculture","/agriculture/farm-payroll/benin","/fr/agriculture/farm-payroll/benin","/sw/kilimo/mishahara-ya-shamba/benin","",""
"farm-payroll-gabon","Agriculture","/agriculture/farm-payroll/gabon","/fr/agriculture/farm-payroll/gabon","/sw/kilimo/mishahara-ya-shamba/gabon","",""
"farm-payroll-togo","Agriculture","/agriculture/farm-payroll/togo","/fr/agriculture/farm-payroll/togo","/sw/kilimo/mishahara-ya-shamba/togo","",""
"farm-payroll-niger","Agriculture","/agriculture/farm-payroll/niger","/fr/agriculture/farm-payroll/niger","/sw/kilimo/mishahara-ya-shamba/niger","",""
"farm-payroll-guinea","Agriculture","/agriculture/farm-payroll/guinea","/fr/agriculture/farm-payroll/guinea","/sw/kilimo/mishahara-ya-shamba/guinea","",""
"farm-payroll-namibia","Agriculture","/agriculture/farm-payroll/namibia","/fr/agriculture/farm-payroll/namibia","/sw/kilimo/mishahara-ya-shamba/namibia","",""
"farm-payroll-botswana","Agriculture","/agriculture/farm-payroll/botswana","/fr/agriculture/farm-payroll/botswana","/sw/kilimo/mishahara-ya-shamba/botswana","",""
"farm-payroll-mauritius","Agriculture","/agriculture/farm-payroll/mauritius","/fr/agriculture/farm-payroll/mauritius","/sw/kilimo/mishahara-ya-shamba/mauritius","",""
"farm-payroll-burundi","Agriculture","/agriculture/farm-payroll/burundi","/fr/agriculture/farm-payroll/burundi","/sw/kilimo/mishahara-ya-shamba/burundi","",""
"farm-payroll-sierra-leone","Agriculture","/agriculture/farm-payroll/sierra-leone","/fr/agriculture/farm-payroll/sierra-leone","/sw/kilimo/mishahara-ya-shamba/sierra-leone","",""
"farm-payroll-liberia","Agriculture","/agriculture/farm-payroll/liberia","/fr/agriculture/farm-payroll/liberia","/sw/kilimo/mishahara-ya-shamba/liberia","",""
"farm-payroll-congo-brazzaville","Agriculture","/agriculture/farm-payroll/congo-brazzaville","/fr/agriculture/farm-payroll/congo-brazzaville","/sw/kilimo/mishahara-ya-shamba/congo","",""
"farm-payroll-chad","Agriculture","/agriculture/farm-payroll/chad","/fr/agriculture/farm-payroll/chad","/sw/kilimo/mishahara-ya-shamba/chad","",""
"farm-payroll-eswatini","Agriculture","/agriculture/farm-payroll/eswatini","/fr/agriculture/farm-payroll/eswatini","/sw/kilimo/mishahara-ya-shamba/eswatini","",""
"farm-payroll-lesotho","Agriculture","/agriculture/farm-payroll/lesotho","/fr/agriculture/farm-payroll/lesotho","/sw/kilimo/mishahara-ya-shamba/lesotho","",""
"farm-payroll-cabo-verde","Agriculture","/agriculture/farm-payroll/cabo-verde","/fr/agriculture/farm-payroll/cabo-verde","/sw/kilimo/mishahara-ya-shamba/cape-verde","",""
"farm-payroll-equatorial-guinea","Agriculture","/agriculture/farm-payroll/equatorial-guinea","/fr/agriculture/farm-payroll/equatorial-guinea","/sw/kilimo/mishahara-ya-shamba/equatorial-guinea","",""
"farm-payroll-central-african-republic","Agriculture","/agriculture/farm-payroll/central-african-republic","/fr/agriculture/farm-payroll/central-african-republic","/sw/kilimo/mishahara-ya-shamba/central-african-republic","",""
"farm-payroll-gambia","Agriculture","/agriculture/farm-payroll/gambia","/fr/agriculture/farm-payroll/gambia","/sw/kilimo/mishahara-ya-shamba/gambia","",""
"farm-payroll-mauritania","Agriculture","/agriculture/farm-payroll/mauritania","/fr/agriculture/farm-payroll/mauritania","/sw/kilimo/mishahara-ya-shamba/mauritania","",""
"farm-payroll-guinea-bissau","Agriculture","/agriculture/farm-payroll/guinea-bissau","/fr/agriculture/farm-payroll/guinea-bissau","/sw/kilimo/mishahara-ya-shamba/guinea-bissau","",""
"farm-payroll-djibouti","Agriculture","/agriculture/farm-payroll/djibouti","/fr/agriculture/farm-payroll/djibouti","/sw/kilimo/mishahara-ya-shamba/djibouti","",""
"farm-payroll-eritrea","Agriculture","/agriculture/farm-payroll/eritrea","/fr/agriculture/farm-payroll/eritrea","/sw/kilimo/mishahara-ya-shamba/eritrea","",""
"farm-payroll-south-sudan","Agriculture","/agriculture/farm-payroll/south-sudan","/fr/agriculture/farm-payroll/south-sudan","/sw/kilimo/mishahara-ya-shamba/south-sudan","",""
"farm-payroll-somalia","Agriculture","/agriculture/farm-payroll/somalia","/fr/agriculture/farm-payroll/somalia","/sw/kilimo/mishahara-ya-shamba/somalia","",""
"farm-payroll-sudan","Agriculture","/agriculture/farm-payroll/sudan","/fr/agriculture/farm-payroll/sudan","/sw/kilimo/mishahara-ya-shamba/sudan","",""
"farm-payroll-libya","Agriculture","/agriculture/farm-payroll/libya","/fr/agriculture/farm-payroll/libya","/sw/kilimo/mishahara-ya-shamba/libya","",""
"farm-payroll-sao-tome-and-principe","Agriculture","/agriculture/farm-payroll/sao-tome-and-principe","/fr/agriculture/farm-payroll/sao-tome-and-principe","/sw/kilimo/mishahara-ya-shamba/sao-tome","",""
"farm-payroll-seychelles","Agriculture","/agriculture/farm-payroll/seychelles","/fr/agriculture/farm-payroll/seychelles","/sw/kilimo/mishahara-ya-shamba/seychelles","",""
"farm-payroll-comoros","Agriculture","/agriculture/farm-payroll/comoros","/fr/agriculture/farm-payroll/comoros","/sw/kilimo/mishahara-ya-shamba/comoros","",""
"input-prices","Agriculture","/agriculture/input-prices","/fr/agriculture/input-prices","/sw/zana/kilinganisha-bei-za-pembejeo","",""
"input-prices-nigeria","Agriculture","/agriculture/input-prices/nigeria","/fr/agriculture/input-prices/nigeria","/sw/kilimo/bei-za-pembejeo/nigeria","",""
"input-prices-kenya","Agriculture","/agriculture/input-prices/kenya","/fr/agriculture/input-prices/kenya","/sw/kilimo/bei-za-pembejeo/kenya","",""
"input-prices-south-africa","Agriculture","/agriculture/input-prices/south-africa","/fr/agriculture/input-prices/south-africa","/sw/kilimo/bei-za-pembejeo/south-africa","",""
"input-prices-ghana","Agriculture","/agriculture/input-prices/ghana","/fr/agriculture/input-prices/ghana","/sw/kilimo/bei-za-pembejeo/ghana","",""
"input-prices-egypt","Agriculture","/agriculture/input-prices/egypt","/fr/agriculture/input-prices/egypt","/sw/kilimo/bei-za-pembejeo/egypt","",""
"input-prices-ethiopia","Agriculture","/agriculture/input-prices/ethiopia","/fr/agriculture/input-prices/ethiopia","/sw/kilimo/bei-za-pembejeo/ethiopia","",""
"input-prices-tanzania","Agriculture","/agriculture/input-prices/tanzania","/fr/agriculture/input-prices/tanzania","/sw/kilimo/bei-za-pembejeo/tanzania","",""
"input-prices-uganda","Agriculture","/agriculture/input-prices/uganda","/fr/agriculture/input-prices/uganda","/sw/kilimo/bei-za-pembejeo/uganda","",""
"input-prices-rwanda","Agriculture","/agriculture/input-prices/rwanda","/fr/agriculture/input-prices/rwanda","/sw/kilimo/bei-za-pembejeo/rwanda","",""
"input-prices-cote-d-ivoire","Agriculture","/agriculture/input-prices/cote-d-ivoire","/fr/agriculture/input-prices/cote-d-ivoire","/sw/kilimo/bei-za-pembejeo/cote-divoire","",""
"input-prices-cameroon","Agriculture","/agriculture/input-prices/cameroon","/fr/agriculture/input-prices/cameroon","/sw/kilimo/bei-za-pembejeo/cameroon","",""
"input-prices-senegal","Agriculture","/agriculture/input-prices/senegal","/fr/agriculture/input-prices/senegal","/sw/kilimo/bei-za-pembejeo/senegal","",""
"input-prices-morocco","Agriculture","/agriculture/input-prices/morocco","/fr/agriculture/input-prices/morocco","/sw/kilimo/bei-za-pembejeo/morocco","",""
"input-prices-tunisia","Agriculture","/agriculture/input-prices/tunisia","/fr/agriculture/input-prices/tunisia","/sw/kilimo/bei-za-pembejeo/tunisia","",""
"input-prices-angola","Agriculture","/agriculture/input-prices/angola","/fr/agriculture/input-prices/angola","/sw/kilimo/bei-za-pembejeo/angola","",""
"farm-loans-hub","Agriculture","/agriculture/farm-loans","/fr/agriculture/farm-loans","/sw/zana/ustahiki-wa-mkopo-wa-shamba","",""
"farm-loans-nigeria","Agriculture","/agriculture/farm-loans/nigeria","/fr/agriculture/farm-loans/nigeria","/sw/kilimo/mikopo-ya-shamba/nigeria","",""
"farm-loans-kenya","Agriculture","/agriculture/farm-loans/kenya","/fr/agriculture/farm-loans/kenya","/sw/kilimo/mikopo-ya-shamba/kenya","",""
"farm-loans-south-africa","Agriculture","/agriculture/farm-loans/south-africa","/fr/agriculture/farm-loans/south-africa","/sw/kilimo/mikopo-ya-shamba/south-africa","",""
"farm-loans-ghana","Agriculture","/agriculture/farm-loans/ghana","/fr/agriculture/farm-loans/ghana","/sw/kilimo/mikopo-ya-shamba/ghana","",""
"farm-loans-egypt","Agriculture","/agriculture/farm-loans/egypt","/fr/agriculture/farm-loans/egypt","/sw/kilimo/mikopo-ya-shamba/egypt","",""
"farm-loans-ethiopia","Agriculture","/agriculture/farm-loans/ethiopia","/fr/agriculture/farm-loans/ethiopia","/sw/kilimo/mikopo-ya-shamba/ethiopia","",""
"farm-loans-tanzania","Agriculture","/agriculture/farm-loans/tanzania","/fr/agriculture/farm-loans/tanzania","/sw/kilimo/mikopo-ya-shamba/tanzania","",""
"farm-loans-uganda","Agriculture","/agriculture/farm-loans/uganda","/fr/agriculture/farm-loans/uganda","/sw/kilimo/mikopo-ya-shamba/uganda","",""
"farm-loans-rwanda","Agriculture","/agriculture/farm-loans/rwanda","/fr/agriculture/farm-loans/rwanda","/sw/kilimo/mikopo-ya-shamba/rwanda","",""
"farm-loans-cote-d-ivoire","Agriculture","/agriculture/farm-loans/cote-d-ivoire","/fr/agriculture/farm-loans/cote-d-ivoire","/sw/kilimo/mikopo-ya-shamba/cote-divoire","",""
"farm-loans-cameroon","Agriculture","/agriculture/farm-loans/cameroon","/fr/agriculture/farm-loans/cameroon","/sw/kilimo/mikopo-ya-shamba/cameroon","",""
"farm-loans-senegal","Agriculture","/agriculture/farm-loans/senegal","/fr/agriculture/farm-loans/senegal","/sw/kilimo/mikopo-ya-shamba/senegal","",""
"farm-loans-morocco","Agriculture","/agriculture/farm-loans/morocco","/fr/agriculture/farm-loans/morocco","/sw/kilimo/mikopo-ya-shamba/morocco","",""
"farm-loans-tunisia","Agriculture","/agriculture/farm-loans/tunisia","/fr/agriculture/farm-loans/tunisia","/sw/kilimo/mikopo-ya-shamba/tunisia","",""
"farm-loans-angola","Agriculture","/agriculture/farm-loans/angola","/fr/agriculture/farm-loans/angola","/sw/kilimo/mikopo-ya-shamba/angola","",""
"afcfta-tracker","Trade & Import","/tools/afcfta-tracker","/fr/tools/suivi-zlecaf","/sw/zana/ufuatiliaji-ushuru-afcfta","",""
"shipping-estimator","Trade & Import","/tools/shipping-estimator","/fr/tools/estimateur-fret","/sw/zana/makisio-ya-usafirishaji-wa-biashara","",""
"fx-import-impact","Trade & Import","/tools/fx-import-impact","/fr/tools/impact-fx-import","/sw/zana/athari-forex-kuagiza","",""
"lc-calculator","Trade & Import","/tools/lc-calculator","/fr/tools/calculateur-credit-documentaire","/sw/zana/ada-lc","",""
"export-docs-trade","Trade & Import","/tools/export-docs","/fr/tools/documents-export","/sw/zana/orodha-nyaraka-usafirishaji","",""
"coo-generator","Trade & Import","/tools/coo-generator","/fr/tools/generateur-certificat-origine","/sw/zana/cheti-asili","",""
"demurrage-calculator","Trade & Import","/tools/demurrage-calculator","/fr/tools/calculateur-surestaries","/sw/zana/gharama-za-demurrage","",""
"incoterms-calculator","Trade & Import","/tools/incoterms-calculator","/fr/tools/calculateur-incoterms","/sw/zana/kikokotoo-incoterms","",""
"trade-finance-comparator","Trade & Import","/tools/trade-finance-comparator","/fr/tools/comparateur-financement-commerce","/sw/zana/kilinganisha-fedha-za-biashara","",""
"commodity-tracker","Trade & Import","/tools/commodity-tracker","/fr/tools/suivi-matieres-premieres","/sw/zana/ufuatiliaji-bei-za-bidhaa","",""
"diamond-valuation","Mining & Extractives","/tools/diamond-valuation","/fr/tools/evaluation-diamant","/sw/zana/thamani-ya-almasi","",""
"oil-well-production","Mining & Extractives","/tools/oil-well-production","/fr/tools/production-puits-petrole","/sw/zana/uzalishaji-wa-kisima-cha-mafuta","",""
"oil-gas-revenue","Mining & Extractives","/tools/oil-gas-revenue","/fr/tools/partage-revenus-petrole-gaz","/sw/zana/mgawanyo-wa-mapato-ya-mafuta-na-gesi","",""
"mining-license-fee","Mining & Extractives","/tools/mining-license-fee","/fr/tools/cout-licence-miniere","/sw/zana/gharama-ya-leseni-ya-madini","",""
"mining-royalty","Mining & Extractives","/tools/mining-royalty","/fr/tools/redevance-miniere","/sw/zana/mrahaba-wa-madini","",""
"artisanal-mining-income","Mining & Extractives","/tools/artisanal-mining-income","/fr/tools/revenu-minier-artisanal","/sw/zana/mapato-ya-uchimbaji-mdogo","",""
"payment-comparator","Trade & Import","/tools/payment-comparator","/fr/tools/comparateur-paiements","/sw/zana/kilinganisha-ada-za-malipo-b2b","",""
"ecowas-levy","Trade & Import","/tools/ecowas-levy","/fr/tools/ecowas-levy","/sw/zana/tozo-ya-ecowas","",""
"sadc-roo","Trade & Import","/tools/sadc-roo","/fr/tools/regles-origine-sadc","/sw/zana/kanuni-za-asili-sadc","",""
"eac-cet","Trade & Import","/tools/eac-cet","/fr/tools/tec-eac","/sw/zana/ushuru-wa-pamoja-wa-eac","",""
"proforma-invoice","Trade & Import","/tools/proforma-invoice","/fr/tools/facture-proforma","/sw/zana/ankara-proforma","",""
"packing-list","Trade & Import","/tools/packing-list","/fr/tools/liste-colisage","/sw/zana/orodha-ya-kupakia","",""
"bol-generator","Trade & Import","/tools/bol-generator","/fr/tools/generateur-connaissement","/sw/zana/bill-of-lading","",""
"passport-checklist","Government & Civic","/tools/passport-checklist","/fr/tools/checklist-passeport","/sw/zana/mwongozo-pasipoti","",""
"visa-checker","Government & Civic","/tools/visa-checker","/fr/tools/exigences-visa-afrique","/sw/zana/ukaguzi-wa-visa","",""
"national-id-guide","Government & Civic","/tools/national-id-guide","/fr/tools/guide-carte-identite","/sw/zana/mwongozo-kitambulisho-taifa","",""
"voter-registration","Government & Civic","/tools/voter-registration","/fr/tools/guide-inscription-electorale","/sw/zana/usajili-wa-mpiga-kura","",""
"africa-election-tracker","Government & Civic","/tools/africa-election-tracker","/fr/tools/suivi-elections-afrique","/sw/zana/ufuatiliaji-uchaguzi-afrika","",""
"national-pension","Government & Civic","/tools/national-pension","/fr/tools/national-pension","/sw/zana/makisio-ya-pensheni-ya-taifa","",""
"land-registry-fees","Government & Civic","/tools/land-registry-fees","/fr/tools/frais-registre-foncier","/sw/zana/ada-usajili-wa-ardhi","",""
"birth-death-cert","Government & Civic","/tools/birth-death-cert","/fr/tools/guide-naissance-deces","/sw/zana/vyeti-vya-kuzaliwa-na-kifo","",""
"marriage-cert","Government & Civic","/tools/marriage-cert","/fr/tools/guide-certificat-mariage","/sw/zana/cheti-cha-ndoa","",""
"foi-template","Government & Civic","/tools/foi-template","/fr/tools/modele-demande-acces-information","/sw/zana/rasimu-ya-ombi-la-taarifa","",""
"gov-scholarship","Government & Civic","/tools/gov-scholarship","/fr/tools/bourses-gouvernementales","/sw/zana/ufadhili-wa-serikali","",""
"social-welfare","Government & Civic","/tools/social-welfare","/fr/tools/eligibilite-aide-sociale","/sw/zana/msaada-wa-kijamii","",""
"budget-comparator","Government & Civic","/tools/budget-comparator","/fr/tools/comparateur-budget-public","/sw/zana/kilinganisha-bajeti","",""
"startup-runway","Small Business & SME","/tools/startup-runway","/fr/tools/runway-startup","/sw/zana/startup-runway","",""
"tam-sam-som","Small Business & SME","/tools/tam-sam-som","/fr/tools/taille-marche-tam-sam-som","/sw/zana/tam-sam-som","",""
"unit-economics","Small Business & SME","/tools/unit-economics","/fr/tools/economie-unitaire","/sw/zana/unit-economics","",""
"churn-rate","Small Business & SME","/tools/churn-rate","/fr/tools/taux-attrition-clients","/sw/zana/kikokotoo-churn-rate","",""
"burn-rate","Small Business & SME","/tools/burn-rate","/fr/tools/burn-rate-startup","/sw/zana/kikokotoo-burn-rate","",""
"cash-flow-forecast","Small Business & SME","/tools/cash-flow-forecast","/fr/tools/prevision-tresorerie","/sw/zana/makisio-mtiririko-wa-fedha","",""
"pos-agent","Small Business & SME","/tools/pos-agent","/fr/tools/rentabilite-agent-pos","/sw/zana/faida-ya-wakala-pos","",""
"mini-importation","Small Business & SME","/tools/mini-importation","/fr/tools/marge-mini-importation","/sw/zana/faida-ya-mini-importation","",""
"mama-put","Small Business & SME","/tools/mama-put","/fr/tools/rentabilite-restauration-rue","/sw/zana/faida-ya-mama-put","",""
"marketplace-fees","Small Business & SME","/tools/marketplace-fees","/fr/tools/frais-marketplace","/sw/zana/ada-soko-mtandaoni","",""
"genotype-checker","Health & Wellness","/tools/genotype-checker","/fr/tools/verificateur-genotype","/sw/zana/uthibitishaji-wa-genotype","/ha/kayan-aiki/duba-genotype/","localized-shell"
"blood-group","Health & Wellness","/tools/blood-group","/fr/tools/compatibilite-groupe-sanguin","/sw/zana/kundi-la-damu","",""
"maternal-mortality","Health & Wellness","/tools/maternal-mortality","/fr/tools/risque-mortalite-maternelle","/sw/zana/maandalizi-ya-afya-ya-uzazi","",""
"childbirth-cost","Health & Wellness","/tools/childbirth-cost","/fr/tools/cout-accouchement","/sw/zana/gharama-za-kujifungua","/ha/kayan-aiki/kudin-haihuwa/","localized-shell"
"csection-vs-natural","Health & Wellness","/tools/csection-vs-natural","/fr/tools/cout-cesarienne-voie-basse","/sw/zana/upasuaji-dhidi-ya-kujifungua-kawaida","",""
"dental-cost","Health & Wellness","/tools/dental-cost","/fr/tools/cout-soins-dentaires","/sw/zana/gharama-ya-meno","",""
"drug-price-compare","Health & Wellness","/tools/drug-price-compare","/fr/tools/comparateur-prix-medicaments","/sw/zana/kilinganisha-bei-za-dawa","/ha/kayan-aiki/kwatanta-farashin-magani/","localized-shell"
"traditional-vs-western","Health & Wellness","/tools/traditional-vs-western","/fr/tools/cout-medecine-traditionnelle-moderne","/sw/zana/kulinganisha-mipango-ya-matibabu","",""
"african-meal-plan","Health & Wellness","/tools/african-meal-plan","/fr/tools/plan-repas-africain","/sw/zana/mpango-wa-milo-afrika","/ha/kayan-aiki/abincin-afirka/","localized-shell"
"child-growth","Health & Wellness","/tools/child-growth","/fr/tools/croissance-enfant","/sw/zana/ukuaji-wa-mtoto","",""
"hiv-treatment-cost","Health & Wellness","/tools/hiv-treatment-cost","/fr/tools/cout-traitement-vih","/sw/zana/gharama-za-huduma-ya-vvu","",""
"tb-tracker","Health & Wellness","/tools/tb-tracker","/fr/tools/suivi-traitement-tuberculose","/sw/zana/ratiba-ya-huduma-ya-kifua-kikuu","",""
"cholera-risk","Health & Wellness","/tools/cholera-risk","/fr/tools/risque-cholera","/sw/zana/hatari-ya-kipindupindu","",""
"ebola-checklist","Health & Wellness","/tools/ebola-checklist","/fr/tools/checklist-ebola","/sw/zana/orodha-ya-ukaguzi-wa-ebola","",""
"hep-b-screening","Health & Wellness","/tools/hep-b-screening","/fr/tools/cout-depistage-hepatite-b","/sw/zana/uchunguzi-wa-hepatitis-b","",""
"medical-tourism","Health & Wellness","/tools/medical-tourism","/fr/tools/comparateur-tourisme-medical","/sw/zana/bajeti-ya-safari-ya-matibabu","",""
"eye-care-cost","Health & Wellness","/tools/eye-care-cost","/fr/tools/cout-soins-oculaires","/sw/zana/gharama-za-huduma-ya-macho","",""
"mental-health-cost","Health & Wellness","/tools/mental-health-cost","/fr/tools/cout-sante-mentale","/sw/zana/bajeti-ya-afya-ya-akili","",""
"pregnancy-nutrition","Health & Wellness","/tools/pregnancy-nutrition","/fr/tools/nutrition-grossesse","/sw/zana/lishe-wakati-wa-ujauzito","",""
"breastfeeding-tracker","Health & Wellness","/tools/breastfeeding-tracker","/fr/tools/suivi-allaitement","/sw/zana/ufuatiliaji-kunyonyesha","",""
"gym-cost-compare","Health & Wellness","/tools/gym-cost-compare","/fr/tools/comparateur-cout-salle-sport","/sw/zana/kulinganisha-gharama-za-gym","",""
"home-workout","Health & Wellness","/tools/home-workout","/fr/tools/entrainement-maison","/sw/zana/mpango-wa-mazoezi-ya-nyumbani","",""
"car-insurance","Insurance","/tools/car-insurance","/fr/tools/assurance-auto","/sw/zana/kikokotoo-bima-ya-gari","",""
"health-insurance-compare","Insurance","/tools/health-insurance-compare","/fr/tools/comparateur-assurance-sante","/sw/zana/kilinganisha-bima-ya-afya","",""
"life-insurance-calc","Insurance","/tools/life-insurance-calc","/fr/tools/assurance-vie","/sw/zana/kikokotoo-bima-ya-maisha","",""
"funeral-insurance","Insurance","/tools/funeral-insurance","/fr/tools/assurance-obseques","/sw/zana/kikokotoo-bima-ya-mazishi","",""
"motor-third-party","Insurance","/tools/motor-third-party","/fr/tools/prime-responsabilite-auto","/sw/zana/bima-ya-lazima-ya-gari","",""
"business-insurance","Insurance","/tools/business-insurance","/fr/tools/assurance-entreprise","/sw/zana/kikokotoo-bima-ya-biashara","",""
"travel-insurance","Insurance","/tools/travel-insurance","/fr/tools/assurance-voyage","/sw/zana/kikokotoo-bima-ya-safari","",""
"workers-comp","Insurance","/tools/workers-comp","/fr/tools/indemnisation-accident-travail","/sw/zana/fidia-ya-wafanyakazi","",""
"health-contribution","Insurance","/tools/health-contribution","/fr/tools/contribution-sante","/sw/zana/kikokotoo-mchango-wa-afya","",""
"mobile-vs-bank","Fintech & Banking","/tools/mobile-vs-bank","/fr/tools/mobile-money-vs-banque","/sw/zana/pesa-simu-dhidi-ya-benki","/ha/kayan-aiki/waya-ko-banki/","localized-shell"
"fixed-deposit","Fintech & Banking","/tools/fixed-deposit","/fr/tools/depot-terme","/sw/zana/kikokotoo-amana-ya-muda","",""
"tbill-calc","Fintech & Banking","/tools/tbill-calc","/fr/tools/rendement-bons-tresor","/sw/zana/kikokotoo-hati-za-hazina","",""
"real-return","Fintech & Banking","/tools/real-return","/fr/tools/rendement-reel-inflation","/sw/zana/faida-halisi-baada-ya-mfumuko","",""
"loan-shark-compare","Fintech & Banking","/tools/loan-shark-compare","/fr/tools/pret-usurier-vs-banque","/sw/zana/mkopeshaji-hatari-dhidi-ya-benki","",""
"microfinance-loan","Fintech & Banking","/tools/microfinance-loan","/fr/tools/pret-microfinance","/sw/zana/kikokotoo-mkopo-wa-microfinance","",""
"digital-lending","Fintech & Banking","/tools/digital-lending","/fr/tools/taux-credit-digital","/sw/zana/mikopo-ya-kidijitali","",""
"sacco-calc","Fintech & Banking","/tools/sacco-calc","/fr/tools/calculateur-sacco-cooperative","/sw/zana/kikokotoo-sacco-na-vyama-vya-akiba","",""
"payment-gateway","Fintech & Banking","/tools/payment-gateway","/fr/tools/comparateur-passerelle-paiement","/sw/zana/ada-za-payment-gateway","",""
"bnpl-calc","Fintech & Banking","/tools/bnpl-calc","/fr/tools/cout-bnpl","/sw/zana/lipa-sasa-au-baadaye","",""
"emergency-fund","Fintech & Banking","/tools/emergency-fund","/fr/tools/fonds-urgence","/sw/zana/mfuko-wa-dharura","",""
"business-registration","Mortgage & Property","/tools/business-registration","/fr/tools/enregistrement-entreprise","/sw/zana/usajili-biashara","/ha/kayan-aiki/rajistar-kasuwanci/","english-fallback"
"company-type-selector","Mortgage & Property","/tools/company-type-selector","/fr/tools/choisir-forme-societe","/sw/zana/kichagua-aina-ya-kampuni","",""
"nda-generator","Mortgage & Property","/tools/nda-generator","/fr/tools/generateur-nda","/sw/zana/kizalishaji-nda","",""
"privacy-policy-gen","Mortgage & Property","/tools/privacy-policy-gen","/fr/tools/generateur-politique-confidentialite","/sw/zana/kizalishaji-sera-ya-faragha","",""
"will-generator","Mortgage & Property","/tools/will-generator","/fr/tools/generateur-testament","/sw/zana/kizalishaji-wosia","",""
"ndpa-checker","Mortgage & Property","/tools/ndpa-checker","/fr/tools/verificateur-ndpa","/sw/zana/ukaguzi-wa-ndpa-nigeria","",""
"popia-checker","Mortgage & Property","/tools/popia-checker","/fr/tools/verificateur-popia","/sw/zana/ukaguzi-wa-popia-afrika-kusini","",""
"child-support","Mortgage & Property","/tools/child-support","/fr/tools/pension-alimentaire-enfant","/sw/zana/matunzo-ya-mtoto","",""
"court-fees","Mortgage & Property","/tools/court-fees","/fr/tools/frais-tribunal","/sw/zana/ada-za-mahakama","",""
"telecom-data-plan","Telecom & Mobile","/telecom/data-plan-compare","/fr/telecom/comparateur-forfaits-data","/sw/zana/kilinganisha-vifurushi-vya-data","",""
"telecom-ussd","Telecom & Mobile","/telecom/ussd-directory","/fr/telecom/annuaire-codes-ussd","/sw/zana/saraka-ya-misimbo-ussd","/ha/kayan-aiki/lambobin-ussd/","localized-shell"
"telecom-roaming","Telecom & Mobile","/telecom/roaming-cost","/fr/telecom/calculateur-roaming","/sw/zana/kikokotoo-gharama-za-roaming","",""
"telecom-starlink","Telecom & Mobile","/telecom/starlink-compare","/fr/telecom/comparateur-starlink-isp","/sw/zana/starlink-dhidi-ya-isp-za-ndani","",""
"telecom-tv","Telecom & Mobile","/telecom/tv-compare","/fr/telecom/comparateur-tv-streaming","/sw/zana/kilinganisha-tv-na-streaming","",""
"telecom-data-usage","Telecom & Mobile","/telecom/data-usage-calc","/fr/telecom/calculateur-consommation-data","/sw/zana/kikokotoo-matumizi-ya-data","/ha/kayan-aiki/amfanin-bayanan-intanet/","localized-shell"
"telecom-airtime","Telecom & Mobile","/telecom/airtime-value","/fr/telecom/valeur-credit-telephonique","/sw/zana/thamani-ya-vocha-ya-simu","/ha/kayan-aiki/darajar-katin-waya/","localized-shell"
"telecom-portability","Telecom & Mobile","/telecom/number-portability","/fr/telecom/portabilite-numero-mobile","/sw/zana/mwongozo-kuhamisha-namba","",""
"telecom-sim-reg","Telecom & Mobile","/telecom/sim-registration","/fr/telecom/verification-enregistrement-sim","/sw/zana/ukaguzi-usajili-wa-sim","/ha/kayan-aiki/rajistar-layin-waya-nin/","localized-shell"
"telecom-internet","Telecom & Mobile","/telecom/internet-compare","/fr/telecom/comparateur-internet","/sw/zana/kilinganisha-intaneti","",""
"telecom-fiber-lte-5g","Telecom & Mobile","/telecom/fiber-lte-5g","/fr/telecom/fibre-lte-5g","/sw/zana/fiber-dhidi-ya-lte-na-5g","",""
"telecom-business-internet","Telecom & Mobile","/telecom/business-internet","/fr/telecom/internet-entreprise","/sw/zana/kikokotoo-intaneti-ya-biashara","",""
"telecom-bulk-sms","Telecom & Mobile","/telecom/bulk-sms-pricing","/fr/telecom/prix-sms-pro","/sw/zana/kikokotoo-bei-ya-sms-nyingi","",""
"telecom-whatsapp-vs-sms","Telecom & Mobile","/telecom/whatsapp-vs-sms","/fr/telecom/whatsapp-vs-sms","/sw/zana/whatsapp-business-dhidi-ya-sms","",""
"electricity-tariff","Energy & Utilities","/tools/electricity-tariff","/fr/tools/tarifs-electricite","/sw/zana/kikokotoo-tariff-ya-umeme","",""
"solar-roi","Energy & Utilities","/tools/solar-roi","/fr/tools/roi-solaire","/sw/zana/faida-ya-solar","",""
"solar-vs-generator","Energy & Utilities","/tools/solar-vs-generator","/fr/tools/solaire-vs-generateur","/sw/zana/solar-dhidi-ya-generator","",""
"electricity-bill-verify","Energy & Utilities","/tools/electricity-bill-verify","/fr/tools/verifier-facture-electricite","/sw/zana/ukaguzi-wa-bili-ya-umeme","",""
"water-bill","Energy & Utilities","/tools/water-bill","/fr/tools/calculateur-facture-eau","/sw/zana/kikokotoo-bili-ya-maji","",""
"gas-lpg-cost","Energy & Utilities","/tools/gas-lpg-cost","/fr/tools/cout-gaz-lpg","/sw/zana/gharama-za-gesi-lpg","",""
"paygo-solar","Energy & Utilities","/tools/paygo-solar","/fr/tools/solaire-paygo","/sw/zana/paygo-solar","",""
"outage-cost","Energy & Utilities","/tools/outage-cost","/fr/tools/cout-coupure-entreprise","/sw/zana/gharama-ya-kukatika-umeme","",""
"solar-sizing","Energy & Utilities","/tools/solar-sizing","/fr/tools/dimensionnement-solaire","/sw/zana/ukubwa-wa-mfumo-wa-solar","",""
"battery-sizing","Energy & Utilities","/tools/battery-sizing","/fr/tools/dimensionnement-batterie-onduleur","/sw/zana/ukubwa-wa-betri-na-inverter","",""
"energy-audit","Energy & Utilities","/tools/energy-audit","/fr/tools/audit-energie-maison","/sw/zana/ukaguzi-wa-nishati-nyumbani","",""
"appliance-power","Energy & Utilities","/tools/appliance-power","/fr/tools/consommation-appareils","/sw/zana/matumizi-ya-umeme-ya-vifaa","",""
"backup-duration","Energy & Utilities","/tools/backup-duration","/fr/tools/autonomie-secours","/sw/zana/muda-wa-backup-ya-betri","",""
"diesel-vs-solar-farm","Energy & Utilities","/tools/diesel-vs-solar-farm","/fr/tools/diesel-vs-solaire-ferme","/sw/zana/dizeli-dhidi-ya-solar-shambani","",""
"mini-grid-feasibility","Energy & Utilities","/tools/mini-grid-feasibility","/fr/tools/faisabilite-mini-reseau","/sw/zana/uwezekano-wa-mini-grid","",""
"carbon-footprint-energy","Energy & Utilities","/tools/carbon-footprint-energy","/fr/tools/empreinte-carbone-energie","/sw/zana/alama-ya-kaboni-ya-nishati","",""
"ev-charging","Energy & Utilities","/tools/ev-charging","/fr/tools/cout-recharge-ev","/sw/zana/gharama-za-kuchaji-ev","",""
"biogas-roi","Energy & Utilities","/tools/biogas-roi","/fr/tools/roi-biogaz","/sw/zana/faida-ya-biogas","",""
"generator-fuel","Energy & Utilities","/tools/generator-fuel","/fr/tools/carburant-generateur","/sw/zana/gharama-za-mafuta-ya-generator","",""
"car-import-cost","Transport & Logistics","/tools/car-import-cost","/fr/tools/cout-importation-voiture","/sw/zana/gharama-kuagiza-gari","",""
"car-price-intelligence","Transport & Logistics","/cars","/fr/cars","/sw/zana/bei-na-akili-ya-gari","",""
"ride-fare","Transport & Logistics","/tools/ride-fare","/fr/tools/tarif-vtc-taxi","/sw/zana/nauli-za-ride-hailing","",""
"boda-income","Transport & Logistics","/tools/boda-income","/fr/tools/revenu-boda","/sw/zana/mapato-ya-boda-boda","",""
"matatu-fare","Transport & Logistics","/tools/matatu-fare","/fr/tools/tarif-matatu-danfo","/sw/zana/nauli-za-matatu-danfo-trotro","",""
"delivery-cost","Transport & Logistics","/tools/delivery-cost","/fr/tools/cout-livraison","/sw/zana/gharama-ya-delivery","",""
"car-loan-vs-cash","Transport & Logistics","/tools/car-loan-vs-cash","/fr/tools/voiture-credit-vs-comptant","/sw/zana/mkopo-wa-gari-dhidi-ya-fedha-taslimu","",""
"vehicle-registration","Transport & Logistics","/tools/vehicle-registration","/fr/tools/checklist-immatriculation-vehicule","/sw/zana/usajili-na-nyaraka-za-gari","",""
"roadworthiness","Transport & Logistics","/tools/roadworthiness","/fr/tools/checklist-visite-technique","/sw/zana/ukaguzi-wa-roadworthiness","",""
"vehicle-depreciation","Transport & Logistics","/tools/vehicle-depreciation","/fr/tools/depreciation-vehicule","/sw/zana/kushuka-thamani-ya-gari","",""
"study-abroad-cost","Education","/tools/study-abroad-cost","/fr/tools/cout-etudes-etranger","/sw/zana/gharama-za-kusoma-nje","",""
"teacher-salary","Education","/tools/teacher-salary","/fr/tools/salaire-enseignant","/sw/zana/mshahara-wa-mwalimu","",""
"student-loan-repay","Education","/tools/student-loan-repay","/fr/tools/remboursement-pret-etudiant","/sw/zana/marejesho-ya-mkopo-wa-mwanafunzi","",""
"nysc-allowance","Education","/tools/nysc-allowance","/fr/tools/allocation-nysc","/sw/zana/posho-ya-nysc","/ha/kayan-aiki/alawus-na-nysc/","localized-shell"
"kcse-calculator","Education","/tools/kcse-calculator","/fr/tools/calculateur-kcse","/sw/zana/kikokotoo-kcse","",""
"national-service-gh","Education","/tools/national-service-gh","/fr/tools/allocation-service-national-ghana","/sw/zana/posho-ya-national-service-ghana","",""
"university-admission","Education","/tools/university-admission","/fr/tools/parcours-admission-universite","/sw/zana/njia-ya-kuingia-chuo-kikuu","",""
"student-budget","Education","/tools/student-budget","/fr/tools/budget-etudiant","/sw/zana/bajeti-ya-mwanafunzi","/ha/kayan-aiki/kasafin-dalibi/","localized-shell"
"coding-bootcamp","Education","/tools/coding-bootcamp","/fr/tools/comparateur-bootcamp","/sw/zana/mafunzo-ya-kina-ya-programu","",""
"african-proverbs","Religious & Cultural","/tools/african-proverbs","/fr/tools/generateur-proverbes-africains","/sw/zana/methali-za-afrika","",""
"afroprices","Uniquely African","/tools/afroprices","/fr/tools/afroprix","/sw/zana/afroprices","",""
"ankara-kente-cost","Uniquely African","/tools/ankara-kente-cost","/fr/tools/cout-ankara-kente","/sw/zana/gharama-ya-ankara-na-kente","",""
"fabric-cost","Uniquely African","/tools/fabric-cost","/fr/tools/cout-tissu-matiere","/sw/zana/gharama-ya-kitambaa","",""
"career-growth","Career & Development","/tools/career-growth","/fr/tools/croissance-carriere","/sw/zana/ukuaji-wa-kazi","",""
"career-switch","Career & Development","/tools/career-switch","/fr/tools/changement-carriere","/sw/zana/kubadili-kazi","",""
"retirement-readiness","Career & Development","/tools/retirement-readiness","/fr/tools/preparation-retraite","/sw/zana/utayari-wa-kustaafu","",""
"salary-negotiation","Career & Development","/tools/salary-negotiation","/fr/tools/negociation-salaire","/sw/zana/majadiliano-ya-mshahara","",""
"drought-risk","Climate & Environment","/tools/drought-risk","/fr/tools/risque-secheresse","/sw/zana/hatari-ya-ukame","/ha/noma/hadarin-fari/","localized-shell"
"water-scarcity","Climate & Environment","/tools/water-scarcity","/fr/tools/penurie-eau","/sw/zana/upungufu-wa-maji","",""
"rainfall-tracker","Climate & Environment","/tools/rainfall-tracker","/fr/tools/suivi-pluviometrie","/sw/zana/kifuatiliaji-mvua","",""
"carbon-credit","Climate & Environment","/tools/carbon-credit","/fr/tools/revenus-credits-carbone","/sw/zana/mapato-ya-carbon-credit","",""
"flood-risk","Climate & Environment","/tools/flood-risk","/fr/tools/risque-inondation","/sw/zana/hatari-ya-mafuriko","",""
"air-quality","Climate & Environment","/tools/air-quality","/fr/tools/indice-qualite-air","/sw/zana/ubora-wa-hewa","",""
"deforestation","Climate & Environment","/tools/deforestation","/fr/tools/impact-deforestation","/sw/zana/athari-ya-ukataji-misitu","",""
"waste-management","Climate & Environment","/tools/waste-management","/fr/tools/cout-gestion-dechets","/sw/zana/gharama-za-usimamizi-wa-taka","",""
"recycling-revenue","Climate & Environment","/tools/recycling-revenue","/fr/tools/revenus-recyclage","/sw/zana/mapato-ya-recycling","",""
"charcoal-vs-clean","Climate & Environment","/tools/charcoal-vs-clean","/fr/tools/charbon-vs-cuisson-propre","/sw/zana/mkaa-dhidi-ya-nishati-safi","",""
"ewaste-value","Climate & Environment","/tools/ewaste-value","/fr/tools/valeur-dechets-electroniques","/sw/zana/thamani-ya-e-waste","",""
"tree-planting-roi","Climate & Environment","/tools/tree-planting-roi","/fr/tools/roi-plantation-arbres","/sw/zana/faida-ya-kupanda-miti","",""
"sustainability-scorecard","Climate & Environment","/tools/sustainability-scorecard","/fr/tools/score-durabilite-entreprise","/sw/zana/kadi-ya-uendelevu-wa-biashara","",""
"african-palette","Creative Economy","/tools/african-palette","/fr/tools/palette-couleurs-africaines","/sw/zana/rangi-za-afrika","",""
"afrostream","Creative Economy","/tools/afrostream","/fr/tools/afrostream-afrique-s-createur-streaming-hub","/sw/zana/afrostream","",""
"art-commission","Creative Economy","/tools/art-commission","/fr/tools/prix-commande-art","/sw/zana/bei-ya-kazi-ya-sanaa","",""
"book-publishing-cost","Creative Economy","/tools/book-publishing-cost","/fr/tools/cout-publication-livre","/sw/zana/gharama-ya-kuchapisha-kitabu","",""
"creator-analytics","Creative Economy","/tools/creator-analytics","/fr/tools/stats-createur","/sw/zana/takwimu-za-mtayarishi","",""
"creator-bios","Creative Economy","/tools/creator-bios","/fr/tools/bio-createur","/sw/zana/bio-za-mitandao","",""
"creator-brand","Creative Economy","/tools/creator-brand","/fr/tools/kit-de-marque-pour-createur","/sw/zana/brand-kit-ya-mtayarishi","",""
"creator-calendar","Creative Economy","/tools/creator-calendar","/fr/tools/calendrier-createur","/sw/zana/kalenda-ya-mtayarishi","",""
"creator-canvas","Creative Economy","/tools/creator-canvas","/fr/tools/canevas-de-projet-pour-createur","/sw/zana/canvas-ya-mtayarishi","",""
"creator-captions","Creative Economy","/tools/creator-captions","/fr/tools/legendes-createur","/sw/zana/caption-za-maudhui","",""
"creator-carousel","Creative Economy","/tools/creator-carousel","/fr/tools/createur-de-carrousel","/sw/zana/carousel-ya-mitandao","",""
"creator-clip","Creative Economy","/tools/creator-clip","/fr/tools/decoupe-de-video-pour-createur","/sw/zana/kukata-video-za-mtayarishi","",""
"creator-club","Creative Economy","/tools/creator-club","/fr/tools/club-des-createurs","/sw/zana/klabu-ya-watayarishi","",""
"creator-course","Creative Economy","/tools/creator-course","/fr/tools/cours-pour-createurs","/sw/zana/kozi-ya-watayarishi","",""
"creator-desk","Creative Economy","/tools/creator-desk","/fr/tools/bureau-du-createur","/sw/zana/dawati-la-mtayarishi","",""
"creator-hashtags","Creative Economy","/tools/creator-hashtags","/fr/tools/hashtags-createur","/sw/zana/hashtag-za-maudhui","",""
"creator-hooks","Creative Economy","/tools/creator-hooks","/fr/tools/accroches-de-contenu-pour-createur","/sw/zana/hook-za-video","",""
"creator-invoice","Creative Economy","/tools/creator-invoice","/fr/tools/facture-createur","/sw/zana/ankara-ya-mtayarishi","",""
"creator-kit","Creative Economy","/tools/creator-kit","/fr/tools/kit-media-pour-createur","/sw/zana/media-kit-ya-mtayarishi","",""
"creator-mail","Creative Economy","/tools/creator-mail","/fr/tools/courriels-pour-createur","/sw/zana/barua-ya-mtayarishi","",""
"creator-mind","Creative Economy","/tools/creator-mind","/fr/tools/idees-de-contenu-pour-createur","/sw/zana/mawazo-ya-mtayarishi","",""
"creator-money","Creative Economy","/tools/creator-money","/fr/tools/revenus-du-createur","/sw/zana/mapato-ya-mtayarishi","",""
"creator-page","Creative Economy","/tools/creator-page","/fr/tools/page-createur","/sw/zana/ukurasa-wa-mtayarishi","",""
"creator-polish","Creative Economy","/tools/creator-polish","/fr/tools/amelioration-de-contenu-pour-createur","/sw/zana/boresha-maudhui-ya-mtayarishi","",""
"creator-pricing","Creative Economy","/tools/creator-pricing","/fr/tools/tarification-pour-createur","/sw/zana/bei-za-mtayarishi","",""
"creator-record","Creative Economy","/tools/creator-record","/fr/tools/enregistrement-pour-createur","/sw/zana/kirekodi-skrini","",""
"creator-repurpose","Creative Economy","/tools/creator-repurpose","/fr/tools/reutilisation-de-contenu-pour-createur","/sw/zana/kubadilisha-maudhui-kwa-majukwaa","",""
"creator-research","Creative Economy","/tools/creator-research","/fr/tools/recherche-de-contenu-pour-createur","/sw/zana/utafiti-wa-mtayarishi","",""
"creator-resize","Creative Economy","/tools/creator-resize","/fr/tools/redimensionnement-pour-createur","/sw/zana/resize-ya-mtayarishi","",""
"creator-schedule","Creative Economy","/tools/creator-schedule","/fr/tools/planning-du-createur","/sw/zana/ratiba-ya-mtayarishi","",""
"creator-scripts","Creative Economy","/tools/creator-scripts","/fr/tools/scripts-video-pour-createur","/sw/zana/script-za-video","",""
"creator-split","Creative Economy","/tools/creator-split","/fr/tools/repartition-des-revenus-entre-createurs","/sw/zana/mgawanyo-wa-mapato-ya-watayarishi","",""
"creator-stock","Creative Economy","/tools/creator-stock","/fr/tools/mediatheque-pour-createur","/sw/zana/maktaba-ya-stock-media","",""
"creator-team","Creative Economy","/tools/creator-team","/fr/tools/equipe-du-createur","/sw/zana/timu-ya-watayarishi","",""
"creator-thumb","Creative Economy","/tools/creator-thumb","/fr/tools/miniature-pour-createur","/sw/zana/thumbnail-ya-mtayarishi","",""
"creator-titles","Creative Economy","/tools/creator-titles","/fr/tools/titres-de-contenu-pour-createur","/sw/zana/vichwa-vya-maudhui","",""
"creator-voice","Creative Economy","/tools/creator-voice","/fr/tools/voix-de-marque-du-createur","/sw/zana/rekodi-na-hariri-sauti","",""
"engagement-rate","Creative Economy","/tools/engagement-rate","/fr/tools/taux-engagement","/sw/zana/kiwango-cha-ushiriki","",""
"linkedin-optimizer","Creative Economy","/tools/linkedin-optimizer","/fr/tools/optimiseur-linkedin","/sw/zana/boresha-linkedin","",""
"music-royalty-splitter","Creative Economy","/tools/music-royalty-splitter","/fr/tools/partage-redevances-musicales","/sw/zana/mgawanyo-wa-mrahaba-wa-muziki","",""
"personal-brand-audit","Creative Economy","/tools/personal-brand-audit","/fr/tools/audit-marque-personnelle","/sw/zana/ukaguzi-wa-personal-brand","",""
"photography-pricing","Creative Economy","/tools/photography-pricing","/fr/tools/prix-seance-photo","/sw/zana/bei-ya-upigaji-picha","",""
"podcast-monetization","Creative Economy","/tools/podcast-monetization","/fr/tools/monetisation-podcast","/sw/zana/mapato-ya-podcast","",""
"self-publishing-royalty","Creative Economy","/tools/self-publishing-royalty","/fr/tools/calculateur-de-droits-d-autoedition","/sw/zana/mrahaba-wa-kujichapishia","",""
"social-media-calendar","Creative Economy","/tools/social-media-calendar","/fr/tools/calendrier-medias-sociaux","/sw/zana/kalenda-ya-mitandao-ya-kijamii","",""
"wedding-photo-package","Creative Economy","/tools/wedding-photo-package","/fr/tools/forfait-photo-mariage","/sw/zana/package-ya-picha-za-harusi","",""
"african-api-directory","Developer Tools","/tools/african-api-directory","/fr/tools/annuaire-api-africaines","/sw/zana/saraka-ya-api-afrika","",""
"african-domains","Developer Tools","/tools/african-domains","/fr/tools/verificateur-domaines-africains","/sw/zana/vikoa-vya-afrika","",""
"commit-message-gen","Developer Tools","/tools/commit-message-gen","/fr/tools/generateur-message-commit","/sw/zana/kizalishaji-ujumbe-wa-commit","",""
"dev-tools","Developer Tools","/tools/dev-tools","/fr/tools/outils-dev","/sw/zana/kituo-cha-developer","",""
"docker-compose-gen","Developer Tools","/tools/docker-compose-gen","/fr/tools/generateur-docker-compose","/sw/zana/kizalishaji-docker-compose","",""
"hosting-compare","Developer Tools","/tools/hosting-compare","/fr/tools/comparateur-hebergement","/sw/zana/kulinganisha-hosting","",""
"pwa-manifest","Developer Tools","/tools/pwa-manifest","/fr/tools/generateur-manifest-pwa","/sw/zana/kizalishaji-pwa-manifest","",""
"ussd-flow-builder","Developer Tools","/tools/ussd-flow-builder","/fr/tools/constructeur-flux-ussd","/sw/zana/mjenzi-mtiririko-ussd","",""
"immigration-points","Diaspora","/tools/immigration-points","/fr/tools/calculateur-de-points-d-immigration","/sw/zana/kikokotoo-pointi-za-uhamiaji","",""
"visa-tracker","Diaspora","/tools/visa-tracker","/fr/tools/suivi-de-demande-de-visa","/sw/zana/kifuatiliaji-ombi-la-visa","",""
"document-pdf","Document & PDF","/document-pdf","/fr/document-pdf","/sw/hati-na-pdf","/ha/takardu-da-pdf/","native"
"freelance-invoice","Document & PDF","/tools/freelance-invoice","/fr/tools/facture-freelance","/sw/zana/ankara-ya-freelancer","",""
"boarding-school","Education","/tools/boarding-school","/fr/tools/cout-internat","/sw/zana/gharama-ya-shule-ya-bweni","",""
"cert-roi","Education","/tools/cert-roi","/fr/tools/roi-certification","/sw/zana/faida-ya-cheti","",""
"classroom-size","Education","/tools/classroom-size","/fr/tools/capacite-salle-classe","/sw/zana/ukubwa-wa-darasa","",""
"course-load","Education","/tools/course-load","/fr/tools/charge-cours","/sw/zana/mzigo-wa-masomo","",""
"edu-savings","Education","/tools/edu-savings","/fr/tools/epargne-etudes","/sw/zana/akiba-ya-elimu","",""
"exam-timetable","Education","/tools/exam-timetable","/fr/tools/planning-examens","/sw/zana/ratiba-ya-mtihani","",""
"interview-prep","Education","/tools/interview-prep","/fr/tools/preparation-entretien","/sw/zana/maandalizi-ya-mahojiano","",""
"plagiarism-pct","Education","/tools/plagiarism-pct","/fr/tools/pourcentage-plagiat","/sw/zana/asilimia-ya-ufanano","",""
"tutoring-rate","Education","/tools/tutoring-rate","/fr/tools/calculateur-tarif-tutorat","/sw/zana/bei-ya-tutoring","",""
"asset-finance","Fintech & Banking","/tools/asset-finance","/fr/tools/financement-actifs","/sw/zana/ufadhili-wa-mali","",""
"b2b-payment","Fintech & Banking","/tools/b2b-payment","/fr/tools/paiement-b2b-transfrontalier","/sw/zana/malipo-ya-biashara-kwa-biashara","",""
"bill-split","Fintech & Banking","/tools/bill-split","/fr/tools/partage-addition","/sw/zana/kigawanya-bili-na-bakshishi","",""
"bond-yield","Fintech & Banking","/tools/bond-yield","/fr/tools/rendement-obligations","/sw/zana/mavuno-ya-hatifungani","",""
"credit-score","Fintech & Banking","/tools/credit-score","/fr/tools/score-credit","/sw/zana/alama-ya-mkopo","",""
"dca-calc","Fintech & Banking","/tools/dca-calc","/fr/tools/dca-investissement","/sw/zana/ununuzi-wa-mara-kwa-mara","",""
"debt-snowball","Fintech & Banking","/tools/debt-snowball","/fr/tools/boule-neige-dettes","/sw/zana/mpango-wa-kulipa-madeni","",""
"dividend-yield","Fintech & Banking","/tools/dividend-yield","/fr/tools/rendement-dividendes","/sw/zana/mavuno-ya-gawio","",""
"fire-calc","Fintech & Banking","/tools/fire-calc","/fr/tools/calculateur-fire","/sw/zana/kikokotoo-fire","",""
"invoice-factoring","Fintech & Banking","/tools/invoice-factoring","/fr/tools/affacturage","/sw/zana/factoring-ankara","",""
"loan-consolidation","Fintech & Banking","/tools/loan-consolidation","/fr/tools/consolidation-prets","/sw/zana/unganisha-mikopo","",""
"merchant-fees","Fintech & Banking","/tools/merchant-fees","/fr/tools/frais-marchand","/sw/zana/ada-mfanyabiashara","",""
"money-market","Fintech & Banking","/tools/money-market","/fr/tools/comparateur-fonds-monetaires","/sw/zana/kilinganisha-mfuko-wa-soko-la-fedha","",""
"net-worth","Fintech & Banking","/tools/net-worth","/fr/tools/suivi-valeur-nette","/sw/zana/thamani-halisi","",""
"pos-fees","Fintech & Banking","/tools/pos-fees","/fr/tools/frais-pos","/sw/zana/ada-pos","",""
"property-vs-stocks","Fintech & Banking","/tools/property-vs-stocks","/fr/tools/immobilier-vs-actions","/sw/zana/mali-dhidi-ya-hisa","",""
"qr-payment","Fintech & Banking","/tools/qr-payment","/fr/tools/cout-paiement-qr","/sw/zana/gharama-za-malipo-ya-qr","",""
"stock-portfolio","Fintech & Banking","/tools/stock-portfolio","/fr/tools/suivi-portefeuille-actions","/sw/zana/ufuatiliaji-wa-hisa","",""
"thrift-calc","Fintech & Banking","/tools/thrift-calc","/fr/tools/rendement-tontine-cooperative","/sw/zana/kikokotoo-vikundi-vya-akiba-na-mzunguko","",""
"trade-credit","Fintech & Banking","/tools/trade-credit","/fr/tools/credit-commercial","/sw/zana/masharti-ya-mkopo-wa-biashara","",""
"kenya-dpa","Government & Civic","/tools/kenya-dpa","/fr/tools/conformite-dpa-kenya","/sw/zana/ukaguzi-wa-dpa-kenya","",""
"work-permit-cost","Government & Civic","/tools/work-permit-cost","/fr/tools/cout-permis-travail","/sw/zana/gharama-za-kibali-cha-kazi","",""
"contractor-vs-employee","HR & Payroll","/tools/contractor-vs-employee","/fr/tools/contractant-vs-salarie","/sw/zana/mkandarasi-dhidi-ya-mfanyakazi","",""
"domestic-worker","HR & Payroll","/tools/domestic-worker","/fr/tools/salaire-employe-maison","/sw/zana/mshahara-wa-mfanyakazi-wa-nyumbani","",""
"employee-cost","HR & Payroll","/tools/employee-cost","/fr/tools/cout-total-employe","/sw/zana/gharama-ya-mfanyakazi","",""
"gratuity-calculator","HR & Payroll","/tools/gratuity-calculator","/fr/tools/calculateur-indemnite-depart","/sw/zana/kikokotoo-kiinua-mgongo","",""
"maternity-leave","HR & Payroll","/tools/maternity-leave","/fr/tools/conge-maternite-paternite","/sw/zana/kikokotoo-likizo-ya-uzazi","",""
"retrenchment-calculator","HR & Payroll","/tools/retrenchment-calculator","/fr/tools/calculateur-d-indemnite-de-licenciement","/sw/zana/kikokotoo-malipo-ya-kuachishwa-kazi","",""
"claim-tracker","Insurance","/tools/claim-tracker","/fr/tools/suivi-sinistre-assurance","/sw/zana/ufuatiliaji-wa-dai","",""
"crop-insurance-calc","Insurance","/tools/crop-insurance-calc","/fr/tools/assurance-recolte","/sw/zana/kikokotoo-bima-ya-mazao","",""
"fire-insurance","Insurance","/tools/fire-insurance","/fr/tools/assurance-incendie","/sw/zana/kikokotoo-bima-ya-moto","",""
"insurance-fraud-checker","Insurance","/tools/insurance-fraud-checker","/fr/tools/signaux-fraude-assurance","/sw/zana/ukaguzi-wa-ishara-za-udanganyifu-wa-bima","",""
"marine-insurance","Insurance","/tools/marine-insurance","/fr/tools/assurance-maritime-cargo","/sw/zana/kikokotoo-bima-ya-bahari","",""
"microinsurance","Insurance","/tools/microinsurance","/fr/tools/prime-microassurance","/sw/zana/bima-ndogo","",""
"professional-indemnity","Insurance","/tools/professional-indemnity","/fr/tools/assurance-responsabilite-professionnelle","/sw/zana/bima-ya-dhima-ya-kitaalamu","",""
"affidavit-generator","Mortgage & Property","/tools/affidavit-generator","/fr/tools/generateur-affidavit","/sw/zana/kizalishaji-kiapo","",""
"annual-returns","Mortgage & Property","/tools/annual-returns","/fr/tools/declarations-annuelles-societes","/sw/zana/marejesho-ya-mwaka-ya-kampuni","",""
"bail-calculator","Mortgage & Property","/tools/bail-calculator","/fr/tools/calculateur-caution-penale","/sw/zana/kikokotoo-dhamana","",""
"board-resolution","Mortgage & Property","/tools/board-resolution","/fr/tools/modele-resolution-conseil","/sw/zana/azimio-la-bodi","",""
"breach-notification","Mortgage & Property","/tools/breach-notification","/fr/tools/notification-violation-donnees","/sw/zana/taarifa-ya-uvujaji-wa-data","",""
"business-license","Mortgage & Property","/tools/business-license","/fr/tools/licence-entreprise","/sw/zana/leseni-ya-biashara","",""
"cookie-consent","Mortgage & Property","/tools/cookie-consent","/fr/tools/banniere-consentement-cookies","/sw/zana/kibali-cha-vidakuzi","",""
"divorce-settlement","Mortgage & Property","/tools/divorce-settlement","/fr/tools/calculateur-divorce","/sw/zana/mgawanyo-wa-talaka","",""
"dpa-generator","Mortgage & Property","/tools/dpa-generator","/fr/tools/generateur-dpa","/sw/zana/mkataba-wa-uchakataji-data","",""
"dpia-tool","Mortgage & Property","/tools/dpia-tool","/fr/tools/outil-dpia","/sw/zana/tathmini-ya-athari-za-ulinzi-wa-data","",""
"foreign-company-reg","Mortgage & Property","/tools/foreign-company-reg","/fr/tools/enregistrement-societe-etrangere","/sw/zana/usajili-wa-kampuni-ya-kigeni","",""
"gdpr-vs-africa","Mortgage & Property","/tools/gdpr-vs-africa","/fr/tools/rgpd-vs-lois-africaines","/sw/zana/gdpr-dhidi-ya-sheria-za-afrika","",""
"inheritance-tax","Mortgage & Property","/tools/inheritance-tax","/fr/tools/inheritance-tax","/sw/zana/kikokotoo-kodi-ya-urithi","",""
"ip-protection","Mortgage & Property","/tools/ip-protection","/fr/tools/guide-protection-pi","/sw/zana/mpango-wa-ulinzi-wa-mali-bunifu","",""
"legal-aid","Mortgage & Property","/tools/legal-aid","/fr/tools/eligibilite-aide-juridique-afrique","/sw/zana/ustahiki-wa-msaada-wa-kisheria","",""
"partnership-agreement","Mortgage & Property","/tools/partnership-agreement","/fr/tools/accord-partenariat","/sw/zana/mkataba-wa-ubia","",""
"power-of-attorney","Mortgage & Property","/tools/power-of-attorney","/fr/tools/procuration","/sw/zana/nguvu-ya-wakili","",""
"shareholder-agreement","Mortgage & Property","/tools/shareholder-agreement","/fr/tools/generateur-de-pacte-d-actionnaires","/sw/zana/mkataba-wa-wanahisa","",""
"statutory-declaration","Mortgage & Property","/tools/statutory-declaration","/fr/tools/declaration-solennelle","/sw/zana/tamko-la-kisheria","",""
"tin-guide","Mortgage & Property","/tools/tin-guide","/fr/tools/guide-nif","/sw/zana/mwongozo-tin","",""
"trademark-registration","Mortgage & Property","/tools/trademark-registration","/fr/tools/enregistrement-marque","/sw/zana/usajili-wa-alama-ya-biashara","",""
"winding-up","Mortgage & Property","/tools/winding-up","/fr/tools/dissolution-societe","/sw/zana/kufunga-kampuni","",""
"50-30-20-budget","Personal Finance","/tools/50-30-20-budget","/fr/tools/budget-50-30-20","/sw/zana/bajeti-50-30-20","",""
"album-budget","Personal Finance","/tools/album-budget","/fr/tools/budget-album-ep","/sw/zana/bajeti-ya-albamu","",""
"film-budget","Personal Finance","/tools/film-budget","/fr/tools/budget-film","/sw/zana/bajeti-ya-filamu","",""
"security-emergency-fund","Personal Finance","/tools/security-emergency-fund","/fr/tools/fonds-d-urgence-et-de-securite","/sw/zana/mfuko-wa-dharura-wa-usalama","",""
"side-hustle-ranker","Personal Finance","/tools/side-hustle-ranker","/fr/tools/classement-d-activites-complementaires","/sw/zana/orodha-ya-side-hustle","",""
"zakat-calculator","Religious & Cultural","/tools/zakat-calculator","/fr/tools/calculateur-zakat","/sw/zana/kikokotoo-zakat","",""
"prayer-times","Religious & Cultural","/tools/prayer-times","/fr/tools/horaires-priere-qibla","/sw/zana/nyakati-za-swala-na-qibla","",""
"ramadan-timetable","Religious & Cultural","/tools/ramadan-timetable","/fr/tools/calendrier-ramadan","/sw/zana/ratiba-ya-ramadhani","",""
"faraid-inheritance","Religious & Cultural","/tools/faraid-inheritance","/fr/tools/heritage-islamique-faraid","/sw/zana/urithi-wa-faraid","",""
"hajj-budget","Religious & Cultural","/tools/hajj-budget","/fr/tools/budget-hajj-umrah","/sw/zana/bajeti-ya-hajj-na-umrah","",""
"islamic-finance","Religious & Cultural","/tools/islamic-finance","/fr/tools/finance-islamique-profit","/sw/zana/fedha-za-kiislamu","",""
"wedding-budget","Religious & Cultural","/tools/wedding-budget","/fr/tools/budget-mariage-africain","/sw/zana/bajeti-ya-harusi","",""
"naming-ceremony","Religious & Cultural","/tools/naming-ceremony","/fr/tools/budget-ceremonie-nommage","/sw/zana/bajeti-ya-sherehe-ya-jina","",""
"funeral-cost","Religious & Cultural","/tools/funeral-cost","/fr/tools/planification-funerailles","/sw/zana/mpango-wa-gharama-za-mazishi","",""
"baby-name-generator","Religious & Cultural","/tools/baby-name-generator","/fr/tools/generateur-prenom-africain","/sw/zana/majina-ya-watoto-wa-afrika","",""
"traditional-calendar","Religious & Cultural","/tools/traditional-calendar","/fr/tools/calendrier-traditionnel","/sw/zana/kalenda-ya-kimila","",""
"age-calculator-african","Religious & Cultural","/tools/age-calculator-african","/fr/tools/calculateur-age-jour-nom","/sw/zana/umri-na-jina-la-siku-afrika","",""
"festival-calendar","Religious & Cultural","/tools/festival-calendar","/fr/tools/calendrier-festivals-culturels","/sw/zana/kalenda-ya-tamasha-za-utamaduni","",""
"aso-ebi-cost","Religious & Cultural","/tools/aso-ebi-cost","/fr/tools/cout-aso-ebi","/sw/zana/gharama-za-aso-ebi","",""
"traditional-attire","Religious & Cultural","/tools/traditional-attire","/fr/tools/cout-tenue-traditionnelle","/sw/zana/gharama-za-mavazi-ya-kimila","",""
"halal-compliance","Religious & Cultural","/tools/halal-compliance","/fr/tools/conformite-halal","/sw/zana/ukaguzi-wa-halal","",""
"islamic-calendar","Religious & Cultural","/tools/islamic-calendar","/fr/tools/convertisseur-calendrier-islamique","/sw/zana/kalenda-ya-kiislamu","",""
"cctv-cost","Security & Safety","/tools/cctv-cost","/fr/tools/cout-cctv","/sw/zana/gharama-za-cctv","",""
"cybersecurity-assessment","Security & Safety","/tools/cybersecurity-assessment","/fr/tools/evaluation-risque-cybersecurite","/sw/zana/tathmini-ya-usalama-wa-kidijitali","",""
"data-breach-cost","Security & Safety","/tools/data-breach-cost","/fr/tools/cout-violation-donnees","/sw/zana/gharama-ya-uvujaji-wa-data","",""
"fire-safety-checklist","Security & Safety","/tools/fire-safety-checklist","/fr/tools/checklist-securite-incendie","/sw/zana/ukaguzi-wa-usalama-wa-moto","",""
"home-security-cost","Security & Safety","/tools/home-security-cost","/fr/tools/cout-securite-maison","/sw/zana/gharama-za-usalama-wa-nyumbani","",""
"password-strength","Security & Safety","/tools/password-strength","/fr/tools/force-mot-de-passe","/sw/zana/nguvu-ya-nenosiri","",""
"phishing-quiz","Security & Safety","/tools/phishing-quiz","/fr/tools/quiz-phishing","/sw/zana/jaribio-la-kutambua-hadaa","",""
"brand-collab-roi","Small Business & SME","/tools/brand-collab-roi","/fr/tools/roi-collaboration-marque","/sw/zana/roi-ya-brand-collab","",""
"business-continuity","Small Business & SME","/tools/business-continuity","/fr/tools/plan-continuite-activite","/sw/zana/mwendelezo-wa-biashara","",""
"event-decoration-cost","Small Business & SME","/tools/event-decoration-cost","/fr/tools/cout-decoration-evenement","/sw/zana/gharama-ya-mapambo-ya-tukio","",""
"factory-setup-cost","Small Business & SME","/tools/factory-setup-cost","/fr/tools/cout-installation-usine","/sw/zana/gharama-ya-kuanzisha-kiwanda","",""
"fashion-brand-startup","Small Business & SME","/tools/fashion-brand-startup","/fr/tools/cout-lancement-marque-mode","/sw/zana/kuanzisha-chapa-ya-mitindo","",""
"freelance-contract","Small Business & SME","/tools/freelance-contract","/fr/tools/contrat-freelance","/sw/zana/mkataba-wa-freelance","",""
"freelancer-rate","Small Business & SME","/tools/freelancer-rate","/fr/tools/tarif-freelance","/sw/zana/viwango-vya-freelancer","",""
"graphic-design-pricing","Small Business & SME","/tools/graphic-design-pricing","/fr/tools/prix-design-graphique","/sw/zana/bei-ya-ubunifu-wa-picha","",""
"guard-service-cost","Small Business & SME","/tools/guard-service-cost","/fr/tools/cout-gardiennage","/sw/zana/gharama-ya-huduma-ya-ulinzi","",""
"influencer-rate","Small Business & SME","/tools/influencer-rate","/fr/tools/tarif-influenceur","/sw/zana/bei-za-influencer","",""
"made-in-africa-label","Small Business & SME","/tools/made-in-africa-label","/fr/tools/label-made-in-africa","/sw/zana/ukaguzi-wa-lebo-made-in-africa","",""
"nafdac-registration","Small Business & SME","/tools/nafdac-registration","/fr/tools/cout-enregistrement-produit","/sw/zana/usajili-wa-bidhaa","",""
"oee-calculator","Small Business & SME","/tools/oee-calculator","/fr/tools/calculateur-oee","/sw/zana/kikokotoo-oee","",""
"packaging-cost","Small Business & SME","/tools/packaging-cost","/fr/tools/cout-emballage","/sw/zana/gharama-ya-ufungashaji","",""
"production-cost","Small Business & SME","/tools/production-cost","/fr/tools/cout-production","/sw/zana/gharama-ya-uzalishaji","",""
"quality-sampling","Small Business & SME","/tools/quality-sampling","/fr/tools/calculateur-d-echantillonnage-qualite","/sw/zana/sampuli-ya-ubora","",""
"tailoring-pricing","Small Business & SME","/tools/tailoring-pricing","/fr/tools/tarification-couture","/sw/zana/bei-ya-ushonaji","",""
"youtube-revenue","Small Business & SME","/tools/youtube-revenue","/fr/tools/revenus-youtube","/sw/zana/mapato-ya-youtube","",""
"betting-odds","Sports & Entertainment","/tools/betting-odds","/fr/tools/cotes-paris-sportifs","/sw/zana/uwezekano-wa-kamari","",""
"afcon-predictor","Sports & Entertainment","/tools/afcon-predictor","/fr/tools/predicteur-can","/sw/zana/utabiri-wa-afcon","",""
"fantasy-football","Sports & Entertainment","/tools/fantasy-football","/fr/tools/points-fantasy-football","/sw/zana/alama-za-fantasy-football","",""
"betting-tax","Sports & Entertainment","/tools/betting-tax","/fr/tools/taxe-paris-sportifs","/sw/zana/kodi-ya-kamari","",""
"streaming-royalties","Sports & Entertainment","/tools/streaming-royalties","/fr/tools/redevances-streaming-musical","/sw/zana/mirabaha-ya-utiririshaji-muziki","",""
"nollywood-box-office","Sports & Entertainment","/tools/nollywood-box-office","/fr/tools/box-office-nollywood","/sw/zana/makisio-mapato-sinema-nollywood","",""
"dj-booking-rate","Sports & Entertainment","/tools/dj-booking-rate","/fr/tools/tarif-dj","/sw/zana/bei-ya-dj","",""
"concert-budget","Sports & Entertainment","/tools/concert-budget","/fr/tools/budget-concert","/sw/zana/bajeti-ya-tamasha","",""
"gym-roi-business","Sports & Entertainment","/tools/gym-roi-business","/fr/tools/roi-salle-sport","/sw/zana/faida-ya-biashara-ya-gym","",""
"event-ticket-revenue","Sports & Entertainment","/tools/event-ticket-revenue","/fr/tools/revenus-billetterie","/sw/zana/mapato-ya-tiketi-za-tukio","",""
"match-tickets","Sports & Entertainment","/tools/match-tickets","/fr/tools/prix-billets-match","/sw/zana/ulinganisho-bei-ya-tiketi-za-mechi","",""
"sports-scholarship","Sports & Entertainment","/tools/sports-scholarship","/fr/tools/eligibilite-bourse-sportive","/sw/zana/ustahiki-ufadhili-wa-michezo","",""
"athlete-earnings","Sports & Entertainment","/tools/athlete-earnings","/fr/tools/revenus-carriere-athlete","/sw/zana/mapato-ya-mwanariadha","",""
"gaming-pc-build","Sports & Entertainment","/tools/gaming-pc-build","/fr/tools/configuration-pc-gaming","/sw/zana/gharama-ya-kompyuta-ya-michezo","",""
"photo-video-pricing","Sports & Entertainment","/tools/photo-video-pricing","/fr/tools/prix-photo-video","/sw/zana/bei-ya-picha-na-video","",""
"cross-border-data","Trade & Import","/tools/cross-border-data","/fr/tools/checklist-transfert-donnees","/sw/zana/uhamishaji-data-mpaka","",""
"customs-time","Trade & Import","/tools/customs-time","/fr/tools/delai-dedouanement","/sw/zana/muda-wa-kupitisha-forodha","",""
"shipping-weight","Trade & Import","/tools/shipping-weight","/fr/tools/calculateur-de-poids-d-expedition","/sw/zana/uzito-wa-usafirishaji","",""
"fleet-fuel","Transport & Logistics","/tools/fleet-fuel","/fr/tools/budget-carburant-flotte","/sw/zana/gharama-mafuta-ya-fleet","",""
"last-mile-delivery","Transport & Logistics","/tools/last-mile-delivery","/fr/tools/dernier-kilometre","/sw/zana/gharama-last-mile-delivery","",""
"parking-fee","Transport & Logistics","/tools/parking-fee","/fr/tools/frais-parking","/sw/zana/ada-za-maegesho","",""
"route-cost","Transport & Logistics","/tools/route-cost","/fr/tools/calculateur-du-cout-d-un-trajet","/sw/zana/gharama-njia-za-logistics","",""
"toll-calc","Transport & Logistics","/tools/toll-calc","/fr/tools/calculateur-frais-peage","/sw/zana/ada-za-toll","",""
"truck-load","Transport & Logistics","/tools/truck-load","/fr/tools/optimiseur-chargement-camion","/sw/zana/kupakia-lori","",""
"vehicle-operating-cost","Transport & Logistics","/tools/vehicle-operating-cost","/fr/tools/cout-utilisation-vehicule","/sw/zana/gharama-uendeshaji-gari","",""
"vehicle-tracker-roi","Transport & Logistics","/tools/vehicle-tracker-roi","/fr/tools/roi-traceur-vehicule","/sw/zana/faida-ya-tracker-ya-gari","",""
"africa-flight","Travel & Tourism","/tools/africa-flight","/fr/tools/prix-vols-afrique","/sw/zana/safari-za-ndege-afrika","",""
"airbnb-vs-hotel","Travel & Tourism","/tools/airbnb-vs-hotel","/fr/tools/airbnb-vs-hotel","/sw/zana/airbnb-dhidi-ya-hoteli","",""
"airport-transfer","Travel & Tourism","/tools/airport-transfer","/fr/tools/transfert-aeroport","/sw/zana/usafiri-wa-uwanja-wa-ndege","",""
"beach-holiday-budget","Travel & Tourism","/tools/beach-holiday-budget","/fr/tools/budget-vacances-plage","/sw/zana/bajeti-ya-likizo-ufukweni","",""
"festival-travel-budget","Travel & Tourism","/tools/festival-travel-budget","/fr/tools/budget-voyage-festival","/sw/zana/bajeti-ya-safari-ya-tamasha","",""
"hotel-star-guide","Travel & Tourism","/tools/hotel-star-guide","/fr/tools/guide-prix-hotels","/sw/zana/mwongozo-bei-ya-hoteli-kwa-nyota","",""
"safari-cost","Travel & Tourism","/tools/safari-cost","/fr/tools/calculateur-du-cout-d-un-safari","/sw/zana/kikokotoo-gharama-ya-safari","",""
"travel-packing-list","Travel & Tourism","/tools/travel-packing-list","/fr/tools/liste-bagages-voyage","/sw/zana/orodha-ya-vifaa-vya-safari","",""
"travel-vaccination-cost","Travel & Tourism","/tools/travel-vaccination-cost","/fr/tools/preparer-consultation-sante-voyage","/sw/zana/gharama-na-ratiba-ya-chanjo-za-safari","",""
