{
  "errs": [],
  "textBefore": {
    "x": 288.0625,
    "y": 218.96875,
    "width": 303.953125,
    "height": 63.1875
  },
  "textAfter": {
    "x": 388.0625,
    "y": 288.96875,
    "width": 303.953125,
    "height": 63.1875
  },
  "textMoved": true,
  "imageBefore": {
    "x": 288.0625,
    "y": 218.96875,
    "width": 300.03125,
    "height": 224.9375
  },
  "imageMoved": {
    "x": 383.0625,
    "y": 293.96875,
    "width": 300.03125,
    "height": 224.9375
  },
  "imageMovedOk": true,
  "imageResized": {
    "x": 383.0625,
    "y": 293.96875,
    "width": 373.03125,
    "height": 282.9375
  },
  "imageResizedOk": true,
  "search": {
    "rect": {
      "x": 1119.734375,
      "y": 8,
      "width": 44,
      "height": 44,
      "top": 8,
      "right": 1163.734375,
      "bottom": 52,
      "left": 1119.734375
    },
    "textDisplay": "none",
    "title": "Search commands (Ctrl+K)",
    "bodyOverflow": false
  }
}