"path","family","status","assignment","width","height","bytes","sha256","duplicate_of","placement_count","text_status","locale_reuse","locales","review_note"
"/assets/img/afroatlas-hero-banner.webp","brand-and-banners","rejected-artwork","index.html","1200","640","89802","8017c14107d1f85f0373e961e104bb9e8763366bc6fcd0384eeb2a92804d0259","","0","embedded-text-or-unverified-details","false","","Visual review: promotional collage or mock interface, embedded copy, or unverified map/currency/UI details. Reject for automatic public placement and translated reuse; retain original in the design archive."
"/assets/img/afrodraft-hero-banner.webp","brand-and-banners","rejected-artwork","index.html","1200","640","74836","69631209fb47703d93ed03317bc20e1841c6ae785b2e3efbc53cc47001118e16","","0","embedded-text-or-unverified-details","false","","Visual review: promotional collage or mock interface, embedded copy, or unverified map/currency/UI details. Reject for automatic public placement and translated reuse; retain original in the design archive."
"/assets/img/afropoints-hero-banner.webp","brand-and-banners","rejected-artwork","index.html","1200","675","53478","21a0f6c67a797e4bfa49db144c7dd58239675b0136933c817c30077ab7469187","","0","embedded-text-or-unverified-details","false","","Visual review: promotional collage or mock interface, embedded copy, or unverified map/currency/UI details. Reject for automatic public placement and translated reuse; retain original in the design archive."
"/assets/img/afroprices-hero-banner.webp","brand-and-banners","rejected-artwork","index.html","1200","600","100260","acc5bd8e3d40df04253f47d4b1b39485f4cc088eac7b2713c76b9a2620adc63c","","0","embedded-text-or-unverified-details","false","","Visual review: promotional collage or mock interface, embedded copy, or unverified map/currency/UI details. Reject for automatic public placement and translated reuse; retain original in the design archive."
"/assets/img/afrorates-hero-banner.webp","brand-and-banners","rejected-artwork","index.html","1200","640","105872","99c8aaa81c236ed1b8c576eb5a2856ef313e3244be505cf800a3d7bee975d279","","0","embedded-text-or-unverified-details","false","","Visual review: promotional collage or mock interface, embedded copy, or unverified map/currency/UI details. Reject for automatic public placement and translated reuse; retain original in the design archive."
"/assets/img/afrostream-country-ci.webp","brand-and-banners","rejected-artwork","index.html","1200","600","90018","61f139248314cb7a8f6478c956d1e90aa001334f27221dbb3bad0cf9a19966a6","","0","embedded-text-or-unverified-details","false","","Visual review: promotional collage or mock interface, embedded copy, or unverified map/currency/UI details. Reject for automatic public placement and translated reuse; retain original in the design archive."
"/assets/img/afrostream-country-dz.webp","brand-and-banners","rejected-artwork","index.html","1200","600","80396","79302e5d334d25f07e7fda9a580ed65cc75eb28200b97d1fb322f12a62694147","","0","embedded-text-or-unverified-details","false","","Visual review: promotional collage or mock interface, embedded copy, or unverified map/currency/UI details. Reject for automatic public placement and translated reuse; retain original in the design archive."
"/assets/img/afrostream-country-et.webp","brand-and-banners","rejected-artwork","index.html","1200","480","78946","ad50cd88b328176e2dd5eb92564ae1af453ac0531798e9b1d3be0b6142db8e33","","0","embedded-text-or-unverified-details","false","","Visual review: promotional collage or mock interface, embedded copy, or unverified map/currency/UI details. Reject for automatic public placement and translated reuse; retain original in the design archive."
"/assets/img/afrostream-country-gh.webp","brand-and-banners","rejected-artwork","index.html","1200","675","112376","6d843e9fd669ecda50c2a64ae75c6d86cc75c4faa1f0c0099a0210131fb765c8","","0","embedded-text-or-unverified-details","false","","Visual review: promotional collage or mock interface, embedded copy, or unverified map/currency/UI details. Reject for automatic public placement and translated reuse; retain original in the design archive."
"/assets/img/afrostream-country-ke.webp","brand-and-banners","rejected-artwork","index.html","1200","480","84258","49b4827b6e6384d874dee4ab3bd0ea7b032703cc246dac9c20c0ced1aace15b0","","0","embedded-text-or-unverified-details","false","","Visual review: promotional collage or mock interface, embedded copy, or unverified map/currency/UI details. Reject for automatic public placement and translated reuse; retain original in the design archive."
"/assets/img/afrostream-country-ma.webp","brand-and-banners","rejected-artwork","index.html","1200","480","80366","fea36b5f846da3f80dbcd27cc04cd5849dfec7da5f3ea9bdae61335bf805680e","","0","embedded-text-or-unverified-details","false","","Visual review: promotional collage or mock interface, embedded copy, or unverified map/currency/UI details. Reject for automatic public placement and translated reuse; retain original in the design archive."
"/assets/img/afrostream-country-ng.webp","brand-and-banners","rejected-artwork","index.html","1200","675","111958","e528f76a2648cb835bc91930fd708e1750e9b1294617d5fecaa450e14293e494","","0","embedded-text-or-unverified-details","false","","Visual review: promotional collage or mock interface, embedded copy, or unverified map/currency/UI details. Reject for automatic public placement and translated reuse; retain original in the design archive."
"/assets/img/afrostream-country-sn.webp","brand-and-banners","rejected-artwork","index.html","1200","600","98226","53a5c6babee30bb3e76129444a4d3d188bec1af60c147be50d96f262a0076dba","","0","embedded-text-or-unverified-details","false","","Visual review: promotional collage or mock interface, embedded copy, or unverified map/currency/UI details. Reject for automatic public placement and translated reuse; retain original in the design archive."
"/assets/img/afrostream-country-tz.webp","brand-and-banners","rejected-artwork","index.html","1200","600","89666","51f0f408d496c79420f40103f27176b4e7708a255a2f692714eef92bb834488f","","0","embedded-text-or-unverified-details","false","","Visual review: promotional collage or mock interface, embedded copy, or unverified map/currency/UI details. Reject for automatic public placement and translated reuse; retain original in the design archive."
"/assets/img/afrostream-country-za.webp","brand-and-banners","rejected-artwork","index.html","1200","600","92340","145f59f392b089e971dd4d8a67d4b8724b59d6f8822dab977a223d7874190f0b","","0","embedded-text-or-unverified-details","false","","Visual review: promotional collage or mock interface, embedded copy, or unverified map/currency/UI details. Reject for automatic public placement and translated reuse; retain original in the design archive."
"/assets/img/afrostream-genre-business.webp","brand-and-banners","placed","public.as_news:africa-soft-power-summit-2026-nairobi-creator-economy","1200","675","87084","73ee3645f627d4e90707dd10ca2b5cde233aceb374acdbd528035155ba6eed4f","","2","not-reviewed","false","en","Verified live-database-reference binding. Existing owner now detected by inventory."
"/assets/img/afrostream-genre-comedy.webp","brand-and-banners","rejected-artwork","index.html","1200","600","97188","733a030ca6ad784c4f0d114927255e3c793cb8ee0dca212fa2d5d178b107306b","","0","embedded-text-or-unverified-details","false","","Visual review: promotional collage or mock interface, embedded copy, or unverified map/currency/UI details. Reject for automatic public placement and translated reuse; retain original in the design archive."
"/assets/img/afrostream-genre-education.webp","brand-and-banners","rejected-artwork","index.html","1200","600","82320","0bfc72200e161049c12b5bc7bb7c3afe4878970c1505d3e00681a8835f3f830a","","0","embedded-text-or-unverified-details","false","","Visual review: promotional collage or mock interface, embedded copy, or unverified map/currency/UI details. Reject for automatic public placement and translated reuse; retain original in the design archive."
"/assets/img/afrostream-genre-gaming.webp","brand-and-banners","rejected-artwork","index.html","1200","675","70432","2aff985763fa7ed1a05e8c926325a3677174794bbcf27cd8e5b26255ce152d39","","0","embedded-text-or-unverified-details","false","","Visual review: promotional collage or mock interface, embedded copy, or unverified map/currency/UI details. Reject for automatic public placement and translated reuse; retain original in the design archive."
"/assets/img/afrostream-genre-gospel.webp","brand-and-banners","rejected-artwork","index.html","1200","675","109244","da5f6cee0ce4115e7536b99b0c303410182ed6c15e9db56841cc627202393afd","","0","embedded-text-or-unverified-details","false","","Visual review: promotional collage or mock interface, embedded copy, or unverified map/currency/UI details. Reject for automatic public placement and translated reuse; retain original in the design archive."
"/assets/img/afrostream-genre-lifestyle.webp","brand-and-banners","rejected-artwork","index.html","1200","600","93234","f5c5e0223277d8f7761a0d2b235705294ccd6a3774c071a77389be49145a83a8","","0","embedded-text-or-unverified-details","false","","Visual review: promotional collage or mock interface, embedded copy, or unverified map/currency/UI details. Reject for automatic public placement and translated reuse; retain original in the design archive."
"/assets/img/afrostream-genre-music.webp","brand-and-banners","rejected-artwork","index.html","1200","675","127048","d3cb6ddd4f2c5e6eff3bba5d0794782b35d5aad4c28bbdfcfc6094b449058ec3","","0","embedded-text-or-unverified-details","false","","Visual review: promotional collage or mock interface, embedded copy, or unverified map/currency/UI details. Reject for automatic public placement and translated reuse; retain original in the design archive."
"/assets/img/afrostream-genre-news.webp","brand-and-banners","rejected-artwork","index.html","1200","675","97502","172389efd0ed5c3e7904d904a2a643cb53594853ed685b8b7cce3712024fdbb6","","0","embedded-text-or-unverified-details","false","","Visual review: promotional collage or mock interface, embedded copy, or unverified map/currency/UI details. Reject for automatic public placement and translated reuse; retain original in the design archive."
"/assets/img/afrostream-genre-sports.webp","brand-and-banners","placed","assets/css/matchday-os.css","1200","675","126962","37cdae21abd12aba1323dd759a3380a633591383fb059a747c5d76ea88967e63","","1","not-reviewed","false","en","Visual/text review pending; reference scan is not visual approval."
"/assets/img/afrostream-genre-tech.webp","brand-and-banners","rejected-artwork","index.html","1200","675","102238","9f2a33ad193ab23c32d8b8cc7ef4b129e50a517cc6db46f5b2a01c2b6804debd","","0","embedded-text-or-unverified-details","false","","Visual review: promotional collage or mock interface, embedded copy, or unverified map/currency/UI details. Reject for automatic public placement and translated reuse; retain original in the design archive."
"/assets/img/afrostream-hero-banner.webp","brand-and-banners","rejected-artwork","index.html","1200","675","73978","06ed7d9e533e66d69fbce6f9dca0c129312d195ce74d90fa6a90ea5ee3004000","","0","embedded-text-or-unverified-details","false","","Visual review: promotional collage or mock interface, embedded copy, or unverified map/currency/UI details. Reject for automatic public placement and translated reuse; retain original in the design archive."
"/assets/img/afrostream-trending-banner.webp","brand-and-banners","rejected-artwork","index.html","1200","675","124744","e478796ff455aedda8398637650154914e2167a9f4ed1407f58946a9c1a56c8d","","0","embedded-text-or-unverified-details","false","","Visual review: promotional collage or mock interface, embedded copy, or unverified map/currency/UI details. Reject for automatic public placement and translated reuse; retain original in the design archive."
"/assets/img/afrostream/creators/abel-birhanu-avatar.webp","afrostream","retired-alternative","public.as_creators:abel-birhanu","400","400","10642","d9c102777c30ea614458efaf6a11f1175b1ffcbf0acbd3c0747bb3cfcb066025","","0","not-reviewed","false","","Live creator record selects a remote avatar. Retain the older local alternative; do not replace the selected portrait without identity and provenance evidence."
"/assets/img/afrostream/creators/abel-mutua-avatar.webp","afrostream","placed","data/afrostream/creators-fallback.json","400","400","24662","f63872f2cdf40b157585880dd3dfefb4cadf1dd17a5075ed14c9b3cd38978dee","","1","not-reviewed","false","en","Visual/text review pending; reference scan is not visual approval."
"/assets/img/afrostream/creators/afronita-avatar.webp","afrostream","retired-alternative","public.as_creators:afronita","400","400","32900","24f736586ee63ce7a645c1623294a13055d5d97101b376eb54ded710ba02dac4","","0","not-reviewed","false","","Live creator record selects a remote avatar. Retain the older local alternative; do not replace the selected portrait without identity and provenance evidence."
"/assets/img/afrostream/creators/agbaps-avatar.webp","afrostream","placed","data/afrostream/creators-fallback.json","400","400","16580","5460d59d6b7c7ea1d85bea455343bb25cfae9ddc8ad5f5e5e45f084924d033c4","","2","not-reviewed","false","en","Visual/text review pending; reference scan is not visual approval."
"/assets/img/afrostream/creators/akothee-avatar.webp","afrostream","retired-alternative","public.as_creators:akothee","400","400","29836","ee4d9268128c6255fc039e8c095f2d56575d8388e244006c28fd4e0913f7efcd","","0","not-reviewed","false","","Live creator record selects a remote avatar. Retain the older local alternative; do not replace the selected portrait without identity and provenance evidence."
"/assets/img/afrostream/creators/akpenebrigittemon-avatar.webp","afrostream","placed","public.as_creators:akpenebrigittemon","400","400","12700","ad6eb80bf558c0523cb5733757678a9f5233391bb12804e6dcdb030720250782","","1","not-reviewed","false","en","Verified live-database-reference binding. Existing owner now detected by inventory."
"/assets/img/afrostream/creators/alex-mathenge-avatar.webp","afrostream","retired-alternative","public.as_creators:alex-mathenge","400","400","21434","ddee5c0316b771dd34ef42eb1903de09b8eda881188853aebd39bdd3896ecdb2","","0","not-reviewed","false","","Live creator record selects a remote avatar. Retain the older local alternative; do not replace the selected portrait without identity and provenance evidence."
"/assets/img/afrostream/creators/alikiba-avatar.webp","afrostream","placed","data/afrostream/creators-fallback.json","400","400","10628","2d5330928085630ef93430a89ee5f9bfb38aa888e3657427a4543aed431ccedd","","1","not-reviewed","false","en","Visual/text review pending; reference scan is not visual approval."
"/assets/img/afrostream/creators/ambassadors-of-christ-avatar.webp","afrostream","retired-alternative","public.as_creators:ambassadors-of-christ","400","400","28488","bc849efb632b63c3eb0de2175b1306a1816ae5f08edfbb9001ee5a871d9e39ed","","0","not-reviewed","false","","Live creator record selects a remote avatar. Retain the older local alternative; do not replace the selected portrait without identity and provenance evidence."
"/assets/img/afrostream/creators/amine-nkaity-avatar.webp","afrostream","retired-alternative","public.as_creators:amine-nkaity","400","400","29700","b374125b906fdc69fe0610ab2dc9a0d76e94cb4f12a5906d6885438f7b6abc5d","","0","not-reviewed","false","","Live creator record selects a remote avatar. Retain the older local alternative; do not replace the selected portrait without identity and provenance evidence."
"/assets/img/afrostream/creators/anas-officiel-avatar.webp","afrostream","retired-alternative","public.as_creators:anas-officiel","400","400","32452","6cedd851178d5896cd73f0cec3e36e6399c4469dc10c40f5a2890a1983b8f496","","0","not-reviewed","false","","Live creator record selects a remote avatar. Retain the older local alternative; do not replace the selected portrait without identity and provenance evidence."
"/assets/img/afrostream/creators/andafta-avatar.webp","afrostream","retired-alternative","public.as_creators:andafta","400","400","26258","d2c7e6fb052179016c476cc7810607361fac38a72e8c0606b99621758c67fc36","","0","not-reviewed","false","","Live creator record selects a remote avatar. Retain the older local alternative; do not replace the selected portrait without identity and provenance evidence."
"/assets/img/afrostream/creators/anes-tina-avatar.webp","afrostream","placed","public.as_creators:anes-tina","400","400","18082","bae104e9a0c072fd769a8668249b3a0feaf33fdd5c81596ab991511b3791fb0c","","1","not-reviewed","false","en","Verified live-database-reference binding. Existing owner now detected by inventory."
"/assets/img/afrostream/creators/angella-summer-avatar.webp","afrostream","retired-alternative","public.as_creators:angella-summer","400","400","13682","68449ece707873e78d8003f1bc436176cfa1b276bfb441822c23f2169485d923","","0","not-reviewed","false","","Live creator record selects a remote avatar. Retain the older local alternative; do not replace the selected portrait without identity and provenance evidence."
"/assets/img/afrostream/creators/anton-koen-avatar.webp","afrostream","retired-alternative","public.as_creators:anton-koen","400","400","18522","13959b03e9f22862717d7b0addabeb384d8219241cfc99915a93c536089d1ab6","","0","not-reviewed","false","","Live creator record selects a remote avatar. Retain the older local alternative; do not replace the selected portrait without identity and provenance evidence."
"/assets/img/afrostream/creators/arada-movies-avatar.webp","afrostream","retired-alternative","public.as_creators:arada-movies","400","400","14530","bb0a4f04ed3a1e38795042bf58b4c59c53791dfdb9a30121fa6c43aa61916d30","","0","not-reviewed","false","","Live creator record selects a remote avatar. Retain the older local alternative; do not replace the selected portrait without identity and provenance evidence."
"/assets/img/afrostream/creators/ariel-sheney-avatar.webp","afrostream","retired-alternative","public.as_creators:ariel-sheney","400","400","15466","e3bbb6215953a019b5f1a471efe7bfa5094a6fda09733389c6abf3a422d524a1","","0","not-reviewed","false","","Live creator record selects a remote avatar. Retain the older local alternative; do not replace the selected portrait without identity and provenance evidence."
"/assets/img/afrostream/creators/arts-tv-world-avatar.webp","afrostream","retired-alternative","public.as_creators:arts-tv-world","400","400","17176","629a9fc7f7fddf721ea7378a358e9743c861f85fc971b38f3ba836a7bfb691db","","0","not-reviewed","false","","Live creator record selects a remote avatar. Retain the older local alternative; do not replace the selected portrait without identity and provenance evidence."
"/assets/img/afrostream/creators/awesome-lalpdy-avatar.webp","afrostream","retired-alternative","public.as_creators:awesome-lalpdy","400","400","10734","6ab740c580548f92d29350301fa6c1461fcb57e0efc7dc0741057eb0de8dabcf","","0","not-reviewed","false","","Live creator record selects a remote avatar. Retain the older local alternative; do not replace the selected portrait without identity and provenance evidence."
"/assets/img/afrostream/creators/aya-nakamura.webp","afrostream","placed","public.as_creators:aya-nakamura","600","600","53496","0b1f6b7117f27d245cca919421324621683cfed25290bdbd29ba8ec1e816934a","","1","not-reviewed","false","en","Verified live-database-reference binding. Existing owner now detected by inventory."
"/assets/img/afrostream/creators/balti-avatar.webp","afrostream","placed","public.as_creators:balti","400","400","10474","c45c069b0336b37e26f7ebde151e6896018af18a4a9c205803cc0bf2e7d93b00","","1","not-reviewed","false","en","Verified live-database-reference binding. Existing owner now detected by inventory."
"/assets/img/afrostream/creators/bebe-cool-avatar.webp","afrostream","retired-alternative","public.as_creators:bebe-cool","400","400","19234","0cdfe55889ae66f03de03bee94cba65fbfaab417686bbeabfc0386dcb321550e","","0","not-reviewed","false","","Live creator record selects a remote avatar. Retain the older local alternative; do not replace the selected portrait without identity and provenance evidence."
"/assets/img/afrostream/creators/betty-christy-avatar.webp","afrostream","retired-alternative","public.as_creators:betty-christy","400","400","13004","9668c6d1d7e6ac8d366531e749381688a5ddeadc25fc2a35cf7e98d7a3319cb6","","0","not-reviewed","false","","Live creator record does not select this file. Retain the older local alternative; do not replace the selected portrait without identity and provenance evidence."
"/assets/img/afrostream/creators/black-sherif-avatar.webp","afrostream","retired-alternative","public.as_creators:black-sherif","400","400","13404","6c2f001c218a76b237081a629ceb225351df9833f5d4e812714967eb84335209","","0","not-reviewed","false","","Live creator record selects a remote avatar. Retain the older local alternative; do not replace the selected portrait without identity and provenance evidence."
"/assets/img/afrostream/creators/bobi-wine-avatar.webp","afrostream","retired-alternative","public.as_creators:bobi-wine","400","400","13906","4d92bb0c1955723b8787c35a68435b85f0273800c7478456d8727e023f43bc55","","0","not-reviewed","false","","Live creator record selects a remote avatar. Retain the older local alternative; do not replace the selected portrait without identity and provenance evidence."
"/assets/img/afrostream/creators/bop-dylan-avatar.webp","afrostream","retired-alternative","public.as_creators:bop-dylan","400","400","14288","e8c9980e959b1d1be5e8a8bcbb7e435c242a52ae601811ce440cec0ccbf69d2d","","0","not-reviewed","false","","Live creator record does not select this file. Retain the older local alternative; do not replace the selected portrait without identity and provenance evidence."
"/assets/img/afrostream/creators/bruce-melodie-avatar.webp","afrostream","placed","data/afrostream/creators-fallback.json","400","400","14188","f7b18dc2a5d3fe2992190985321be44b975cd221ce2849c2841f949e9c936126","","1","not-reviewed","false","en","Visual/text review pending; reference scan is not visual approval."
"/assets/img/afrostream/creators/burna-boy-avatar.webp","afrostream","placed","public.as_creators:burna-boy","400","400","36450","4eab39923b8ae54a152657786118fa4df6d113756a66eb12614536c3b5de1667","","1","not-reviewed","false","en","Verified live-database-reference binding. Existing owner now detected by inventory."
"/assets/img/afrostream/creators/caspar-lee-avatar.webp","afrostream","placed","public.as_creators:caspar-lee","400","400","29460","3f333b400f1c36b744913458c09a221445a569cc3d3cd05ede47e385b92c89b4","","1","not-reviewed","false","en","Verified live-database-reference binding. Existing owner now detected by inventory."
"/assets/img/afrostream/creators/celine-banza-avatar.webp","afrostream","retired-alternative","public.as_creators:celine-banza","400","400","16956","b159851e6b60a39f60214343438fd1bc79b6c98f41ce082449bd2724453bd580","","0","not-reviewed","false","","Live creator record selects a remote avatar. Retain the older local alternative; do not replace the selected portrait without identity and provenance evidence."
"/assets/img/afrostream/creators/cest-gaby-avatar.webp","afrostream","retired-alternative","public.as_creators:cest-gaby","400","400","13982","658904b7f77ac1e4d610453b3c0c3c93a3c6e76d7b21d69b3e5abac02e19aa08","","0","not-reviewed","false","","Live creator record does not select this file. Retain the older local alternative; do not replace the selected portrait without identity and provenance evidence."
"/assets/img/afrostream/creators/cheb-bilal-avatar.webp","afrostream","retired-alternative","public.as_creators:cheb-bilal","400","400","13578","ec103b3d654faf6998c0a178bd456674c616cc27d904038ecc0bf5f95ff121ba","","0","not-reviewed","false","","Live creator record selects a remote avatar. Retain the older local alternative; do not replace the selected portrait without identity and provenance evidence."
"/assets/img/afrostream/creators/chiraz-english-avatar.webp","afrostream","retired-alternative","public.as_creators:chiraz-english","400","400","14128","8a245ad5a5c66ac4e7e9eebc45b1fd50bb2d15c8ada4edb717d5de34fda96a88","","0","not-reviewed","false","","Live creator record selects a remote avatar. Retain the older local alternative; do not replace the selected portrait without identity and provenance evidence."
"/assets/img/afrostream/creators/choumicha-avatar.webp","afrostream","retired-alternative","public.as_creators:choumicha","400","400","19930","84ea02b36c0d4cdabf56345b0012f780d2e9c6a74a9406595b1ebd4269239bf6","","0","not-reviewed","false","","Live creator record selects a remote avatar. Retain the older local alternative; do not replace the selected portrait without identity and provenance evidence."
"/assets/img/afrostream/creators/chriss-eazy-avatar.webp","afrostream","retired-alternative","public.as_creators:chriss-eazy","400","400","12770","5702c787a6eca153c0d57f4aed99d44935263ce0286136cabd8bdf51e58310ac","","0","not-reviewed","false","","Live creator record selects a remote avatar. Retain the older local alternative; do not replace the selected portrait without identity and provenance evidence."
"/assets/img/afrostream/creators/christina-shusho-avatar.webp","afrostream","retired-alternative","public.as_creators:christina-shusho","400","400","12984","39766d82beb99ee8d9a6b78f65f7a1e94075aeedf0f5da0fcc8f411e8d7d49bf","","0","not-reviewed","false","","Live creator record selects a remote avatar. Retain the older local alternative; do not replace the selected portrait without identity and provenance evidence."
"/assets/img/afrostream/creators/ckay-avatar.webp","afrostream","placed","public.as_creators:ckay","400","400","11298","3f32d6d56d9c2d6e0b9b285448b00f210543f958d57e68314511e818f8887590","","1","not-reviewed","false","en","Verified live-database-reference binding. Existing owner now detected by inventory."
"/assets/img/afrostream/creators/cobra-ridouan-avatar.webp","afrostream","retired-alternative","public.as_creators:cobra-ridouan","400","400","22926","2d954d2ae837621687196ae18dbe09787c0397499b393074ee6f531a932884a9","","0","not-reviewed","false","","Live creator record does not select this file. Retain the older local alternative; do not replace the selected portrait without identity and provenance evidence."
"/assets/img/afrostream/creators/creative-crafts-5min.webp","afrostream","placed","public.as_creators:creative-crafts-5min","600","338","43838","67ae20843dfc44da8f00278d3bc2f0ec67b0da13360e8581430cf611eea1f831","","1","not-reviewed","false","en","Verified live-database-reference binding. Existing owner now detected by inventory."
"/assets/img/afrostream/creators/damso-avatar.webp","afrostream","placed","public.as_creators:damso","400","400","9326","ce1cb2a0d758528cdf488c749ca12b20d5ee4f07a160eea3ba51278b8742287a","","1","not-reviewed","false","en","Verified live-database-reference binding. Existing owner now detected by inventory."
"/assets/img/afrostream/creators/dan-kwaku-yeboah-avatar.webp","afrostream","retired-alternative","public.as_creators:dan-kwaku-yeboah","400","400","18424","f6f23047e73c21a54ed06f9612a6f958ed30bea8a2687d8feeadcf3f5f2ec8a2","","0","not-reviewed","false","","Live creator record selects a remote avatar. Retain the older local alternative; do not replace the selected portrait without identity and provenance evidence."
"/assets/img/afrostream/creators/davido-avatar.webp","afrostream","placed","public.as_creators:davido","400","400","31580","7f2b9e8054ec06c0b96c81f0a25484fd2c67573f83d406e7926fbfc43496e674","","1","not-reviewed","false","en","Verified live-database-reference binding. Existing owner now detected by inventory."
"/assets/img/afrostream/creators/davis-d-avatar.webp","afrostream","retired-alternative","public.as_creators:davis-d","400","400","22676","1a7d100ca9cba768ae73abb906e806c4c0e05c857be33b93e8fdbb0dec021189","","0","not-reviewed","false","","Live creator record selects a remote avatar. Retain the older local alternative; do not replace the selected portrait without identity and provenance evidence."
"/assets/img/afrostream/creators/diamond-platnumz.webp","afrostream","placed","data/afrostream/creators-fallback.json","600","600","50420","95b9f9d74cb4be3aa5c2735413232cb42ecaf96fc21136aa6afab13bcb38182a","","2","not-reviewed","false","en","Visual/text review pending; reference scan is not visual approval."
"/assets/img/afrostream/creators/diana-bouli-avatar.webp","afrostream","retired-alternative","public.as_creators:diana-bouli","400","400","11854","2cfb9ac9c83064376b76ca553d8662a6eee968fa6c8d7bcc693de71063376cb8","","0","not-reviewed","false","","Live creator record does not select this file. Retain the older local alternative; do not replace the selected portrait without identity and provenance evidence."
"/assets/img/afrostream/creators/didi-b-avatar.webp","afrostream","retired-alternative","public.as_creators:didi-b","400","400","15992","cc5cef68a81cdbda0416132ad4c6261b1b192ffc4fa3643306b4d59944f81e96","","0","not-reviewed","false","","Live creator record selects a remote avatar. Retain the older local alternative; do not replace the selected portrait without identity and provenance evidence."
"/assets/img/afrostream/creators/didine-canon-16-avatar.webp","afrostream","placed","public.as_creators:didine-canon-16","400","400","22394","7538d9b08912908623cad272d2543523750388497ec350d528f7727af7129127","","1","not-reviewed","false","en","Verified live-database-reference binding. Existing owner now detected by inventory."
"/assets/img/afrostream/creators/dip-doundou-guiss-avatar.webp","afrostream","retired-alternative","public.as_creators:dip-doundou-guiss","400","400","18352","a5121d020997f92bd09fc8144914d21536cfc9dc21640aec09c37461cab8c01f","","0","not-reviewed","false","","Live creator record selects a remote avatar. Retain the older local alternative; do not replace the selected portrait without identity and provenance evidence."
"/assets/img/afrostream/creators/dj-arafat-legacy-avatar.webp","afrostream","retired-alternative","public.as_creators:dj-arafat-legacy","400","400","19912","83b018c54f0c987b2f35b9c44947ee610040bed7a86e8415ea947e8a6123af17","","0","not-reviewed","false","","Live creator record selects a remote avatar. Retain the older local alternative; do not replace the selected portrait without identity and provenance evidence."
"/assets/img/afrostream/creators/djalil-palermo-avatar.webp","afrostream","retired-alternative","public.as_creators:djalil-palermo","400","400","12916","f461084a9d88280a08d838cbed5c4d8ab9f01845235e5811c764e944689cac90","","0","not-reviewed","false","","Live creator record selects a remote avatar. Retain the older local alternative; do not replace the selected portrait without identity and provenance evidence."
"/assets/img/afrostream/creators/donkey-tube-avatar.webp","afrostream","retired-alternative","public.as_creators:donkey-tube","400","400","25346","af983369a7c771b0fe1c86810b299478e7a5360c1e9b8973c4196e28e60e5c6b","","0","not-reviewed","false","","Live creator record does not select this file. Retain the older local alternative; do not replace the selected portrait without identity and provenance evidence."
"/assets/img/afrostream/creators/douha-laribi.webp","afrostream","placed","public.as_creators:douha-laribi","600","600","41084","61ffde5015cd759bc4da67b347a2c1dc27aeab410eece2b2772ab6dd13a9af62","","1","not-reviewed","false","en","Verified live-database-reference binding. Existing owner now detected by inventory."
"/assets/img/afrostream/creators/douzi-avatar.webp","afrostream","placed","public.as_creators:douzi","400","400","15122","d8e3cea4f73f2533d51644d322e5278120eacfe12abe0abb7b307f4808801d00","","1","not-reviewed","false","en","Verified live-database-reference binding. Existing owner now detected by inventory."
"/assets/img/afrostream/creators/dr-hala-samir-avatar.webp","afrostream","placed","public.as_creators:dr-hala-samir","400","400","8670","788b093c79e9ea8fee89a7e9639f77111bb857c9cb0bfe76e66a15b787fa8dff","","1","not-reviewed","false","en","Verified live-database-reference binding. Existing owner now detected by inventory."
"/assets/img/afrostream/creators/dudu-sn-avatar.webp","afrostream","retired-alternative","public.as_creators:dudu-sn","400","400","17536","92eabbc91a932aaa2ee8ffebee853d9284117d9a6aa6b14af837b88d5023621d","","0","not-reviewed","false","","Live creator record does not select this file. Retain the older local alternative; do not replace the selected portrait without identity and provenance evidence."
"/assets/img/afrostream/creators/dunsin-oyekan-avatar.webp","afrostream","placed","public.as_creators:dunsin-oyekan","400","400","4520","36a36faf130731e65335e787bdb05c507d7fd2506c99d6dcb17499b51d6706a8","","1","not-reviewed","false","en","Verified live-database-reference binding. Existing owner now detected by inventory."
"/assets/img/afrostream/creators/dzjoker-avatar.webp","afrostream","placed","public.as_creators:dzjoker","400","400","41382","e7a26d4afc847a76f9788d0bead3678edc0b5f4711f40ad013047e6e20d99a4c","","1","not-reviewed","false","en","Verified live-database-reference binding. Existing owner now detected by inventory."
"/assets/img/afrostream/creators/ebs-tv-avatar.webp","afrostream","retired-alternative","public.as_creators:ebs-tv","400","400","18622","cef1b77eedb7664ae78e64633f17eb799470d87aca91006988d609d3f2efcd35","","0","not-reviewed","false","","Live creator record selects a remote avatar. Retain the older local alternative; do not replace the selected portrait without identity and provenance evidence."
"/assets/img/afrostream/creators/eddy-kenzo-avatar.webp","afrostream","retired-alternative","public.as_creators:eddy-kenzo","400","400","8596","b571673248fc6f41af165903365bf5de35caaa790739f29c27df5e52a03ffa27","","0","not-reviewed","false","","Live creator record selects a remote avatar. Retain the older local alternative; do not replace the selected portrait without identity and provenance evidence."
"/assets/img/afrostream/creators/elgrande-toto-avatar.webp","afrostream","retired-alternative","public.as_creators:elgrande-toto","400","400","13646","ebb12ba8bd0277f209b086c65acce3bad0c8b750aae2c633a0a4ba1259f7854a","","0","not-reviewed","false","","Live creator record does not select this file. Retain the older local alternative; do not replace the selected portrait without identity and provenance evidence."
"/assets/img/afrostream/creators/emma-lohoues-avatar.webp","afrostream","retired-alternative","public.as_creators:emma-lohoues","400","400","24380","a9d38188209f71f5ddb7d2e498a70bab7e328231373643c3728fde400b969baa","","0","not-reviewed","false","","Live creator record selects a remote avatar. Retain the older local alternative; do not replace the selected portrait without identity and provenance evidence."
"/assets/img/afrostream/creators/emy-dany-bassong-avatar.webp","afrostream","retired-alternative","public.as_creators:emy-dany-bassong","400","400","16592","a4a443ea0555d5e2591799a205d290ecb0cf1a05468cc8aee66903424f042fb4","","0","not-reviewed","false","","Live creator record does not select this file. Retain the older local alternative; do not replace the selected portrait without identity and provenance evidence."
"/assets/img/afrostream/creators/fally-ipupa-avatar.webp","afrostream","placed","data/afrostream/creators-fallback.json","400","400","12106","f664a654831ba027f401cd5302040f37d983d23cc434dee2442dc4d732a3b11d","","2","not-reviewed","false","en","Visual/text review pending; reference scan is not visual approval."
"/assets/img/afrostream/creators/fana-tv-avatar.webp","afrostream","retired-alternative","public.as_creators:fana-tv","400","400","15964","a8d8981ac2d0ab1dad8da439bf7e484f416ea39233e3f8cd2cc4168e279242d5","","0","not-reviewed","false","","Live creator record does not select this file. Retain the older local alternative; do not replace the selected portrait without identity and provenance evidence."
"/assets/img/afrostream/creators/father-ankrah-avatar.webp","afrostream","retired-alternative","public.as_creators:father-ankrah","400","400","7014","189526fc12b87dee6121ac359d3dd8c7f27380f3f1c9b610a4b2c918e8e1435c","","0","not-reviewed","false","","Live creator record does not select this file. Retain the older local alternative; do not replace the selected portrait without identity and provenance evidence."
"/assets/img/afrostream/creators/faycel-sghir-avatar.webp","afrostream","retired-alternative","public.as_creators:faycel-sghir","400","400","19114","60ce227f128027501aaf9a52947a1a347de3dc10321e51ac31e0b95a6e39ef79","","0","not-reviewed","false","","Live creator record selects a remote avatar. Retain the older local alternative; do not replace the selected portrait without identity and provenance evidence."
"/assets/img/afrostream/creators/ferre-gola-avatar.webp","afrostream","retired-alternative","public.as_creators:ferre-gola","400","400","17910","892a937b6c28da717cf67b2231bf14d55211123983186572e8a4b4ac53a49d48","","0","not-reviewed","false","","Live creator record selects a remote avatar. Retain the older local alternative; do not replace the selected portrait without identity and provenance evidence."
"/assets/img/afrostream/creators/fik-fameica-avatar.webp","afrostream","retired-alternative","public.as_creators:fik-fameica","400","400","17920","7cc9bb361e79372fc8999a7902a02e8d440b52f1918fa9479a796f36c0236dc2","","0","not-reviewed","false","","Live creator record selects a remote avatar. Retain the older local alternative; do not replace the selected portrait without identity and provenance evidence."
"/assets/img/afrostream/creators/flavia-tumusiime-avatar.webp","afrostream","retired-alternative","public.as_creators:flavia-tumusiime","400","400","20336","50834e4ac08482c5863b1d4de8757ff80e29722869069f4b9661152f173a931e","","0","not-reviewed","false","","Live creator record selects a remote avatar. Retain the older local alternative; do not replace the selected portrait without identity and provenance evidence."
"/assets/img/afrostream/creators/flavour-nabania-avatar.webp","afrostream","placed","public.as_creators:flavour-nabania","400","400","19428","9d4fd0242aac2cae0210c33462a6639a0f99ca1e21edd20ccacd16e8c960b54c","","1","not-reviewed","false","en","Verified live-database-reference binding. Existing owner now detected by inventory."
"/assets/img/afrostream/creators/flenn-avatar.webp","afrostream","retired-alternative","public.as_creators:flenn","400","400","27336","fda1053c07e024a2c22e41a859cad68b28f5794e7bc0db11d0d23971e58da66b","","0","not-reviewed","false","","Live creator record selects a remote avatar. Retain the older local alternative; do not replace the selected portrait without identity and provenance evidence."
"/assets/img/afrostream/creators/frida-choco-bronze-avatar.webp","afrostream","retired-alternative","public.as_creators:frida-choco-bronze","400","400","29546","2b85e2eac2130044729ded974cc8f0989b54faec9598505496826c57b1de4152","","0","not-reviewed","false","","Live creator record does not select this file. Retain the older local alternative; do not replace the selected portrait without identity and provenance evidence."
"/assets/img/afrostream/creators/gaz-mawete-avatar.webp","afrostream","retired-alternative","public.as_creators:gaz-mawete","400","400","15070","32b9724b0decab17adec491d46fe96ccfb56b481e67adcb8ea0d2f1bc8d61403","","0","not-reviewed","false","","Live creator record selects a remote avatar. Retain the older local alternative; do not replace the selected portrait without identity and provenance evidence."
"/assets/img/afrostream/creators/gravity-omutujju-avatar.webp","afrostream","retired-alternative","public.as_creators:gravity-omutujju","400","400","26326","3ed4dc57f42d22453493f43681a70e72abac58049af879cef51e97b3caed8989","","0","not-reviewed","false","","Live creator record selects a remote avatar. Retain the older local alternative; do not replace the selected portrait without identity and provenance evidence."
"/assets/img/afrostream/creators/guardian-angel-avatar.webp","afrostream","retired-alternative","public.as_creators:guardian-angel","400","400","30230","5962292cdecde7c1e72ac1cb0f9d9e60e4a822153a3bedd7be761e3fdf4fd855","","0","not-reviewed","false","","Live creator record does not select this file. Retain the older local alternative; do not replace the selected portrait without identity and provenance evidence."
"/assets/img/afrostream/creators/hackersploit-avatar.webp","afrostream","placed","data/afrostream/creators-fallback.json","400","400","20496","daa2656b4da2281ad91a17c851820b0207dbc91d768652753cf641adabb87121","","1","not-reviewed","false","en","Visual/text review pending; reference scan is not visual approval."
"/assets/img/afrostream/creators/halima-filali-avatar.webp","afrostream","placed","public.as_creators:halima-filali","400","400","25794","9de477cd6efb7f4144f6f11110d53606594deb149dcf60bfaa93e9e3147aa34a","","1","not-reviewed","false","en","Verified live-database-reference binding. Existing owner now detected by inventory."
"/assets/img/afrostream/creators/halle-tshungu-avatar.webp","afrostream","retired-alternative","public.as_creators:halle-tshungu","400","400","14282","8476887fde97ac9e7cfac11e83390908fb6dd0fb5ab15c715f748a983989f87e","","0","not-reviewed","false","","Live creator record does not select this file. Retain the older local alternative; do not replace the selected portrait without identity and provenance evidence."
"/assets/img/afrostream/creators/hamoda-gaming.webp","afrostream","placed","data/afrostream/creators-fallback.json","600","600","52470","026aa23132f516375737d32a24e637e4f2bf011219f58bad79d77a690231ae3a","","2","not-reviewed","false","en","Visual/text review pending; reference scan is not visual approval."
"/assets/img/afrostream/creators/harmonize-avatar.webp","afrostream","placed","public.as_creators:harmonize","400","400","35914","f843b8c4913e6fcd88fe2158f081a55c1aa129af06f4f5be9bc2b5b41fb0ee62","","1","not-reviewed","false","en","Verified live-database-reference binding. Existing owner now detected by inventory."
"/assets/img/afrostream/creators/hassan-shakosh-avatar.webp","afrostream","placed","public.as_creators:hassan-shakosh","400","400","16902","58fa13a79bc7289129abd56b7e2057ee68c740c3bbbf7a1086cec8ca3f5e173e","","1","not-reviewed","false","en","Verified live-database-reference binding. Existing owner now detected by inventory."
"/assets/img/afrostream/creators/hiro-le-coq-avatar.webp","afrostream","retired-alternative","public.as_creators:hiro-le-coq","400","400","32204","bc245a31243402039ec41698785a4916cdde8ab363f62c59e9bf22ae361883a3","","0","not-reviewed","false","","Live creator record selects a remote avatar. Retain the older local alternative; do not replace the selected portrait without identity and provenance evidence."
"/assets/img/afrostream/creators/hiwa-avatar.webp","afrostream","retired-alternative","tools/afrostream/index.html#media-archive","400","400","15636","d61fb21dcb4c5404c60be37e05faa256d61c8223a17556f6965f0db5e8ec28ff","","0","not-reviewed","false","","No current creator/news binding for this file in the verified database snapshot. Retain in the AfroStream media archive; filename alone does not establish publication or identity."
"/assets/img/afrostream/creators/hope-music-ethiopia-avatar.webp","afrostream","retired-alternative","public.as_creators:hope-music-ethiopia","400","400","12384","2330bf365c6efda9e6b48123ce6eccb7c1cabfd6f1440ef9b35753a24eb90656","","0","not-reviewed","false","","Live creator record does not select this file. Retain the older local alternative; do not replace the selected portrait without identity and provenance evidence."
"/assets/img/afrostream/creators/hussein-and-zeinab-avatar.webp","afrostream","retired-alternative","public.as_creators:hussein-and-zeinab","400","400","30866","6dd66274580581229915bab97682d59e6890c204ca581f9f392e7c0a156a4b4d","","0","not-reviewed","false","","Live creator record selects a remote avatar. Retain the older local alternative; do not replace the selected portrait without identity and provenance evidence."
"/assets/img/afrostream/creators/ibn-hattuta-travels-avatar.webp","afrostream","retired-alternative","public.as_creators:ibn-hattuta-travels","400","400","14044","31d875a7aeca3c0fbfec74df1c08e81f2487a351eab48b695cdeb601f73a3661","","0","not-reviewed","false","","Live creator record selects a remote avatar. Retain the older local alternative; do not replace the selected portrait without identity and provenance evidence."
"/assets/img/afrostream/creators/idris-sultan-avatar.webp","afrostream","retired-alternative","public.as_creators:idris-sultan","400","400","17570","873ed2935409acc72b7137ad2c2e2c112fd5180a11af3a489c92f947adf93223","","0","not-reviewed","false","","Live creator record selects a remote avatar. Retain the older local alternative; do not replace the selected portrait without identity and provenance evidence."
"/assets/img/afrostream/creators/innossb-avatar.webp","afrostream","retired-alternative","public.as_creators:innossb","400","400","31330","d502ff1350a7739fc8a9220c0f24260069a61a23964bb6eebff0aa947c5896de","","0","not-reviewed","false","","Live creator record selects a remote avatar. Retain the older local alternative; do not replace the selected portrait without identity and provenance evidence."
"/assets/img/afrostream/creators/israel-mbonyi-avatar.webp","afrostream","retired-alternative","public.as_creators:israel-mbonyi","400","400","7492","b694a121aae26c1a1ec5c55a568500ed7fca72f8f8241d61655195d8c9e3ebba","","0","not-reviewed","false","","Live creator record selects a remote avatar. Retain the older local alternative; do not replace the selected portrait without identity and provenance evidence."
"/assets/img/afrostream/creators/jahman-xpress-avatar.webp","afrostream","retired-alternative","public.as_creators:jahman-xpress","400","400","19374","ef06f381bd718dbb2e8c14a9adf4a4bd9182d27d61d288b77126ee0c9ef31c64","","0","not-reviewed","false","","Live creator record selects a remote avatar. Retain the older local alternative; do not replace the selected portrait without identity and provenance evidence."
"/assets/img/afrostream/creators/jalango-avatar.webp","afrostream","retired-alternative","public.as_creators:jalango","400","400","28068","1c2de3970c2e2bfdc227a448c26498170506dcf609dbc970f234d2ec35e559c7","","0","not-reviewed","false","","Live creator record selects a remote avatar. Retain the older local alternative; do not replace the selected portrait without identity and provenance evidence."
"/assets/img/afrostream/creators/jaymondy.webp","afrostream","placed","public.as_creators:jaymondy","600","600","38046","b8400cd2135ee9cf9361138c06198bb2e301b8819c28175db716058374b1d312","","1","not-reviewed","false","en","Verified live-database-reference binding. Existing owner now detected by inventory."
"/assets/img/afrostream/creators/jb-mpiana-avatar.webp","afrostream","retired-alternative","public.as_creators:jb-mpiana","400","400","31880","2c4595c3806c73d35b41cf9ae4e76084b8e0b8bd60c812d9cc62f7b3825bb59b","","0","not-reviewed","false","","Live creator record does not select this file. Retain the older local alternative; do not replace the selected portrait without identity and provenance evidence."
"/assets/img/afrostream/creators/jean-do-fogo-avatar.webp","afrostream","placed","public.as_creators:jean-do-fogo","400","400","11454","9df7aa3e045da78ff8e74e9d955f01e29c49947021bba20ee1779da135a37204","","1","not-reviewed","false","en","Verified live-database-reference binding. Existing owner now detected by inventory."
"/assets/img/afrostream/creators/jessica-os-avatar.webp","afrostream","retired-alternative","public.as_creators:jessica-os","400","400","20158","84e5698623cbf339bece584b1bf6fb7448a0bdab0efa4e885704d09ddfd102a8","","0","not-reviewed","false","","Live creator record selects a remote avatar. Retain the older local alternative; do not replace the selected portrait without identity and provenance evidence."
"/assets/img/afrostream/creators/joe-hattab.webp","afrostream","placed","public.as_creators:joe-hattab","600","600","55846","1c2fe7f906340e9ba57248e77f8acc5436dac6d8dc840bc3c78851c859ded538","","1","not-reviewed","false","en","Verified live-database-reference binding. Existing owner now detected by inventory."
"/assets/img/afrostream/creators/jose-chameleone-avatar.webp","afrostream","retired-alternative","public.as_creators:jose-chameleone","400","400","28164","0df0ce34a478f359cedf86c2dd920d1eb68ab3bc0c43ab4dac100eee93603bf4","","0","not-reviewed","false","","Live creator record selects a remote avatar. Retain the older local alternative; do not replace the selected portrait without identity and provenance evidence."
"/assets/img/afrostream/creators/josey-avatar.webp","afrostream","retired-alternative","public.as_creators:josey","400","400","23828","b276dc9bff71bb8baa454732fd55323ee7ab17b84fae34cf2bf524b3c44097e8","","0","not-reviewed","false","","Live creator record selects a remote avatar. Retain the older local alternative; do not replace the selected portrait without identity and provenance evidence."
"/assets/img/afrostream/creators/kakande-ministries-avatar.webp","afrostream","placed","public.as_creators:kakande-ministries","400","400","13754","2c150b2d70cea105f47575526a4ac81f6d56e8f81c85cf561440c14ff283aee7","","1","not-reviewed","false","en","Verified live-database-reference binding. Existing owner now detected by inventory."
"/assets/img/afrostream/creators/kalistus-avatar.webp","afrostream","retired-alternative","public.as_creators:kalistus","400","400","22594","e8ea699bdb088d4cb29b2b9550acea7d8c11dc02e8ec92811d66dc2e88d40925","","0","not-reviewed","false","","Live creator record selects a remote avatar. Retain the older local alternative; do not replace the selected portrait without identity and provenance evidence."
"/assets/img/afrostream/creators/kana-tv-avatar.webp","afrostream","placed","public.as_creators:kana-tv","400","400","29816","9ad6843e1eb8a916749e28cc8905394fd18512379c7b248b776933f913086dbd","","1","not-reviewed","false","en","Verified live-database-reference binding. Existing owner now detected by inventory."
"/assets/img/afrostream/creators/kerozen-dj-avatar.webp","afrostream","retired-alternative","public.as_creators:kerozen-dj","400","400","13048","1aa4e9aacbcd73cb2e467f5507c835e20abe4d6877b4ce9c39895c4091208441","","0","not-reviewed","false","","Live creator record selects a remote avatar. Retain the older local alternative; do not replace the selected portrait without identity and provenance evidence."
"/assets/img/afrostream/creators/kevin-richardson-avatar.webp","afrostream","retired-alternative","public.as_creators:kevin-richardson","400","400","34240","a74a2552ba60afceac2c466f8fac402dc967e5228c7df4040c781913799181a3","","0","not-reviewed","false","","Live creator record does not select this file. Retain the older local alternative; do not replace the selected portrait without identity and provenance evidence."
"/assets/img/afrostream/creators/khaby-lame.webp","afrostream","placed","public.as_creators:khaby-lame","600","338","9944","6da79c180bf107ed83ca8fc415b61accf33dc8144d4dc13e555836d0c7a6a508","","1","not-reviewed","false","en","Verified live-database-reference binding. Existing owner now detected by inventory."
"/assets/img/afrostream/creators/khaligraph-jones-avatar.webp","afrostream","retired-alternative","public.as_creators:khaligraph-jones","400","400","20738","b4c6aa89b2210a4facb79168db0b2f6dcdf30c315c09a47fa401176977ac15b2","","0","not-reviewed","false","","Live creator record selects a remote avatar. Retain the older local alternative; do not replace the selected portrait without identity and provenance evidence."
"/assets/img/afrostream/creators/king-james-rw-avatar.webp","afrostream","retired-alternative","public.as_creators:king-james-rw","400","400","16554","e639312e7e485fa325206b36734050504acf083a06c2cc1969ca1605339bfd0e","","0","not-reviewed","false","","Live creator record selects a remote avatar. Retain the older local alternative; do not replace the selected portrait without identity and provenance evidence."
"/assets/img/afrostream/creators/king-oumar-avatar.webp","afrostream","retired-alternative","public.as_creators:king-oumar","400","400","18910","5b3c7953d95a6c1a339f32d1df3b515a4532ab4788ad2eaa4152dbb92cf33da6","","0","not-reviewed","false","","Live creator record selects a remote avatar. Retain the older local alternative; do not replace the selected portrait without identity and provenance evidence."
"/assets/img/afrostream/creators/kiss-fm-rwanda-avatar.webp","afrostream","retired-alternative","public.as_creators:kiss-fm-rwanda","400","400","17378","0b0ec037f92f993dc0523ce7822a3389cb02787171a2e79d6545d5d6eb53cd3e","","0","not-reviewed","false","","Live creator record does not select this file. Retain the older local alternative; do not replace the selected portrait without identity and provenance evidence."
"/assets/img/afrostream/creators/knowless-butera-avatar.webp","afrostream","retired-alternative","public.as_creators:knowless-butera","400","400","16680","9491309f3860bd658c472be85a868bc91cde7201113ba41d58d7476ba1cae3fb","","0","not-reviewed","false","","Live creator record selects a remote avatar. Retain the older local alternative; do not replace the selected portrait without identity and provenance evidence."
"/assets/img/afrostream/creators/kocee-avatar.webp","afrostream","retired-alternative","public.as_creators:kocee","400","400","17506","1c75098587aede99685836a68caae7f00d6e20c26a24cbdac4b07ff8e7c5592c","","0","not-reviewed","false","","Live creator record selects a remote avatar. Retain the older local alternative; do not replace the selected portrait without identity and provenance evidence."
"/assets/img/afrostream/creators/koffi-olomide-avatar.webp","afrostream","retired-alternative","public.as_creators:koffi-olomide","400","400","14126","2b5e47a07bcb4415a6b0f612468afdacb80c9f6cc990ae3f3aa43991c75e566e","","0","not-reviewed","false","","Live creator record selects a remote avatar. Retain the older local alternative; do not replace the selected portrait without identity and provenance evidence."
"/assets/img/afrostream/creators/krimo-iifar-avatar.webp","afrostream","retired-alternative","public.as_creators:krimo-iifar","400","400","16764","a87d96d4701e0f55b0a6af4bbe52de29c08812399f57b3c53c296f96a4cdca64","","0","not-reviewed","false","","Live creator record selects a remote avatar. Retain the older local alternative; do not replace the selected portrait without identity and provenance evidence."
"/assets/img/afrostream/creators/kwadwo-sheldon-avatar.webp","afrostream","retired-alternative","public.as_creators:kwadwo-sheldon","400","400","14324","c7dd799b4475c641f4fe1dda66f2c27861aa2e3294d457b2311a872bca554890","","0","not-reviewed","false","","Live creator record selects a remote avatar. Retain the older local alternative; do not replace the selected portrait without identity and provenance evidence."
"/assets/img/afrostream/creators/l7or-avatar.webp","afrostream","retired-alternative","public.as_creators:l7or","400","400","14740","fc830d06b6ee569bb6cf1cad3b908f4d3a10f3e0a0261f3e0ab22c06b7b18fef","","0","not-reviewed","false","","Live creator record selects a remote avatar. Retain the older local alternative; do not replace the selected portrait without identity and provenance evidence."
"/assets/img/afrostream/creators/la-mass-le-vrai-avatar.webp","afrostream","retired-alternative","public.as_creators:la-mass-le-vrai","400","400","22236","a7b75e53cc1b9af22921bfca6d3ab89754f4f749512bec8d5aa37d8238ae2d38","","0","not-reviewed","false","","Live creator record selects a remote avatar. Retain the older local alternative; do not replace the selected portrait without identity and provenance evidence."
"/assets/img/afrostream/creators/lady-ponce-avatar.webp","afrostream","retired-alternative","public.as_creators:lady-ponce","400","400","26396","28db42cabc757f554d006e762761babfedaeb3cae623ace54529638f949dbc4a","","0","not-reviewed","false","","Live creator record selects a remote avatar. Retain the older local alternative; do not replace the selected portrait without identity and provenance evidence."
"/assets/img/afrostream/creators/lalgerino-avatar.webp","afrostream","placed","public.as_creators:lalgerino","400","400","16882","531999bb9262324b9a3ca3efcb27ebdac3f46c6a94cc3aa3f22046a1f10b03dd","","1","not-reviewed","false","en","Verified live-database-reference binding. Existing owner now detected by inventory."
"/assets/img/afrostream/creators/lasizwe-avatar.webp","afrostream","retired-alternative","public.as_creators:lasizwe","400","400","20838","399acfe8f83f00f0671a437055f3de225181898e3476f0436d55dcd65242a9aa","","0","not-reviewed","false","","Live creator record selects a remote avatar. Retain the older local alternative; do not replace the selected portrait without identity and provenance evidence."
"/assets/img/afrostream/creators/lhiwa-avatar.webp","afrostream","retired-alternative","public.as_creators:lhiwa","400","400","23550","0464bd97dfaf2b96a7c9d82059f2325b3d5839fb8b874e88f39ea481148d42b1","","0","not-reviewed","false","","Live creator record selects a remote avatar. Retain the older local alternative; do not replace the selected portrait without identity and provenance evidence."
"/assets/img/afrostream/creators/lil-win-avatar.webp","afrostream","retired-alternative","public.as_creators:lil-win","400","400","13882","020db0343cf43cfaf615d755a63807bf06dfc66df64db8aa186d556f3a66aa46","","0","not-reviewed","false","","Live creator record selects a remote avatar. Retain the older local alternative; do not replace the selected portrait without identity and provenance evidence."
"/assets/img/afrostream/creators/lutte-tv-avatar.webp","afrostream","retired-alternative","public.as_creators:lutte-tv","400","400","29706","069ffa96e55bce492a5d476b6e516cb1c0f8fd30a391ab7fcb4a401c98550205","","0","not-reviewed","false","","Live creator record does not select this file. Retain the older local alternative; do not replace the selected portrait without identity and provenance evidence."
"/assets/img/afrostream/creators/lynn-ngugi-avatar.webp","afrostream","retired-alternative","public.as_creators:lynn-ngugi","400","400","17166","2e8247f0f96bc2bcdb6753b968f91d3b03e9fd380967a600553bdafbbab48db2","","0","not-reviewed","false","","Live creator record selects a remote avatar. Retain the older local alternative; do not replace the selected portrait without identity and provenance evidence."
"/assets/img/afrostream/creators/maahlox-avatar.webp","afrostream","retired-alternative","public.as_creators:maahlox","400","400","24608","78eba12b7e6a72e747e108c9fb91412016bc5d3fb73b2a03ce169e99dd9f80d9","","0","not-reviewed","false","","Live creator record selects a remote avatar. Retain the older local alternative; do not replace the selected portrait without identity and provenance evidence."
"/assets/img/afrostream/creators/macdi-avatar.webp","afrostream","retired-alternative","public.as_creators:macdi","400","400","9650","e1dfcd4faf98f93411038801173d7a7b729104d6e1aefb972896adbf4ed0bccc","","0","not-reviewed","false","","Live creator record does not select this file. Retain the older local alternative; do not replace the selected portrait without identity and provenance evidence."
"/assets/img/afrostream/creators/mahfousse-avatar.webp","afrostream","retired-alternative","public.as_creators:mahfousse","400","400","16014","58b908d0ba9bc11723cd5f56411e7cfbd648e780ac7c8f243a387afa18422de1","","0","not-reviewed","false","","Live creator record selects a remote avatar. Retain the older local alternative; do not replace the selected portrait without identity and provenance evidence."
"/assets/img/afrostream/creators/maitre-gims.webp","afrostream","placed","public.as_creators:maitre-gims","600","600","43502","d05718ceec603618d9015d1b1d952cbc7280736a8f6f96479593ad438ab75171","","1","not-reviewed","false","en","Verified live-database-reference binding. Existing owner now detected by inventory."
"/assets/img/afrostream/creators/makhadzi-avatar.webp","afrostream","retired-alternative","public.as_creators:makhadzi","400","400","29834","c834132d4229fee030ddefe9b1bf525b97ebfef8f7e4e9873deee73a8cc9f8e2","","0","not-reviewed","false","","Live creator record selects a remote avatar. Retain the older local alternative; do not replace the selected portrait without identity and provenance evidence."
"/assets/img/afrostream/creators/manal-avatar.webp","afrostream","retired-alternative","public.as_creators:manal","400","400","12182","0faeaa6918af34e17129f914de241dab74f74e2782936107319f8e84bce78989","","0","not-reviewed","false","","Live creator record selects a remote avatar. Retain the older local alternative; do not replace the selected portrait without identity and provenance evidence."
"/assets/img/afrostream/creators/marioo-avatar.webp","afrostream","retired-alternative","public.as_creators:marioo","400","400","22354","30b8a9c6f111a0c9ecc638a55d3d20e7dae7866c8a796338edf71e95c34923e5","","0","not-reviewed","false","","Live creator record selects a remote avatar. Retain the older local alternative; do not replace the selected portrait without identity and provenance evidence."
"/assets/img/afrostream/creators/mark-angel-comedy.webp","afrostream","placed","public.as_creators:mark-angel-comedy","600","600","44902","b5664628c5ee75c17fca76a2ec1733363527c4dbdee20863182c8206eec39790","","1","not-reviewed","false","en","Verified live-database-reference binding. Existing owner now detected by inventory."
"/assets/img/afrostream/creators/mbathio-ndiaye-avatar.webp","afrostream","retired-alternative","public.as_creators:mbathio-ndiaye","400","400","20400","babfd402fbbfb4218636f9147cbdc87cede4142b493832b04db88f6e46b21f6e","","0","not-reviewed","false","","Live creator record does not select this file. Retain the older local alternative; do not replace the selected portrait without identity and provenance evidence."
"/assets/img/afrostream/creators/mbilia-bel-avatar.webp","afrostream","retired-alternative","public.as_creators:mbilia-bel","400","400","30288","8c95811aa46969fc5def6611f068fd0b0e0611480574635fbfe98531d971ab4d","","0","not-reviewed","false","","Live creator record does not select this file. Retain the older local alternative; do not replace the selected portrait without identity and provenance evidence."
"/assets/img/afrostream/creators/mbonyi-avatar.webp","afrostream","retired-alternative","public.as_creators:mbonyi","400","400","19392","c1189024d8047773dc2f857ae43b7e4be1980856dd482d1c6a6b3ca9d995773d","","0","not-reviewed","false","","Live creator record selects a remote avatar. Retain the older local alternative; do not replace the selected portrait without identity and provenance evidence."
"/assets/img/afrostream/creators/mbosso-avatar.webp","afrostream","placed","public.as_creators:mbosso","400","400","18142","ce700a179336f388e8acb621509b81c610f74d1ea70550c6a7a9d70cac3e77c5","","1","not-reviewed","false","en","Verified live-database-reference binding. Existing owner now detected by inventory."
"/assets/img/afrostream/creators/mca-tricky-avatar.webp","afrostream","retired-alternative","public.as_creators:mca-tricky","400","400","17918","da074dd20b519a9292fe8fe53c175172b7bc081b602d139218dd1b707a65b992","","0","not-reviewed","false","","Live creator record does not select this file. Retain the older local alternative; do not replace the selected portrait without identity and provenance evidence."
"/assets/img/afrostream/creators/mcpemike-avatar.webp","afrostream","retired-alternative","public.as_creators:mcpemike","400","400","21656","b9c038c39c042cd83874d1a3dd8034515ac324ce966c7e661802c3409d569d41","","0","not-reviewed","false","","Live creator record selects a remote avatar. Retain the older local alternative; do not replace the selected portrait without identity and provenance evidence."
"/assets/img/afrostream/creators/meddy-avatar.webp","afrostream","retired-alternative","public.as_creators:meddy","400","400","24442","9920496c54a30f9eea945377265f85f5070c61d71430d8f01da7e99f14bf03ac","","0","not-reviewed","false","","Live creator record selects a remote avatar. Retain the older local alternative; do not replace the selected portrait without identity and provenance evidence."
"/assets/img/afrostream/creators/mehdi-mozayine-avatar.webp","afrostream","placed","public.as_creators:mehdi-mozayine","400","400","9090","1e5da3db5d1b00bede966c553d0d4cf68edb43edbb9271613234410834499668","","1","not-reviewed","false","en","Verified live-database-reference binding. Existing owner now detected by inventory."
"/assets/img/afrostream/creators/mihlali-ndamase-avatar.webp","afrostream","retired-alternative","public.as_creators:mihlali-ndamase","400","400","22392","46c4bef7c2a9700fb46da0b537f9ece82f27b844ca2473b466bd997b03a91005","","0","not-reviewed","false","","Live creator record selects a remote avatar. Retain the older local alternative; do not replace the selected portrait without identity and provenance evidence."
"/assets/img/afrostream/creators/mikoo-mikee-avatar.webp","afrostream","retired-alternative","public.as_creators:mikoo-mikee","400","400","20808","65d4f75b45b36a75d3893df7927b5e8872ceff68d1372bd1ad1d13f3af26c977","","0","not-reviewed","false","","Live creator record selects a remote avatar. Retain the older local alternative; do not replace the selected portrait without identity and provenance evidence."
"/assets/img/afrostream/creators/millard-ayo-avatar.webp","afrostream","placed","public.as_creators:millard-ayo","400","400","14184","7d5d0b13a8f5c2360dc1bf18ba56aaff4d1e6285e22e9182cbc03d672c02cb0f","","1","not-reviewed","false","en","Verified live-database-reference binding. Existing owner now detected by inventory."
"/assets/img/afrostream/creators/mohamed-ramadan.webp","afrostream","placed","public.as_creators:mohamed-ramadan","600","600","40664","61493b8def70bbe0abebc1fadfd295cee397ce383a8993b3251d1550219a55b5","","1","not-reviewed","false","en","Verified live-database-reference binding. Existing owner now detected by inventory."
"/assets/img/afrostream/creators/mohamed-tarek-avatar.webp","afrostream","placed","public.as_creators:mohamed-tarek","400","400","8820","0ced176685420f29143b3c6f0b9e01356be87201805ca7a56bbc75d53b979f5d","","1","not-reviewed","false","en","Verified live-database-reference binding. Existing owner now detected by inventory."
"/assets/img/afrostream/creators/moribyan-avatar.webp","afrostream","placed","public.as_creators:moribyan","400","400","19078","451be5c14361959dadec328fb4fd6b74790e77284ba79095249fbca85b5e07e3","","1","not-reviewed","false","en","Verified live-database-reference binding. Existing owner now detected by inventory."
"/assets/img/afrostream/creators/mosty-le-vrai-avatar.webp","afrostream","retired-alternative","public.as_creators:mosty-le-vrai","400","400","22850","b51bea89c3614ac6588abd118745b1e5c1b055438a6e157eac09a50b587f2545","","0","not-reviewed","false","","Live creator record does not select this file. Retain the older local alternative; do not replace the selected portrait without identity and provenance evidence."
"/assets/img/afrostream/creators/mthandeni-mahlaba-avatar.webp","afrostream","retired-alternative","public.as_creators:mthandeni-mahlaba","400","400","27728","feea0fb424b117417267b2f392dc5b3a3e60c85a424d913e0e3fcafbc569b299","","0","not-reviewed","false","","Live creator record selects a remote avatar. Retain the older local alternative; do not replace the selected portrait without identity and provenance evidence."
"/assets/img/afrostream/creators/nadia-elsayed-avatar.webp","afrostream","placed","public.as_creators:nadia-elsayed","400","400","11236","416cff4d3715f07d2c31efb2d81c3b06f37845a9860ddc308da005c7b976e8e8","","1","not-reviewed","false","en","Verified live-database-reference binding. Existing owner now detected by inventory."
"/assets/img/afrostream/creators/nahom-records-avatar.webp","afrostream","retired-alternative","public.as_creators:nahom-records","400","400","19830","8d8905f3614321e861fe0c2ec2f90594695a14287f9d97033a13d81edf23e71e","","0","not-reviewed","false","","Live creator record selects a remote avatar. Retain the older local alternative; do not replace the selected portrait without identity and provenance evidence."
"/assets/img/afrostream/creators/nasty-c-avatar.webp","afrostream","retired-alternative","public.as_creators:nasty-c","400","400","22846","82f658b2f0395b5b0908a8b06a4601492f66cbeb7f911f689f43db05899c8613","","0","not-reviewed","false","","Live creator record selects a remote avatar. Retain the older local alternative; do not replace the selected portrait without identity and provenance evidence."
"/assets/img/afrostream/creators/ninho-avatar.webp","afrostream","placed","public.as_creators:ninho","400","400","10100","0423ca4084c8572abb2ab19a9608712664070d08c8d91d0ba399c42020f199c0","","1","not-reviewed","false","en","Verified live-database-reference binding. Existing owner now detected by inventory."
"/assets/img/afrostream/creators/niska-avatar.webp","afrostream","placed","public.as_creators:niska","400","400","11180","411a4652cc5e29a823119aa4ed2ef57ff90604816086a0f3ec7b99740f251776","","1","not-reviewed","false","en","Verified live-database-reference binding. Existing owner now detected by inventory."
"/assets/img/afrostream/creators/noel-deyzel-avatar.webp","afrostream","placed","public.as_creators:noel-deyzel","400","400","23070","b641d6909c42964f3afbf477670300f3778a60aca280f31433244eae6a130afa","","1","not-reviewed","false","en","Verified live-database-reference binding. Existing owner now detected by inventory."
"/assets/img/afrostream/creators/noor-stars.webp","afrostream","placed","data/afrostream/creators-fallback.json","600","600","28090","0fdce4c07a329c7e4ef1fc8f79e6efb015dafc8248ed6eedf09a258653b1ad27","","2","not-reviewed","false","en","Visual/text review pending; reference scan is not visual approval."
"/assets/img/afrostream/creators/omar-shawar.webp","afrostream","placed","public.as_creators:omar-shawar","600","600","41172","cb15881b1bbe5f45ffdb76df39ae01fddf81a4a3d073c9f3c1e6e4fa3b70c7ea","","1","not-reviewed","false","en","Verified live-database-reference binding. Existing owner now detected by inventory."
"/assets/img/afrostream/creators/oum-walid.webp","afrostream","placed","public.as_creators:oum-walid","600","600","58414","71433fa03af0ae6c08735510a54c6a2a1d61bf5f459c29b64299a12e22341af7","","1","not-reviewed","false","en","Verified live-database-reference binding. Existing owner now detected by inventory."
"/assets/img/afrostream/creators/oussama-bl-avatar.webp","afrostream","retired-alternative","public.as_creators:oussama-bl","400","400","29938","f6536c170f24e9bbfb8334409af54243c74ea8026cb63b2b8323af92e516931d","","0","not-reviewed","false","","Live creator record selects a remote avatar. Retain the older local alternative; do not replace the selected portrait without identity and provenance evidence."
"/assets/img/afrostream/creators/p-square-avatar.webp","afrostream","placed","public.as_creators:p-square","400","400","11646","a0aabe698e4c24cd33c5e799dc8dd25ec28a09014d58728d1d9ca48c6fe2d5c6","","1","not-reviewed","false","en","Verified live-database-reference binding. Existing owner now detected by inventory."
"/assets/img/afrostream/creators/pallaso-avatar.webp","afrostream","retired-alternative","public.as_creators:pallaso","400","400","22916","d8edb81f287477b981c2c0707aef5fb0df96347ac72ab792f76c70290f61c6b3","","0","not-reviewed","false","","Live creator record selects a remote avatar. Retain the older local alternative; do not replace the selected portrait without identity and provenance evidence."
"/assets/img/afrostream/creators/pastor-elvis-agyemang-avatar.webp","afrostream","retired-alternative","public.as_creators:pastor-elvis-agyemang","400","400","20128","724fb01bc5e5f6bafe98f910a77afd137e283358807b848a4128c9a6bbca3224","","0","not-reviewed","false","","Live creator record selects a remote avatar. Retain the older local alternative; do not replace the selected portrait without identity and provenance evidence."
"/assets/img/afrostream/creators/presenter-ali-avatar.webp","afrostream","retired-alternative","public.as_creators:presenter-ali","400","400","19650","7e04b3c7832c96db536457a73794932999c95223e9e0fc268413b6f137e27a79","","0","not-reviewed","false","","Live creator record does not select this file. Retain the older local alternative; do not replace the selected portrait without identity and provenance evidence."
"/assets/img/afrostream/creators/princess-sachiko.webp","afrostream","placed","public.as_creators:princess-sachiko","600","600","38542","7a186b520148ca5663a0f22de72b9e2fa0706480e5232f767c1f428101cdf8d3","","1","not-reviewed","false","en","Verified live-database-reference binding. Existing owner now detected by inventory."
"/assets/img/afrostream/creators/rayvanny-avatar.webp","afrostream","placed","public.as_creators:rayvanny","400","400","33668","e7cb8a84faf3e06c23745105864390f93fd92058f5ce1daa8a4f2925ff45424f","","1","not-reviewed","false","en","Verified live-database-reference binding. Existing owner now detected by inventory."
"/assets/img/afrostream/creators/rema-avatar.webp","afrostream","placed","public.as_creators:rema","400","400","33832","322bc6552531e858fd9615ba6b0efe34f7b6cfe29db0ceaccca1c00543d0235e","","1","not-reviewed","false","en","Verified live-database-reference binding. Existing owner now detected by inventory."
"/assets/img/afrostream/creators/rico-animations.webp","afrostream","placed","public.as_creators:rico-animations","600","600","41406","adaead004f203eff7697e1073f6df5e4ad6d708a9dddb6c8019e606971fc55b8","","1","not-reviewed","false","en","Verified live-database-reference binding. Existing owner now detected by inventory."
"/assets/img/afrostream/creators/riderman-avatar.webp","afrostream","retired-alternative","public.as_creators:riderman","400","400","16478","7ffa219f38a145a2cf251dd282d1526f2237535833e66f618359d13b87a32bd1","","0","not-reviewed","false","","Live creator record selects a remote avatar. Retain the older local alternative; do not replace the selected portrait without identity and provenance evidence."
"/assets/img/afrostream/creators/rophnan-avatar.webp","afrostream","retired-alternative","public.as_creators:rophnan","400","400","24156","a33e9ca43eec92a909a834f785e5cb47590efb7f2e6bb765e43c117a87853219","","0","not-reviewed","false","","Live creator record selects a remote avatar. Retain the older local alternative; do not replace the selected portrait without identity and provenance evidence."
"/assets/img/afrostream/creators/roseline-layo-avatar.webp","afrostream","retired-alternative","public.as_creators:roseline-layo","400","400","20076","e05b9f71536331c7f43ec01bb9ee3954dba6e98caa7fb981d6fa698561099cfe","","0","not-reviewed","false","","Live creator record selects a remote avatar. Retain the older local alternative; do not replace the selected portrait without identity and provenance evidence."
"/assets/img/afrostream/creators/ross-kana-avatar.webp","afrostream","retired-alternative","public.as_creators:ross-kana","400","400","11242","95114e326cdefab70137583121a8c30dc2e5d1a700ef1b5eaa945431cbc28611","","0","not-reviewed","false","","Live creator record selects a remote avatar. Retain the older local alternative; do not replace the selected portrait without identity and provenance evidence."
"/assets/img/afrostream/creators/ryan-hd.webp","afrostream","placed","data/afrostream/creators-fallback.json","600","600","36290","090555a2fdda4291e79f7d1d07c29fc845c01fcdf333378d005e94e6b3f1b201","","2","not-reviewed","false","en","Visual/text review pending; reference scan is not visual approval."
"/assets/img/afrostream/creators/saad-lamjarred.webp","afrostream","placed","public.as_creators:saad-lamjarred","600","600","60990","ea86b06a8944445c0b515050f4565bdac2d93fdc90ee72333c7c135c9cae90ec","","1","not-reviewed","false","en","Verified live-database-reference binding. Existing owner now detected by inventory."
"/assets/img/afrostream/creators/safarel-obiang-avatar.webp","afrostream","retired-alternative","public.as_creators:safarel-obiang","400","400","22570","8f87e8264e524ed2c765a55f3c4d27ebd5a027074e099fb82b7743793ec61dba","","0","not-reviewed","false","","Live creator record selects a remote avatar. Retain the older local alternative; do not replace the selected portrait without identity and provenance evidence."
"/assets/img/afrostream/creators/samri-tube-avatar.webp","afrostream","retired-alternative","public.as_creators:samri-tube","400","400","14682","9332f044fb3e8fd14a82cdef496cefd6686b1a700b4410a0ad6deef3a3c7ae2c","","0","not-reviewed","false","","Live creator record selects a remote avatar. Retain the older local alternative; do not replace the selected portrait without identity and provenance evidence."
"/assets/img/afrostream/creators/samy-samos-avatar.webp","afrostream","retired-alternative","public.as_creators:samy-samos","400","400","24738","4511a5bd57c241cb5c79d5aa5fd442b14c931c7b38c70b49d1e970ef4044d1d1","","0","not-reviewed","false","","Live creator record selects a remote avatar. Retain the older local alternative; do not replace the selected portrait without identity and provenance evidence."
"/assets/img/afrostream/creators/sara-el-fadili-avatar.webp","afrostream","retired-alternative","public.as_creators:sara-el-fadili","400","400","16120","684d8d6ad6c00e56256d22f6e2a3b7e68e14e60b38054aa89ad824c1ed48ca1d","","0","not-reviewed","false","","Live creator record selects a remote avatar. Retain the older local alternative; do not replace the selected portrait without identity and provenance evidence."
"/assets/img/afrostream/creators/sarkodie-avatar.webp","afrostream","retired-alternative","public.as_creators:sarkodie","400","400","13034","0e7bdf7e649c6becdf49ab7551859d62180ec9dd7bc4c78d074e06f0a66f199c","","0","not-reviewed","false","","Live creator record selects a remote avatar. Retain the older local alternative; do not replace the selected portrait without identity and provenance evidence."
"/assets/img/afrostream/creators/sauti-sol-avatar.webp","afrostream","retired-alternative","public.as_creators:sauti-sol","400","400","19032","44a23f5bc01c1712266466f4addbcea5fe5e8ef909121e0f21f6415b4b9691d0","","0","not-reviewed","false","","Live creator record selects a remote avatar. Retain the older local alternative; do not replace the selected portrait without identity and provenance evidence."
"/assets/img/afrostream/creators/seifu-on-ebs-avatar.webp","afrostream","retired-alternative","public.as_creators:seifu-on-ebs","400","400","23362","a3381de16adeeb4dff8e1ffd90c6b4ada815a82a4f5a9f0b0873bc84772e1381","","0","not-reviewed","false","","Live creator record does not select this file. Retain the older local alternative; do not replace the selected portrait without identity and provenance evidence."
"/assets/img/afrostream/creators/sekrane-khaled-avatar.webp","afrostream","retired-alternative","public.as_creators:sekrane-khaled","400","400","21316","3328024748839e8e53c8217bee0d03a82e246e5191810ac5baf835e426f63036","","0","not-reviewed","false","","Live creator record selects a remote avatar. Retain the older local alternative; do not replace the selected portrait without identity and provenance evidence."
"/assets/img/afrostream/creators/sephora-lukau-avatar.webp","afrostream","retired-alternative","public.as_creators:sephora-lukau","400","400","28444","a3f616782589ef62c5bcdacaa07040c1b3ed82cb9ded13c2f05c0b22797f5f66","","0","not-reviewed","false","","Live creator record does not select this file. Retain the older local alternative; do not replace the selected portrait without identity and provenance evidence."
"/assets/img/afrostream/creators/serge-beynaud-avatar.webp","afrostream","retired-alternative","public.as_creators:serge-beynaud","400","400","36670","9bf7a5f0a4a6ec78da61df414c4103482e16428f60fc1e24a6c80bfccd6eb95c","","0","not-reviewed","false","","Live creator record selects a remote avatar. Retain the older local alternative; do not replace the selected portrait without identity and provenance evidence."
"/assets/img/afrostream/creators/shangazi-emma-claudine-avatar.webp","afrostream","retired-alternative","public.as_creators:shangazi-emma-claudine","400","400","27280","7f43235c1aae6c45026bd844811c204ccdc9299bb7d69964dd030bdacc2ae3fd","","0","not-reviewed","false","","Live creator record selects a remote avatar. Retain the older local alternative; do not replace the selected portrait without identity and provenance evidence."
"/assets/img/afrostream/creators/sheebah-karungi-avatar.webp","afrostream","retired-alternative","public.as_creators:sheebah-karungi","400","400","29826","aea80c2ec07e5c0fa362697564a4c897044e511d6c4199e0693285533dc0f7e0","","0","not-reviewed","false","","Live creator record selects a remote avatar. Retain the older local alternative; do not replace the selected portrait without identity and provenance evidence."
"/assets/img/afrostream/creators/sidy-diop-avatar.webp","afrostream","retired-alternative","public.as_creators:sidy-diop","400","400","33788","615a3654bf8d38fc3094625182b3af0fef96d8797a4c615a438ff90269e79f25","","0","not-reviewed","false","","Live creator record selects a remote avatar. Retain the older local alternative; do not replace the selected portrait without identity and provenance evidence."
"/assets/img/afrostream/creators/sisiyemmietv-avatar.webp","afrostream","placed","data/afrostream/creators-fallback.json","400","400","11750","9dc0346f51a88b1648c48c5fb9520ce1fe4b4f72a5d7bf914ad988afe10f978b","","2","not-reviewed","false","en","Visual/text review pending; reference scan is not visual approval."
"/assets/img/afrostream/creators/skits-by-sphe-avatar.webp","afrostream","retired-alternative","public.as_creators:skits-by-sphe","400","400","20710","5ff1bb6c780bf55ac1a0bf8dfe80a97e81f476637fbcd4a7e09cece9d0969974","","0","not-reviewed","false","","Live creator record selects a remote avatar. Retain the older local alternative; do not replace the selected portrait without identity and provenance evidence."
"/assets/img/afrostream/creators/soolking.webp","afrostream","placed","public.as_creators:soolking","500","500","22634","144eb741405c64afd0c47844bbcf389966531efede4c4b5ced83f381ccff9fd1","","1","not-reviewed","false","en","Verified live-database-reference binding. Existing owner now detected by inventory."
"/assets/img/afrostream/creators/spice-diana-avatar.webp","afrostream","retired-alternative","public.as_creators:spice-diana","400","400","31924","4ad06e3e86486dbbce68b897a77010abfd745792d02019557de448be1c58fee5","","0","not-reviewed","false","","Live creator record selects a remote avatar. Retain the older local alternative; do not replace the selected portrait without identity and provenance evidence."
"/assets/img/afrostream/creators/stanley-enow-avatar.webp","afrostream","retired-alternative","public.as_creators:stanley-enow","400","400","16482","1b515000fec5f853d680e21f12595458402a0756ce88dab0c106ed6a1ecc6a77","","0","not-reviewed","false","","Live creator record selects a remote avatar. Retain the older local alternative; do not replace the selected portrait without identity and provenance evidence."
"/assets/img/afrostream/creators/stephane-matala-avatar.webp","afrostream","retired-alternative","public.as_creators:stephane-matala","400","400","14482","06897df7fd3cebb6f002bd0eff6da561a2c8a5f82ade4f554fcf08094ab897ef","","0","not-reviewed","false","","Live creator record does not select this file. Retain the older local alternative; do not replace the selected portrait without identity and provenance evidence."
"/assets/img/afrostream/creators/steve-mweusi-avatar.webp","afrostream","retired-alternative","public.as_creators:steve-mweusi","400","400","15526","88c0c87babf26cb9a0aa05c4e45e2f73de6a9636204292f8ec277367deee322a","","0","not-reviewed","false","","Live creator record selects a remote avatar. Retain the older local alternative; do not replace the selected portrait without identity and provenance evidence."
"/assets/img/afrostream/creators/stonebwoy-avatar.webp","afrostream","retired-alternative","public.as_creators:stonebwoy","400","400","27926","0f5b41703c071cbfc11c3ffbd8da3e3829a06c459bf7499b1fdc7e9f6f599586","","0","not-reviewed","false","","Live creator record selects a remote avatar. Retain the older local alternative; do not replace the selected portrait without identity and provenance evidence."
"/assets/img/afrostream/creators/stylupafrica-avatar.webp","afrostream","retired-alternative","public.as_creators:stylupafrica","400","400","41844","226a45f05d9868516d3834b0262e359979eda28b1f8924117c030553a29652c7","","0","not-reviewed","false","","Live creator record selects a remote avatar. Retain the older local alternative; do not replace the selected portrait without identity and provenance evidence."
"/assets/img/afrostream/creators/suspect-95-avatar.webp","afrostream","retired-alternative","public.as_creators:suspect-95","400","400","16132","9d1ec48c6d4bed81b0ff114674636416305c61dead9defaf5d46bb838b660822","","0","not-reviewed","false","","Live creator record does not select this file. Retain the older local alternative; do not replace the selected portrait without identity and provenance evidence."
"/assets/img/afrostream/creators/sweet-adjeley-avatar.webp","afrostream","retired-alternative","public.as_creators:sweet-adjeley","400","400","20236","e60cd8033f07443d37937fee12cb93ad5d2020ae88f82f45c17f6b91f03c93f9","","0","not-reviewed","false","","Live creator record selects a remote avatar. Retain the older local alternative; do not replace the selected portrait without identity and provenance evidence."
"/assets/img/afrostream/creators/tamer-hosny-avatar.webp","afrostream","placed","public.as_creators:tamer-hosny","400","400","8770","3670b4d146313a49dc7edf2f9b3a76dfed7f4b10d1995445d472c20c6150d10a","","1","not-reviewed","false","en","Verified live-database-reference binding. Existing owner now detected by inventory."
"/assets/img/afrostream/creators/teddy-afro-avatar.webp","afrostream","retired-alternative","public.as_creators:teddy-afro","400","400","26606","83c381883b4cca5661bc61fd4dfda16ed1f72b65393e55a9e66d9ea55683226c","","0","not-reviewed","false","","Live creator record selects a remote avatar. Retain the older local alternative; do not replace the selected portrait without identity and provenance evidence."
"/assets/img/afrostream/creators/tems-avatar.webp","afrostream","placed","public.as_creators:tems","400","400","6166","5835e5632dcb4ed2249838856fc54bd9ed7406d518ba0b5a42498173233439d3","","1","not-reviewed","false","en","Verified live-database-reference binding. Existing owner now detected by inventory."
"/assets/img/afrostream/creators/tenor-cm-avatar.webp","afrostream","retired-alternative","public.as_creators:tenor-cm","400","400","15966","8ac1879e77e746db0de9c010b0895f994ad6e7bac7547ed13dac8bc001835f9f","","0","not-reviewed","false","","Live creator record does not select this file. Retain the older local alternative; do not replace the selected portrait without identity and provenance evidence."
"/assets/img/afrostream/creators/tenor-diana-show-avatar.webp","afrostream","retired-alternative","public.as_creators:tenor-diana-show","400","400","14964","a9333d6fe1fb20cf934dd6b851ebadefdacc4ed0b2988aa0d17e8fef54bc2edf","","0","not-reviewed","false","","Live creator record selects a remote avatar. Retain the older local alternative; do not replace the selected portrait without identity and provenance evidence."
"/assets/img/afrostream/creators/tfm-senegal-avatar.webp","afrostream","retired-alternative","public.as_creators:tfm-senegal","400","400","23768","fafc65452343ab538c2098c70a629dd0c8ab40cc52d9c5c75a5897d28d4bf601","","0","not-reviewed","false","","Live creator record selects a remote avatar. Retain the older local alternative; do not replace the selected portrait without identity and provenance evidence."
"/assets/img/afrostream/creators/the-ben-avatar.webp","afrostream","retired-alternative","public.as_creators:the-ben","400","400","11040","52f62f8bca6dfc9f4288cddb8583e784f6a282d3564dc5ea588341e02972534a","","0","not-reviewed","false","","Live creator record selects a remote avatar. Retain the older local alternative; do not replace the selected portrait without identity and provenance evidence."
"/assets/img/afrostream/creators/the-hostel-ug-avatar.webp","afrostream","retired-alternative","public.as_creators:the-hostel-ug","400","400","33966","d1a7969928f302419a06b4de599994d7913464f318eb10a2ab780f7f700bc405","","0","not-reviewed","false","","Live creator record does not select this file. Retain the older local alternative; do not replace the selected portrait without identity and provenance evidence."
"/assets/img/afrostream/creators/tik-dengue-avatar.webp","afrostream","retired-alternative","public.as_creators:tik-dengue","400","400","17434","0b07b4f1b81ac26c4beeda42846b847e38fbbcde056aa1e689b46c81b0fafe94","","0","not-reviewed","false","","Live creator record does not select this file. Retain the older local alternative; do not replace the selected portrait without identity and provenance evidence."
"/assets/img/afrostream/creators/tom-close-avatar.webp","afrostream","retired-alternative","public.as_creators:tom-close","400","400","9036","e0476c666ed6f591a0e105055a4dae23ca1fee8b30ebe56e9bfeeac11f515c9d","","0","not-reviewed","false","","Live creator record selects a remote avatar. Retain the older local alternative; do not replace the selected portrait without identity and provenance evidence."
"/assets/img/afrostream/creators/tyla-avatar.webp","afrostream","retired-alternative","public.as_creators:tyla","800","800","33352","5ec9122e1b54d3f8b8ee73fc43fd71c8c7278edbef61fd4ff0c0e805ad0a8f08","","0","not-reviewed","false","","Live creator record selects a remote avatar. Retain the older local alternative; do not replace the selected portrait without identity and provenance evidence."
"/assets/img/afrostream/creators/viviane-chidid-avatar.webp","afrostream","retired-alternative","public.as_creators:viviane-chidid","400","400","19952","78c91a241ff6f53b7f7c496cb3f9d937b57f1a73caa0882824f16acdc9dfdd39","","0","not-reviewed","false","","Live creator record selects a remote avatar. Retain the older local alternative; do not replace the selected portrait without identity and provenance evidence."
"/assets/img/afrostream/creators/wajesus-family-avatar.webp","afrostream","retired-alternative","public.as_creators:wajesus-family","400","400","26594","5398badbf59e70c5fd74b00f7340eac894e9df31792f3fbff45c15fec59447ed","","0","not-reviewed","false","","Live creator record selects a remote avatar. Retain the older local alternative; do not replace the selected portrait without identity and provenance evidence."
"/assets/img/afrostream/creators/wally-seck-avatar.webp","afrostream","retired-alternative","public.as_creators:wally-seck","400","400","19554","6c87f02ef1d6a7bea629faefb31089a77722e362e74b8f10151292b8ad8daf50","","0","not-reviewed","false","","Live creator record selects a remote avatar. Retain the older local alternative; do not replace the selected portrait without identity and provenance evidence."
"/assets/img/afrostream/creators/wasafi-media-avatar.webp","afrostream","placed","public.as_creators:wasafi-media","400","400","5428","329a678da8880d8e3d0fe28ef58663e61766fd978ecf6e2b5d2bd246b43f164f","","1","not-reviewed","false","en","Verified live-database-reference binding. Existing owner now detected by inventory."
"/assets/img/afrostream/creators/wegz-avatar.webp","afrostream","placed","public.as_creators:wegz","400","400","13224","0798a99443eb1726ba18e8d4bc9bb56a907ba67579dacdbef705ba582a0f6a55","","1","not-reviewed","false","en","Verified live-database-reference binding. Existing owner now detected by inventory."
"/assets/img/afrostream/creators/werrason-avatar.webp","afrostream","retired-alternative","public.as_creators:werrason","400","400","17660","20445dde8993bcd69a0730812aebb6b9698260e08b9a03dac45daae3eef4f055","","0","not-reviewed","false","","Live creator record does not select this file. Retain the older local alternative; do not replace the selected portrait without identity and provenance evidence."
"/assets/img/afrostream/creators/william-last-krm.webp","afrostream","placed","public.as_creators:william-last-krm","600","338","23824","891bf0ea801009fd47b3b80e7e92db064f3e531b446683e6129c29473a219c42","","1","not-reviewed","false","en","Verified live-database-reference binding. Existing owner now detected by inventory."
"/assets/img/afrostream/creators/winifred-nwania-avatar.webp","afrostream","retired-alternative","public.as_creators:winifred-nwania","400","400","19132","9799946383e97816e588d083d78dd83792f726d5203a78fb5b3800104b36fcdc","","0","not-reviewed","false","","Live creator record does not select this file. Retain the older local alternative; do not replace the selected portrait without identity and provenance evidence."
"/assets/img/afrostream/creators/wizkid-avatar.webp","afrostream","placed","public.as_creators:wizkid","400","400","12814","ba0299391d7023c2a8d235260cc321f50b16c44c7ae98f7686c6445a8b9d15fe","","1","not-reviewed","false","en","Verified live-database-reference binding. Existing owner now detected by inventory."
"/assets/img/afrostream/creators/wode-maya-avatar.webp","afrostream","placed","data/afrostream/creators-fallback.json","400","400","18924","3e498cb9f620772749b99caeee27ab733b3ec36e7b65b81cefe2fa936705e243","","1","not-reviewed","false","en","Visual/text review pending; reference scan is not visual approval."
"/assets/img/afrostream/creators/xalaat-tv-avatar.webp","afrostream","retired-alternative","public.as_creators:xalaat-tv","400","400","20904","00a8c4fa990c3cb63cc854f3f71199aea05b1756b5e978020d8b563403c947e6","","0","not-reviewed","false","","Live creator record does not select this file. Retain the older local alternative; do not replace the selected portrait without identity and provenance evidence."
"/assets/img/afrostream/creators/yassine-jarram-avatar.webp","afrostream","retired-alternative","public.as_creators:yassine-jarram","400","400","13424","4c651fefb90bbf03b0440738b83813746bf11c457da3e351e13d31c304e94df5","","0","not-reviewed","false","","Live creator record selects a remote avatar. Retain the older local alternative; do not replace the selected portrait without identity and provenance evidence."
"/assets/img/afrostream/creators/yemi-alade-avatar.webp","afrostream","placed","public.as_creators:yemi-alade","400","400","21130","8699b010a9650fad0ef92a31222376fb276ed78c4c53727d96d966324862b6cb","","1","not-reviewed","false","en","Verified live-database-reference binding. Existing owner now detected by inventory."
"/assets/img/afrostream/creators/yess-jamal-avatar.webp","afrostream","placed","public.as_creators:yess-jamal","400","400","13014","2b582bf06fbde0d07ab43d3769bb7d6fc519bba323134f0c0709f26e6da56126","","1","not-reviewed","false","en","Verified live-database-reference binding. Existing owner now detected by inventory."
"/assets/img/afrostream/creators/yode-et-siro-avatar.webp","afrostream","retired-alternative","public.as_creators:yode-et-siro","400","400","22656","d0cc455277331b842cfa5423b557fe8a40607ff9a117521eb4625f75754fdf36","","0","not-reviewed","false","","Live creator record does not select this file. Retain the older local alternative; do not replace the selected portrait without identity and provenance evidence."
"/assets/img/afrostream/creators/youssef-shaaban-avatar.webp","afrostream","retired-alternative","public.as_creators:youssef-shaaban","400","400","13214","383d388212b503e05a6e1a5ae4773bf97419734370db5ffec7ab169d36ed3c66","","0","not-reviewed","false","","Live creator record does not select this file. Retain the older local alternative; do not replace the selected portrait without identity and provenance evidence."
"/assets/img/afrostream/creators/youssou-ndour-avatar.webp","afrostream","retired-alternative","public.as_creators:youssou-ndour","400","400","19038","059847d42152214f1e15ec07e8d739dd5b75f96cdf1b4fca1c37a74f178468d3","","0","not-reviewed","false","","Live creator record does not select this file. Retain the older local alternative; do not replace the selected portrait without identity and provenance evidence."
"/assets/img/afrostream/creators/zain-asaad-avatar.webp","afrostream","retired-alternative","public.as_creators:zain-asaad","400","400","13954","6df069ef22600552287bbc341cfdd5392f38e79ad3eb61229877c1a639ee4f74","","0","not-reviewed","false","","Live creator record selects a remote avatar. Retain the older local alternative; do not replace the selected portrait without identity and provenance evidence."
"/assets/img/afrostream/creators/zerobrainer-avatar.webp","afrostream","retired-alternative","public.as_creators:zerobrainer","400","400","15240","af60fc8c4eeda1a5cdd982e9c2c63c64c65e07c7baaa717f89269c4062e3434d","","0","not-reviewed","false","","Live creator record does not select this file. Retain the older local alternative; do not replace the selected portrait without identity and provenance evidence."
"/assets/img/afrostream/creators/zmarioo-avatar.webp","afrostream","retired-alternative","tools/afrostream/index.html#media-archive","400","400","9088","1851992387bef5c3ee60e4b7324feddd269772cde59c20dd533a24b5bf1bab5c","","0","not-reviewed","false","","No current creator/news binding for this file in the verified database snapshot. Retain in the AfroStream media archive; filename alone does not establish publication or identity."
"/assets/img/afrostream/creators/zuchu-avatar.webp","afrostream","placed","public.as_creators:zuchu","400","400","19390","bbd926a027634db10e5776fff21a4197e9314b7dbb15846457c7367f9231c953","","1","not-reviewed","false","en","Verified live-database-reference binding. Existing owner now detected by inventory."
"/assets/img/afrostream/news/africa-creator-festival-cape-town-launch-2026.webp","afrostream","placed","public.as_news:africa-creator-festival-cape-town-launch-2026","1200","630","52100","3a813ff262bbd031ae0f6687f80cbe2e528175bc32ac122388343b70549b221f","","1","not-reviewed","false","en","Verified live-database-reference binding. Existing owner now detected by inventory."
"/assets/img/afrostream/news/african-ai-film-festival-sab-studios-april-2026.webp","afrostream","retired-alternative","tools/afrostream/index.html#media-archive","1200","630","92844","f7cc50dc862c1a465716a20401de8710e30a2348224f55c6caf79fb59944708f","","0","not-reviewed","false","","No current creator/news binding for this file in the verified database snapshot. Retain in the AfroStream media archive; filename alone does not establish publication or identity."
"/assets/img/afrostream/news/african-creators-summit-2026-registration.webp","afrostream","placed","public.as_news:african-creators-summit-2026-registration","1200","630","74980","c7031b649be89b81995b81cdc7347de6ae1be9dfc5ac7955338ecb24d91abd93","","1","not-reviewed","false","en","Verified live-database-reference binding. Existing owner now detected by inventory."
"/assets/img/afrostream/news/afride-awards-2026-online-african-gaming-creators.webp","afrostream","placed","public.as_news:afride-awards-2026-online-african-gaming-creators","1200","630","81292","6aae4d4e3d0e6ce15acc43ac935e4c2131024f169ac83e3e5c1d32bd2b78bba4","","1","not-reviewed","false","en","Verified live-database-reference binding. Existing owner now detected by inventory."
"/assets/img/afrostream/news/afrocannes-2026-cannes-african-creator-platform.webp","afrostream","retired-alternative","tools/afrostream/index.html#media-archive","1200","630","47230","b8c5805ea72942b9dd7ac825b48010c3ab383a8e36bb6dd6f45ca42b80c4585f","","0","not-reviewed","false","","No current creator/news binding for this file in the verified database snapshot. Retain in the AfroStream media archive; filename alone does not establish publication or identity."
"/assets/img/afrostream/news/basadi-music-awards-2026-pan-african-nominations.webp","afrostream","placed","public.as_news:basadi-music-awards-2026-pan-african-nominations","800","450","11770","115252766646bb04d47ebe9c9d8b5a3331987dea1f24488b5f283f4cecc73acf","","1","not-reviewed","false","en","Verified live-database-reference binding. Existing owner now detected by inventory."
"/assets/img/afrostream/news/bet-awards-2026-african-nominations.webp","afrostream","placed","public.as_news:bet-awards-2026-african-nominations","1200","630","53584","0b575618463d669741ea83c0ef5db663d31bbd441fcd9250aceab05cc87c2422","","1","not-reviewed","false","en","Verified live-database-reference binding. Existing owner now detected by inventory."
"/assets/img/afrostream/news/black-sherif-wins-artiste-of-the-year-at-27th-tgma-full-winners-list-fixt5q.webp","afrostream","placed","public.as_news:black-sherif-wins-artiste-of-the-year-at-27th-tgma-full-winners-list-fixt5q","1200","630","42652","b56e46149080b1c6fe041b6843f7b5920929f42302e3823064223b75c4b288e6","","1","not-reviewed","false","en","Verified live-database-reference binding. Existing owner now detected by inventory."
"/assets/img/afrostream/news/cerawards-2026-nigeria-creators-konga-cerave.webp","afrostream","placed","public.as_news:cerawards-2026-nigeria-creators-konga-cerave","1200","631","48136","3f59310a7e2765fc8eb258407714d20eb11dbf2b633a63b2784a7bbe4760d28b","","1","not-reviewed","false","en","Verified live-database-reference binding. Existing owner now detected by inventory."
"/assets/img/afrostream/news/cinegear-world-2026-johannesburg-creator-summit.webp","afrostream","placed","public.as_news:cinegear-world-2026-johannesburg-creator-summit","800","450","34636","03f8b3463ea1977fc67ec72eab0cf6afc7584dc54feb3e8d0bb879451ef5b3fc","","1","not-reviewed","false","en","Verified live-database-reference binding. Existing owner now detected by inventory."
"/assets/img/afrostream/news/click-awards-2026-kenya-creator-entrepreneurs.webp","afrostream","placed","public.as_news:click-awards-2026-kenya-creator-entrepreneurs","1200","631","43918","18c68ac61d5afbcde8aa8433d0adbbd4e10b9541d3bfb9b507f404f0e953755e","","1","not-reviewed","false","en","Verified live-database-reference binding. Existing owner now detected by inventory."
"/assets/img/afrostream/news/crest-2026-nigeria-creator-economy-pre-summit.webp","afrostream","placed","public.as_news:crest-2026-nigeria-creator-economy-pre-summit","800","450","21354","f8a00208e24ed763f0c13d9949b3b0db6c7c1b4d367fd64308ad3865f094716c","","1","not-reviewed","false","en","Verified live-database-reference binding. Existing owner now detected by inventory."
"/assets/img/afrostream/news/davido-announced-as-2026-black-music-and-038-entertainment-walk-of-fame-in-fixt5u.webp","afrostream","placed","public.as_news:davido-announced-as-2026-black-music-and-038-entertainment-walk-of-fame-in-fixt5u","1200","630","114252","ee1dd9162713e1db33d474665fdea1eae9185b3483aabd85ad696534c2df25b3","","1","not-reviewed","false","en","Verified live-database-reference binding. Existing owner now detected by inventory."
"/assets/img/afrostream/news/davido-confirms-joint-album-with-chris-brown-set-for-2027-fixsk6.webp","afrostream","placed","public.as_news:davido-confirms-joint-album-with-chris-brown-set-for-2027-fixsk6","1200","630","98838","efb814d1ba41e29f5c3b53569439915d05a29174cb6d4c33c43988db69ca21fc","","1","not-reviewed","false","en","Verified live-database-reference binding. Existing owner now detected by inventory."
"/assets/img/afrostream/news/davido-to-be-inducted-into-2026-black-music-and-038-entertainment-walk-of--9opjko.webp","afrostream","placed","public.as_news:davido-to-be-inducted-into-2026-black-music-and-038-entertainment-walk-of--9opjko","1200","630","79874","e6c0a2bff133c2bde8be5a9b22c78357b2e6d66738deed5dbf84e5e1ad66ac7b","","1","not-reviewed","false","en","Verified live-database-reference binding. Existing owner now detected by inventory."
"/assets/img/afrostream/news/dove-creator-collective-south-africa-2026.webp","afrostream","placed","public.as_news:dove-creator-collective-south-africa-2026","800","420","17822","30db44f1574385ee7a806f7512adf26c919bed496737b01759952c04a2348952","","1","not-reviewed","false","en","Verified live-database-reference binding. Existing owner now detected by inventory."
"/assets/img/afrostream/news/echo-creator-accelerator-lagos-2026.webp","afrostream","placed","public.as_news:echo-creator-accelerator-lagos-2026","1200","630","118620","abdffb3983eec11421e457bafd7fdda79ea45becfe52b5239316f6fa3abe494f","","1","not-reviewed","false","en","Verified live-database-reference binding. Existing owner now detected by inventory."
"/assets/img/afrostream/news/entertainment-week-africa-2026-creator-hub-applications.webp","afrostream","placed","public.as_news:entertainment-week-africa-2026-creator-hub-applications","800","450","21646","a1df6d3e9dcde86212db99fe548eee65da91a46d76447177545140f71e503355","","1","not-reviewed","false","en","Verified live-database-reference binding. Existing owner now detected by inventory."
"/assets/img/afrostream/news/fotosut-ai-photography-business-os-2026.webp","afrostream","placed","public.as_news:fotosut-ai-photography-business-os-2026","800","450","27620","2b89d3f5dcdea66a13e51e78e093c72e71091b13f6efaacaf61f85d77e1da542","","1","not-reviewed","false","en","Verified live-database-reference binding. Existing owner now detected by inventory."
"/assets/img/afrostream/news/google-aicc-flutterflow-ghana-creators-2026.webp","afrostream","placed","public.as_news:google-aicc-flutterflow-ghana-creators-2026","1200","630","66366","b4f9963f6178b7af7c3a47a8138736997022ed47eac59f87f806465e3f93b7ea","","1","not-reviewed","false","en","Verified live-database-reference binding. Existing owner now detected by inventory."
"/assets/img/afrostream/news/guardian-african-news-creators-social-feeds-2026.webp","afrostream","placed","public.as_news:guardian-african-news-creators-social-feeds-2026","1200","630","71352","c70e711d469849a115d078f6083762f72122cb8cb8765cef33804cb993638cf9","","1","not-reviewed","false","en","Verified live-database-reference binding. Existing owner now detected by inventory."
"/assets/img/afrostream/news/jiwe-io-ma3-simulator-crowdfunding-2026.webp","afrostream","placed","public.as_news:jiwe-io-ma3-simulator-crowdfunding-2026","800","450","13474","e961c7117abedaf49467e8de730b4b0677f435d8c94860f876394ee2815239d8","","1","not-reviewed","false","en","Verified live-database-reference binding. Existing owner now detected by inventory."
"/assets/img/afrostream/news/joy-of-jazz-2026-angelique-kidjo-lineup.webp","afrostream","placed","public.as_news:joy-of-jazz-2026-angelique-kidjo-lineup","1200","630","85612","3d8b93d85031fd5f6dcf0db3ee8f8264908f25a6f4fe29d58edea233b85f5543","","1","not-reviewed","false","en","Verified live-database-reference binding. Existing owner now detected by inventory."
"/assets/img/afrostream/news/khaby-lame-dakar-2026-ambassador.webp","afrostream","placed","public.as_news:khaby-lame-dakar-2026-ambassador","1200","630","114330","956a731e9a8cf63c9dce00541c5552d99dafccf85c894ec926114df86851eae5","","1","not-reviewed","false","en","Verified live-database-reference binding. Existing owner now detected by inventory."
"/assets/img/afrostream/news/kwesta-dakar-ii-spotify-streams-2026.webp","afrostream","placed","public.as_news:kwesta-dakar-ii-spotify-streams-2026","1200","630","57798","58d356f2226914bcf38fafacddcc6fa4d95b38fcab901625482a4f4e5b680c02","","1","not-reviewed","false","en","Verified live-database-reference binding. Existing owner now detected by inventory."
"/assets/img/afrostream/news/leddi-g-cr8tor-week-africa-2026.webp","afrostream","placed","public.as_news:leddi-g-cr8tor-week-africa-2026","1200","630","76392","e20b083cf189c5348ebaf3687c1ef04b9a912f40f2aa574095d8fc73a24de52a","","1","not-reviewed","false","en","Verified live-database-reference binding. Existing owner now detected by inventory."
"/assets/img/afrostream/news/mainstack-moment-awards-2026-african-creators.webp","afrostream","placed","public.as_news:mainstack-moment-awards-2026-african-creators","800","450","12754","01caba0578ac5492f282e07ccbff6ec4fa41c83e9eacff769f56a2d9346b3f65","","1","not-reviewed","false","en","Verified live-database-reference binding. Existing owner now detected by inventory."
"/assets/img/afrostream/news/meta-made-by-africa-2026-cinema-creators.webp","afrostream","placed","public.as_news:meta-made-by-africa-2026-cinema-creators","800","450","17024","3bd93a1ad2028a18a8fa238b0c5373d08766e0c9adb88af994dd230cf4a97635","","1","not-reviewed","false","en","Verified live-database-reference binding. Existing owner now detected by inventory."
"/assets/img/afrostream/news/meta-malawi-creators-monetisation-talks-2026.webp","afrostream","placed","public.as_news:meta-malawi-creators-monetisation-talks-2026","1200","630","73276","d7b2a28f9910b047504da4a88b77bec32291bc2a9c3322c9b831c6cf2be162cf","","1","not-reviewed","false","en","Verified live-database-reference binding. Existing owner now detected by inventory."
"/assets/img/afrostream/news/mtn-ghana-digital-music-conference-creator-monetisation-2026.webp","afrostream","placed","public.as_news:mtn-ghana-digital-music-conference-creator-monetisation-2026","800","420","28136","9f04ef4d55ee9456d9c69c8b6fcf0b8f2b0339990c3629f308fcca5fe39dcdde","","1","not-reviewed","false","en","Verified live-database-reference binding. Existing owner now detected by inventory."
"/assets/img/afrostream/news/national-arts-festival-2026-south-africa-creators.webp","afrostream","placed","public.as_news:national-arts-festival-2026-south-africa-creators","1200","630","92984","f1f5a590d07fe7f573f3f071e4641b85b611f9e4a57fad9e53706f5be8813c4d","","1","not-reviewed","false","en","Verified live-database-reference binding. Existing owner now detected by inventory."
"/assets/img/afrostream/news/omah-lay-clarity-of-mind-2026.webp","afrostream","retired-alternative","tools/afrostream/index.html#media-archive","1200","630","29422","2316477444c6e2d3da2c89ff7b7b27b0474bc681fe5a75de8a04c3b9f10c3803","","0","not-reviewed","false","","No current creator/news binding for this file in the verified database snapshot. Retain in the AfroStream media archive; filename alone does not establish publication or identity."
"/assets/img/afrostream/news/pitcher-festival-2026-pan-african-creative-juries.webp","afrostream","placed","public.as_news:pitcher-festival-2026-pan-african-creative-juries","1200","630","60616","3e2ffd8f4d884568dba5c526e7964875c03d037c83ab88c2ca77b36a0dacaf82","","1","not-reviewed","false","en","Verified live-database-reference binding. Existing owner now detected by inventory."
"/assets/img/afrostream/news/rema-tyla-fifa-world-cup-2026-los-angeles-opening-celebration.webp","afrostream","placed","public.as_news:rema-tyla-fifa-world-cup-2026-los-angeles-opening-celebration","1200","630","57152","ae2b77feb6684ea1e684e2696515f4de57c1f833f0129a2301d75c6850e9c6dc","","1","not-reviewed","false","en","Verified live-database-reference binding. Existing owner now detected by inventory."
"/assets/img/afrostream/news/sa-moonchild-sanelly-to-debut-full-moon-live-in-joburg-for-first-time-2pdk5k.webp","afrostream","placed","public.as_news:sa-moonchild-sanelly-to-debut-full-moon-live-in-joburg-for-first-time-2pdk5k","1200","630","51604","1e2a6437cdafd1488da8af55d564527aa15135d73ed043cbb23d5ce37387da5a","","1","not-reviewed","false","en","Verified live-database-reference binding. Existing owner now detected by inventory."
"/assets/img/afrostream/news/sarkodie-kweku-flick-odo-pa-3cojix.webp","afrostream","placed","public.as_news:sarkodie-kweku-flick-odo-pa-3cojix","1200","630","88590","7f6597972111eab00e53b2432c75d9a5cd8713c9d5009cadace835a722b7942c","","1","not-reviewed","false","en","Verified live-database-reference binding. Existing owner now detected by inventory."
"/assets/img/afrostream/news/shakira-and-burna-boy-collaborate-on-official-2026-fifa-world-cup-anthem-9opjn3.webp","afrostream","placed","public.as_news:shakira-and-burna-boy-collaborate-on-official-2026-fifa-world-cup-anthem-9opjn3","1200","630","90496","88ce8b1d143de0c3531f1469a23e931ddac87fafc30b88a4f25e01b412f3364e","","1","not-reviewed","false","en","Verified live-database-reference binding. Existing owner now detected by inventory."
"/assets/img/afrostream/news/showmax-closes-dstv-stream-2026.webp","afrostream","placed","public.as_news:showmax-closes-dstv-stream-2026","1200","630","47140","301edfcc778b06b9e1b04268b0ec3f4595cdeab93a07a7a156203fb656269ed4","","1","not-reviewed","false","en","Verified live-database-reference binding. Existing owner now detected by inventory."
"/assets/img/afrostream/news/skiips-nasty-c-winning-artistic-breakthrough-34j6cu.webp","afrostream","placed","public.as_news:skiips-nasty-c-winning-artistic-breakthrough-34j6cu","800","450","14184","de7abfff408a8ce993ee33baf5202f67963e2953cfc5d527d078233273c491fa","","1","not-reviewed","false","en","Verified live-database-reference binding. Existing owner now detected by inventory."
"/assets/img/afrostream/news/soma-play-ecitizen-kenya-student-creators-2026.webp","afrostream","placed","public.as_news:soma-play-ecitizen-kenya-student-creators-2026","1200","630","68924","25dd44aa156e6243f8697194eb059a8a287d2808690e5c10ba601224e844d249","","1","not-reviewed","false","en","Verified live-database-reference binding. Existing owner now detected by inventory."
"/assets/img/afrostream/news/soso-kanaga-amvca-2026-digital-content-creator-win.webp","afrostream","placed","public.as_news:soso-kanaga-amvca-2026-digital-content-creator-win","1200","630","41924","8a3c312eb1ccec4706cd99f5562aeceb3f6d2727e36d86df4b1cb47c7dcd9511","","1","not-reviewed","false","en","Verified live-database-reference binding. Existing owner now detected by inventory."
"/assets/img/afrostream/news/spotify-five-years-nigeria-2026.webp","afrostream","placed","public.as_news:spotify-five-years-nigeria-2026","1200","630","129118","b8c9186693ca193b28bc52dd1e76c03ed4d7e354e8a6a202783fd550ff2d3f06","","1","not-reviewed","false","en","Verified live-database-reference binding. Existing owner now detected by inventory."
"/assets/img/afrostream/news/spotify-fresh-finds-africa-zaylevelten-2026.webp","afrostream","placed","public.as_news:spotify-fresh-finds-africa-zaylevelten-2026","1200","630","97912","18dc122af702887d93be47399fcfdd049cfe3c99e50b2e3db905d6e83b120316","","1","not-reviewed","false","en","Verified live-database-reference binding. Existing owner now detected by inventory."
"/assets/img/afrostream/news/spotify-south-africa-artists-royalties-2025-2026.webp","afrostream","placed","public.as_news:spotify-south-africa-artists-royalties-2025-2026","800","450","29058","2401f634085791a972ea8e3eba05f593ed16ee6c0c0a330e0b95426ca85149f9","","1","not-reviewed","false","en","Verified live-database-reference binding. Existing owner now detected by inventory."
"/assets/img/afrostream/news/stonebwoy-torcher-ii-album-release-2026.webp","afrostream","placed","public.as_news:stonebwoy-torcher-ii-album-release-2026","1200","631","56068","70dae9a5fced1c42eb343f47a7d7a2aea6a15419f75c4a69c2dfd4f760401709","","1","not-reviewed","false","en","Verified live-database-reference binding. Existing owner now detected by inventory."
"/assets/img/afrostream/news/storipod-narrative-landscape-adichie-2026.webp","afrostream","placed","public.as_news:storipod-narrative-landscape-adichie-2026","1200","630","62398","65ae13878021235dc2456a27a08fa06e5f4bfcd618811d6732c2aed02730a4b2","","1","not-reviewed","false","en","Verified live-database-reference binding. Existing owner now detected by inventory."
"/assets/img/afrostream/news/tiktok-discover-list-ssa-creators-2026.webp","afrostream","placed","public.as_news:tiktok-discover-list-ssa-creators-2026","1200","630","104762","247619cc72a9c51c63b753108f3eeab7c94d1480e6da9edd4f6e76775ef9325d","","1","not-reviewed","false","en","Verified live-database-reference binding. Existing owner now detected by inventory."
"/assets/img/afrostream/news/tivvio-durban-ticketing-creators-2026.webp","afrostream","placed","public.as_news:tivvio-durban-ticketing-creators-2026","1200","630","60246","3aadaef7884cc338027126e9367e3914360fc570be4e957607d80362d7c2e4de","","1","not-reviewed","false","en","Verified live-database-reference binding. Existing owner now detected by inventory."
"/assets/img/afrostream/news/tyla-four-american-music-awards-nominations-2026.webp","afrostream","placed","public.as_news:tyla-four-american-music-awards-nominations-2026","1200","630","69382","bba3841a8e45ccf453f89bd9ec6d0e7fe1b40d2ccfb5379e04ce7ff2e73f6472","","1","not-reviewed","false","en","Verified live-database-reference binding. Existing owner now detected by inventory."
"/assets/img/afrostream/news/uganda-s-bobi-wine-on-the-books-and-songs-that-shape-his-politics-f7btfr.webp","afrostream","placed","public.as_news:uganda-s-bobi-wine-on-the-books-and-songs-that-shape-his-politics-f7btfr","1200","630","31908","ea1b7af3ac211f82fd2584f2e568ad6f1c3a77cd11d72fe0ba6b01559c500cac","","1","not-reviewed","false","en","Verified live-database-reference binding. Existing owner now detected by inventory."
"/assets/img/afrostream/news/unesco-wpfd-lusaka-african-digital-creators-2026.webp","afrostream","placed","public.as_news:unesco-wpfd-lusaka-african-digital-creators-2026","1200","630","58778","c58f27809b5c7c119b01417d24c3f01d3dbca5d191147c8e3ce3a95a2b7ab5df","","1","not-reviewed","false","en","Verified live-database-reference binding. Existing owner now detected by inventory."
"/assets/img/afrostream/news/zee-nxumalo-spotify-equal-africa-may-2026.webp","afrostream","placed","public.as_news:zee-nxumalo-spotify-equal-africa-may-2026","1200","630","58906","c7bcc3841b38df22a559c3b062cea0a31d24d72b8fe2feb416a396539376654d","","1","not-reviewed","false","en","Verified live-database-reference binding. Existing owner now detected by inventory."
"/assets/img/afrostudy-hero-banner.webp","brand-and-banners","rejected-artwork","index.html","1200","640","84098","487a5447593a2f9a9dd91eeecd9cfb49ff7632582f8820f6544f286df948d0de","","0","embedded-text-or-unverified-details","false","","Visual review: promotional collage or mock interface, embedded copy, or unverified map/currency/UI details. Reject for automatic public placement and translated reuse; retain original in the design archive."
"/assets/img/afrotools-hero-banner.webp","brand-and-banners","placed","data/ai/vertical-landing-pages.json","1122","1402","70904","2d835e7648a90969693bec47c6fa74dd86cbf0d9fa648e61a4544aa849dec96e","","1","not-reviewed","false","en","Visual/text review pending; reference scan is not visual approval."
"/assets/img/afrowork-hero-banner.webp","brand-and-banners","rejected-artwork","index.html","1200","644","84312","ff4bcc8179e20e53c3380ae200302ebe12c8408864832cade177324645eb8da0","","0","embedded-text-or-unverified-details","false","","Visual review: promotional collage or mock interface, embedded copy, or unverified map/currency/UI details. Reject for automatic public placement and translated reuse; retain original in the design archive."
"/assets/img/blog/afcfta-import-duties-africa-2026.webp","blog","placed","blog/afcfta-import-duties-africa-2026/index.html","1200","630","92334","d32b904bd980ed72847a25df6e0270884271ca86988dad0c72cb501a58b11015","","2","not-reviewed","false","en","Visual/text review pending; reference scan is not visual approval."
"/assets/img/blog/african-recipes.webp","blog","placed","blog/african-recipes/index.html","1200","630","97976","98b6f08bdd90b8480874924d178e7d1ca387b0625fbb48c8e106ce88ccf1cb23","","2","not-reviewed","false","en","Visual/text review pending; reference scan is not visual approval."
"/assets/img/blog/african-startup-funding-2026.webp","blog","placed","blog/african-startup-funding-2026/index.html","1200","630","155828","29ec8eb500c912c38476a700a3afa3c66f820af350d257e8320085c97caab79a","","2","not-reviewed","false","en","Visual/text review pending; reference scan is not visual approval."
"/assets/img/blog/ajo-interest-calculation.webp","blog","placed","blog/ajo-interest-calculation/index.html","1200","630","56834","d368c809bcc6b5fdb43fe0ea0714b0479c959ebd139b7564adc19bc8e9f153fa","","3","not-reviewed","false","en; fr","Visual/text review pending; reference scan is not visual approval."
"/assets/img/blog/ajo-savings-group.webp","blog","placed","blog/ajo-savings-group/index.html","1200","628","79926","7da9059881c9274112f99fc4a7a9c92aa7578e612426db8b0a6dd37b109f2b17","","2","not-reviewed","false","en","Visual/text review pending; reference scan is not visual approval."
"/assets/img/blog/average-salary-kenya-2026.webp","blog","placed","blog/average-salary-kenya-2026/index.html","1200","627","66876","f32b2c77bf412f6b8be1ad601d18c5c3370a55a295eebfee244179f038aaf259","","2","not-reviewed","false","en","Visual/text review pending; reference scan is not visual approval."
"/assets/img/blog/average-salary-nigeria-2026.webp","blog","placed","blog/average-salary-nigeria-2026/index.html","1200","630","98830","667b02bdf4bca064f514c1433fa31842053fd4d5f448bd68694d30f3b99775c1","","2","not-reviewed","false","en","Visual/text review pending; reference scan is not visual approval."
"/assets/img/blog/average-salary-south-africa-2026.webp","blog","placed","blog/average-salary-south-africa-2026/index.html","1200","628","67888","e114abf77ec9229eced02079d1539d3d9676bdd2f5373ff9ece488b2ea07f093","","2","not-reviewed","false","en","Visual/text review pending; reference scan is not visual approval."
"/assets/img/blog/bareme-irpp-cote-divoire.webp","blog","placed","blog/bareme-irpp-cote-divoire/index.html","1200","630","82970","1cb3fead3efe070bf99f3bcbc185c572f1f3be9bdf1e94076dc169f9d02e8d9b","","2","not-reviewed","false","en","Visual/text review pending; reference scan is not visual approval."
"/assets/img/blog/best-budgeting-methods-africa-2026.webp","blog","placed","blog/best-budgeting-methods-africa-2026/index.html","1200","630","157882","2e5728e1af07b3f7b200f1629a650024836cf8b357f0b25ff6ef195a09392d5a","","2","not-reviewed","false","en","Visual/text review pending; reference scan is not visual approval."
"/assets/img/blog/best-countries-business-africa-2026.webp","blog","placed","blog/best-countries-business-africa-2026/index.html","1200","630","91908","02433d35c54caa009c545aed7efacb96005e65ec0afb1032b8564d6b9e13c0c8","","2","not-reviewed","false","en","Visual/text review pending; reference scan is not visual approval."
"/assets/img/blog/best-free-pdf-tools-online.webp","blog","placed","blog/best-free-pdf-tools-online/index.html","1200","630","48336","5416e261ed0be9e81f87019cbaf1db0c7a989d999e42309f372e33c26e1d66c1","","2","not-reviewed","false","en","Visual/text review pending; reference scan is not visual approval."
"/assets/img/blog/best-high-yield-savings-africa-2026.webp","blog","placed","blog/best-high-yield-savings-africa-2026/index.html","1200","628","65326","6f2f51869578edebf4c0c9ffd4dd75f2ce75f1a8c5b356bc785090085c2ce4e2","","2","not-reviewed","false","en","Visual/text review pending; reference scan is not visual approval."
"/assets/img/blog/best-p2p-platforms-nigeria-2026.webp","blog","placed","blog/best-p2p-platforms-nigeria-2026/index.html","1200","630","79190","638def2a3ac4f05b838ae525e9673d210bc8e6939aa7fe494b5198beb1e3ed30","","2","not-reviewed","false","en","Visual/text review pending; reference scan is not visual approval."
"/assets/img/blog/best-savings-accounts-nigeria-2026.webp","blog","placed","blog/best-savings-accounts-nigeria-2026/index.html","1200","630","114258","715222949c3fb1950f2ea254f8fd4f88614ad300373c3735f6d4ca162f9edc1e","","2","not-reviewed","false","en","Visual/text review pending; reference scan is not visual approval."
"/assets/img/blog/best-way-send-money-ghana-2026.webp","blog","placed","blog/best-way-send-money-ghana-2026/index.html","1200","630","66756","e12701447a3e3c0e5c064e1889387700ea167882b8039a9da8e9e14bf6649b3b","","2","not-reviewed","false","en","Visual/text review pending; reference scan is not visual approval."
"/assets/img/blog/best-way-send-money-kenya-2026.webp","blog","placed","blog/best-way-send-money-kenya-2026/index.html","1200","630","114534","f3ebbda2bd60aa4f7cd59cc2a33855dd2ab55d3e0e67fee5b0a226c9eeba2a6d","","2","not-reviewed","false","en","Visual/text review pending; reference scan is not visual approval."
"/assets/img/blog/blog-youtube-thumbnail-maker.webp","blog","placed","blog/youtube-thumbnail-maker-free/index.html","1200","800","116552","3d01329b53a3e42e8d0c83d5cf7ce5cc5f6c350f5d69d5d5a9d37f8c8a8f0ea4","","2","not-reviewed","false","en","Visual/text review pending; reference scan is not visual approval."
"/assets/img/blog/bmi-calculator-africa-guide.webp","blog","placed","blog/bmi-calculator-africa-guide/index.html","1200","630","39738","91fba1a361fd8b4a034cc813113965c5d4da2b2cf7f4bb72cfb8afe2e1a44a08","","3","not-reviewed","false","en","Visual/text review pending; reference scan is not visual approval."
"/assets/img/blog/boq-construction-nigeria-2026.webp","blog","placed","blog/boq-construction-nigeria-2026/index.html","1200","631","43920","b161168a100235129f6491019b9e889188f79a077446c198a29899de1cb83ec0","","3","not-reviewed","false","en","Visual/text review pending; reference scan is not visual approval."
"/assets/img/blog/bride-price-africa.webp","blog","placed","blog/bride-price-africa/index.html","1200","630","72184","32b5c0015caf973e147d5a88e53290fcf9a26c8916b95f6b5a8dd9488f8dc67c","","3","not-reviewed","false","en","Visual/text review pending; reference scan is not visual approval."
"/assets/img/blog/business-africa-2026.svg","blog","placed","blog/index.html","1200","630","2950","0d53c0e7bc74d667412b47dfcdec7691f4ef7d3eca9bd83c4db1167566b07e32","","1","contains-text","false","en","Visual/text review pending; reference scan is not visual approval."
"/assets/img/blog/business-name-africa-2026.svg","blog","placed","blog/index.html","1200","630","2958","b61567a593d3eff5101aa261cefcf7de4a4fed0fd7b054fe3957e2e235f29486","","1","contains-text","false","en","Visual/text review pending; reference scan is not visual approval."
"/assets/img/blog/calculate-tithe.webp","blog","placed","blog/calculate-tithe/index.html","1200","631","57758","2799c8bfbe3c63d98a8ac84aff0a41cfca37c2da7a0b5045bafab4d36b091f61","","3","not-reviewed","false","en","Visual/text review pending; reference scan is not visual approval."
"/assets/img/blog/calculer-salaire-net-senegal.webp","blog","placed","blog/calculer-salaire-net-senegal/index.html","1200","630","21570","ab37c59312818ebb438e4560ff7356677acc01ca912d9d46486cba2b6db5e6ab","","2","not-reviewed","false","en","Visual/text review pending; reference scan is not visual approval."
"/assets/img/blog/car-import-cost-africa-comparison-2026.webp","blog","placed","blog/car-import-cost-africa-comparison-2026/index.html","1200","630","48786","63449bdafd827d241d23e26ceef74d419408687d908e629e4eb7dba6660413c5","","3","not-reviewed","false","en","Visual/text review pending; reference scan is not visual approval."
"/assets/img/blog/car-import-cost-ghana-guide.webp","blog","placed","blog/car-import-cost-ghana-guide/index.html","1200","630","51982","5af3e8bdbbd62f507dd3ff8e0a014a176d0a4dfc979c72295033fdb14e848a4c","","3","not-reviewed","false","en","Visual/text review pending; reference scan is not visual approval."
"/assets/img/blog/car-import-cost-kenya-guide.webp","blog","placed","blog/car-import-cost-kenya-guide/index.html","1200","630","47270","efeaa8cb75108c5d9c397d4ec0247cc7598e46885039e483adeef0a1d78af10d","","3","not-reviewed","false","en","Visual/text review pending; reference scan is not visual approval."
"/assets/img/blog/car-import-cost-nigeria-guide.webp","blog","placed","blog/car-import-cost-nigeria-guide/index.html","1200","630","69094","0d3cf7f599f70ecf698d425631e5d1bdd0bbe4d7a61aa052816892d1dc26a2e6","","3","not-reviewed","false","en","Visual/text review pending; reference scan is not visual approval."
"/assets/img/blog/car-import-cost-tanzania-guide.webp","blog","placed","blog/car-import-cost-tanzania-guide/index.html","1200","630","73998","9e2fd3528d5c836e847a59668c75fae4a7d681debdf1b6f4efab4b8e9d355669","","3","not-reviewed","false","en","Visual/text review pending; reference scan is not visual approval."
"/assets/img/blog/car-import-cost-uganda-guide.webp","blog","placed","blog/car-import-cost-uganda-guide/index.html","1200","630","50158","dce8c15d900611b690e930ddc5a5ef47a41e47e853e0a8149a565186f4b63c19","","3","not-reviewed","false","en","Visual/text review pending; reference scan is not visual approval."
"/assets/img/blog/car-import-cost-zambia-guide.webp","blog","placed","blog/car-import-cost-zambia-guide/index.html","1200","630","61406","d63d533451455f6b43961c34e9fa39546f75f89a24fcc906fba8270cb77aaece","","3","not-reviewed","false","en","Visual/text review pending; reference scan is not visual approval."
"/assets/img/blog/car-loan-rates-africa-2026.webp","blog","placed","blog/car-loan-rates-africa-2026/index.html","1200","630","68830","003ae8613e0596136128974165a9d779c03839a3300a1be855b4d76186b64e87","","3","not-reviewed","false","en","Visual/text review pending; reference scan is not visual approval."
"/assets/img/blog/central-bank-interest-rates-africa.webp","blog","placed","blog/central-bank-interest-rates-africa/index.html","1200","631","41560","6a19f191d5d6a1db1bd4db06f15595685685966541988dfcc4adc41665fc05d9","","3","not-reviewed","false","en","Visual/text review pending; reference scan is not visual approval."
"/assets/img/blog/cfa-franc-explained.webp","blog","placed","blog/cfa-franc-explained/index.html","1200","630","49284","33b323dfb352ecf812c2e171d12c6a49fc63c1174e0cf81fb8fd59fb0a60a1d7","","3","not-reviewed","false","en","Visual/text review pending; reference scan is not visual approval."
"/assets/img/blog/cheapest-bank-accounts-africa.webp","blog","placed","blog/cheapest-bank-accounts-africa/index.html","1200","630","26916","f9dd11e2fca64abad317392dcef21cda6896997987c65883812e4612b232e886","","3","not-reviewed","false","en","Visual/text review pending; reference scan is not visual approval."
"/assets/img/blog/cheapest-data-plans-nigeria.webp","blog","placed","blog/cheapest-data-plans-nigeria/index.html","1200","630","51812","92a028aa859cb5c0b794226fe313d3e3e92eb06a75c36689c9e73b842a1c2980","","3","not-reviewed","false","en","Visual/text review pending; reference scan is not visual approval."
"/assets/img/blog/cheapest-way-send-money-nigeria.webp","blog","placed","blog/cheapest-way-send-money-nigeria/index.html","1200","630","56250","6c60d384114b77b5b0fe66ded30fff5fa65bd08358deb33c034daa99404f24cc","","3","not-reviewed","false","en","Visual/text review pending; reference scan is not visual approval."
"/assets/img/blog/comparatif-salaires-afrique-francophone.webp","blog","placed","blog/comparatif-salaires-afrique-francophone/index.html","1200","630","81418","cf554677dfba8d0f72b65309aa071b54dbf5ffd6a5bf67154a6c1f91922352d9","","1","not-reviewed","false","en","Visual/text review pending; reference scan is not visual approval."
"/assets/img/blog/complete-guide-kenya-income-tax-2026.webp","blog","placed","blog/complete-guide-kenya-income-tax-2026/index.html","1200","630","58666","9f93bf804caf41b06a0662baf8359e55a467725a3d4037ccc370240124d09171","","3","not-reviewed","false","en","Visual/text review pending; reference scan is not visual approval."
"/assets/img/blog/complete-guide-nigeria-income-tax-2026.webp","blog","placed","blog/complete-guide-nigeria-income-tax-2026/index.html","1200","630","48082","7c948b530d0265cb3876e2bf828d66af93ab3ff03d2d6ae405e28b60954e19de","","3","not-reviewed","false","en","Visual/text review pending; reference scan is not visual approval."
"/assets/img/blog/complete-guide-south-africa-income-tax-2026.webp","blog","placed","blog/complete-guide-south-africa-income-tax-2026/index.html","1200","630","27484","f0c7999c8188d499f0e91cb6e8deefcbd4d252ff86cf6a287056a5cf9135a4a9","","3","not-reviewed","false","en","Visual/text review pending; reference scan is not visual approval."
"/assets/img/blog/compound-interest-calculator-africa.webp","blog","placed","blog/compound-interest-calculator-africa/index.html","1200","630","32340","c999f7776a81e4fa23ae7fa922775e0cb929248bdabda4e429b447d819a6b5af","","4","not-reviewed","false","en; fr","Visual/text review pending; reference scan is not visual approval."
"/assets/img/blog/construction-material-prices-nigeria.webp","blog","placed","blog/construction-material-prices-nigeria/index.html","1200","630","58732","d6adfc7a5d9aa3df41cfce1d2bdd31a96bce1805890d568c601525b5575f0484","","3","not-reviewed","false","en","Visual/text review pending; reference scan is not visual approval."
"/assets/img/blog/cost-of-living-accra-2026.webp","blog","placed","blog/cost-of-living-accra-2026/index.html","1200","630","46024","6f383eb51786f072339f467c6f8cf50be3495b81cf45d13e335d939b5db79f42","","3","not-reviewed","false","en","Visual/text review pending; reference scan is not visual approval."
"/assets/img/blog/cost-of-living-africa.webp","blog","placed","blog/cost-of-living-africa/index.html","1200","630","164494","3b3d17f4d54287799388ff66d8608906a365646ad0f0819495957f726839c496","","2","not-reviewed","false","en","Visual/text review pending; reference scan is not visual approval."
"/assets/img/blog/cost-of-living-johannesburg-2026.webp","blog","placed","blog/cost-of-living-johannesburg-2026/index.html","1200","630","30938","7bf82adb0386f9b2c424591641bc9d71ee729fd4ee5b1dcfb03ca387713843dc","","3","not-reviewed","false","en","Visual/text review pending; reference scan is not visual approval."
"/assets/img/blog/cost-of-living-lagos-vs-nairobi.webp","blog","placed","blog/cost-of-living-lagos-vs-nairobi/index.html","1200","630","53568","f1abfcee3c6c9d3b2757cf8b7b4ae8c813567fa7fac143f0df040bccf1cd9614","","3","not-reviewed","false","en","Visual/text review pending; reference scan is not visual approval."
"/assets/img/blog/cotisations-cnps-cote-divoire.webp","blog","placed","blog/cotisations-cnps-cote-divoire/index.html","1200","630","18000","8db6d364a306281418109987f8712650f1472b60f9a7c46c824d90ec316710be","","2","not-reviewed","false","en","Visual/text review pending; reference scan is not visual approval."
"/assets/img/blog/creation-entreprise-senegal-couts.webp","blog","placed","blog/creation-entreprise-senegal-couts/index.html","1200","630","22358","968d88b2b8f986434327024e4556d94c34900e508519d33fdbacfbbae1429d1b","","2","not-reviewed","false","en","Visual/text review pending; reference scan is not visual approval."
"/assets/img/blog/crop-yield-calculator-african-farming.webp","blog","placed","blog/crop-yield-calculator-african-farming/index.html","1200","630","56418","aec76e8ab0281ad18df0c2d6c5e7ec74f2bf70224fc89d7a41877b04ea275e67","","5","not-reviewed","false","en; sw","Visual/text review pending; reference scan is not visual approval."
"/assets/img/blog/crypto-scam-red-flags-africa.webp","blog","placed","blog/crypto-scam-red-flags-africa/index.html","1200","630","119108","1fe14041032d57eabfccd682e3f351ecfccc83d063cb409b7a55b3712389189d","","2","not-reviewed","false","en","Visual/text review pending; reference scan is not visual approval."
"/assets/img/blog/crypto-tax-africa-nigeria-kenya-sa.webp","blog","placed","blog/crypto-tax-africa-nigeria-kenya-sa/index.html","1200","630","40954","9a8ecedac34b5d10d54871d6665c53684cd0c413d25d5b15f48a05234e5ee66f","","3","not-reviewed","false","en","Visual/text review pending; reference scan is not visual approval."
"/assets/img/blog/crypto-tax-laws-africa-complete-guide.webp","blog","placed","blog/crypto-tax-laws-africa-complete-guide/index.html","1200","630","42180","45b026304d9e9d01d234370bf7dbc7de87ac3aecd8aea25456fe83c673ce99e7","","3","not-reviewed","false","en","Visual/text review pending; reference scan is not visual approval."
"/assets/img/blog/dollar-to-cedi-rate-today.webp","blog","placed","blog/dollar-to-cedi-rate-today/index.html","1200","630","31556","8d6a8563dd61d560a2f2a45e11f5a896b36a93b50633c20f6c3c262b183a2e6e","","3","not-reviewed","false","en","Visual/text review pending; reference scan is not visual approval."
"/assets/img/blog/dollar-to-naira-rate-today.webp","blog","placed","blog/dollar-to-naira-rate-today/index.html","1200","630","27158","2a28be76707a05198a8703f38e8dda5880f014b93dcb3556f048038a0dd8b35b","","3","not-reviewed","false","en","Visual/text review pending; reference scan is not visual approval."
"/assets/img/blog/dollar-to-rand-rate-today.webp","blog","placed","blog/dollar-to-rand-rate-today/index.html","1200","630","19446","3aa3bd7ada603c2f265ab7631bf353e291f25522101a2d6df8f4a1a031b0a016","","3","not-reviewed","false","en","Visual/text review pending; reference scan is not visual approval."
"/assets/img/blog/dollar-to-shilling-rate-today.webp","blog","placed","blog/dollar-to-shilling-rate-today/index.html","1200","630","30992","50f6464554468a237c2fb769e786abbe72c9806757e1e3de6b92d0f590228d02","","3","not-reviewed","false","en","Visual/text review pending; reference scan is not visual approval."
"/assets/img/blog/domiciliary-account-nigeria.webp","blog","placed","blog/domiciliary-account-nigeria/index.html","1200","628","17404","01dfa251e79e99b7ac94bb731b93b182108be3f38ca1e96373f2d3714272de79","","3","not-reviewed","false","en","Visual/text review pending; reference scan is not visual approval."
"/assets/img/blog/east-africa-tax-comparison-2026.webp","blog","placed","blog/east-africa-tax-comparison-2026/index.html","1200","630","35856","497176eccc1391672f2318df90121b7ff770f8aab8bc885fe9eeeb5c26d57ae9","","3","not-reviewed","false","en","Visual/text review pending; reference scan is not visual approval."
"/assets/img/blog/emergency-fund-calculator-africa.webp","blog","placed","blog/emergency-fund-calculator-africa/index.html","1200","630","32092","3df1b4b02cc8256cec665b02d568d39460882f262c4f11edafa98f51e5b59f6c","","3","not-reviewed","false","en","Visual/text review pending; reference scan is not visual approval."
"/assets/img/blog/euro-to-naira-rate-today.webp","blog","placed","blog/euro-to-naira-rate-today/index.html","1200","631","35628","9821bf6cb7a5ed48aea18aed37559dc19e6708452173f75445a0d8ddeba5d068","","3","not-reviewed","false","en","Visual/text review pending; reference scan is not visual approval."
"/assets/img/blog/fire-early-retirement-africa.webp","blog","placed","blog/fire-early-retirement-africa/index.html","1200","630","38234","cf9495aaad40d290ef6068ecb9551e59ef7b5e77311079c347b8ee7d51fa2ccc","","3","not-reviewed","false","en","Visual/text review pending; reference scan is not visual approval."
"/assets/img/blog/flutterwave-vs-paystack-fees.webp","blog","placed","blog/flutterwave-vs-paystack-fees/index.html","1200","630","28814","bf1e0d98a4a1cbc0f798f926a8f86ce5394225c8b26b2d9e8acb8c1a73a715cf","","3","not-reviewed","false","en","Visual/text review pending; reference scan is not visual approval."
"/assets/img/blog/frais-transfert-argent-senegal.webp","blog","placed","blog/frais-transfert-argent-senegal/index.html","1200","630","39932","67d6c9f8b7208dac887573b7d19669eebe51159e4dde836be14dafaf924eb6cd","","2","not-reviewed","false","en","Visual/text review pending; reference scan is not visual approval."
"/assets/img/blog/francophone-africa-tax-guide-2026.webp","blog","placed","blog/francophone-africa-tax-guide-2026/index.html","1200","630","72218","13ed82939be4a1aad6d21910d45c8f69d7e01760caa98e5481894d4354f74c93","","1","not-reviewed","false","en","Visual/text review pending; reference scan is not visual approval."
"/assets/img/blog/free-event-flyer-maker-online.webp","blog","placed","blog/free-event-flyer-maker-online/index.html","1200","630","45622","a63b13fbbc5bb9527478d40bfca5b78d698c61a9bebcb8415aa60e9298f05af6","","3","not-reviewed","false","en","Visual/text review pending; reference scan is not visual approval."
"/assets/img/blog/free-gpa-calculator-nigerian-universities.webp","blog","placed","blog/free-gpa-calculator-nigerian-universities/index.html","1200","630","33674","7bc4701eaa19fd830bc7ada2fef2d18954fd66841993d553cc669d4031fe5569","","3","not-reviewed","false","en","Visual/text review pending; reference scan is not visual approval."
"/assets/img/blog/free-json-formatter-developer-tools.webp","blog","placed","blog/free-json-formatter-developer-tools/index.html","1200","629","81444","c9e5fa07a6bf6d188141a4106ae8a69e9332fe924b4bf40c37a0c488e5a3e2d4","","2","not-reviewed","false","en","Visual/text review pending; reference scan is not visual approval."
"/assets/img/blog/freelance-pricing-africa.webp","blog","placed","blog/freelance-pricing-africa/index.html","1200","630","95432","80b4e494064648a1af5859af18d86b38acae7395c643a757816453da0928c29d","","2","not-reviewed","false","en","Visual/text review pending; reference scan is not visual approval."
"/assets/img/blog/freelance-tax-nigeria-kenya-sa.webp","blog","placed","blog/freelance-tax-nigeria-kenya-sa/index.html","1200","630","118478","25e1bb09d5afa3c60e5c1674cf9f05359b816ba05efb7f6e4ee09b92931fa4f2","","2","not-reviewed","false","en","Visual/text review pending; reference scan is not visual approval."
"/assets/img/blog/fuel-prices-africa.webp","blog","placed","blog/fuel-prices-africa/index.html","1200","632","43602","4c74c6bf52f26b3cd7289ff72caae5cb6616db00316e08148ee473d4e2dacd93","","2","not-reviewed","false","en","Visual/text review pending; reference scan is not visual approval."
"/assets/img/blog/funeral-cost-africa.webp","blog","placed","blog/funeral-cost-africa/index.html","1200","630","103108","9a9e568108bbf365559c2723c50d5ea99b3531cb7c5dba1f85ad2d0d191e9840","","2","not-reviewed","false","en","Visual/text review pending; reference scan is not visual approval."
"/assets/img/blog/generator-vs-solar.webp","blog","placed","ai/energy/index.html","1200","630","97468","4f984e9691d31a16dba7aed97a0a112ca4266408aaeb6904f1d7d9daa5e97707","","4","not-reviewed","false","en","Visual/text review pending; reference scan is not visual approval."
"/assets/img/blog/ghana-cedi-words.webp","blog","placed","blog/ghana-cedi-words/index.html","1200","630","57802","3bcd7fd17c431b2731dc042555ab447547dc014008476f3e3890f0e44d63904e","","2","not-reviewed","false","en","Visual/text review pending; reference scan is not visual approval."
"/assets/img/blog/ghana-employer-payroll-compliance-2026.webp","blog","placed","blog/ghana-employer-payroll-compliance-2026/index.html","1200","630","56762","ca542e68292df53e7729bccb56ec77f1a46fe416eeca4f0e11c2a1d1b375723a","","1","not-reviewed","false","en","Verified page-reference binding. Dedicated editorial image replaces generic tool art; English article only."
"/assets/img/blog/ghana-paye-tax-ssnit-tier-3.webp","blog","placed","blog/ghana-paye-tax-ssnit-tier-3/index.html","1200","630","85044","7398f7992e3b7587e1b3a84555d94938e65367b3ef9bdf4b312398c78a89331c","","2","not-reviewed","false","en","Visual/text review pending; reference scan is not visual approval."
"/assets/img/blog/ghana-vat-guide-2026.webp","blog","placed","blog/ghana-vat-guide-2026/index.html","1200","632","74448","2e33ce58718e24e918cb6c76417edc7d5b0e2fcd137ddf7245cd878920ce94d7","","2","not-reviewed","false","en","Visual/text review pending; reference scan is not visual approval."
"/assets/img/blog/ghana-withholding-tax-2026.webp","blog","placed","blog/ghana-withholding-tax-2026/index.html","1200","632","52604","528c7dd107092ed82ccfd0f4e56c305259656b2d14eb9224f9ce756142f431f1","","2","not-reviewed","false","en","Visual/text review pending; reference scan is not visual approval."
"/assets/img/blog/gratuity-severance-africa-2026.webp","blog","placed","blog/gratuity-severance-africa-2026/index.html","1200","630","79544","ad536d12afea92fe3e920642d65284d0065149df977736a53192b4567fd664d8","","2","not-reviewed","false","en","Visual/text review pending; reference scan is not visual approval."
"/assets/img/blog/hawala-remittance.webp","blog","placed","blog/hawala-remittance/index.html","1200","630","75690","7a809aabebf7bb133be1033cc74ad9d32a2dfe255a072d8763924e79ca17be3e","","2","not-reviewed","false","en","Visual/text review pending; reference scan is not visual approval."
"/assets/img/blog/health-insurance-africa-compared.webp","blog","placed","blog/health-insurance-africa-compared/index.html","1200","630","67876","7249371295f71a499e9915394358461f5ddd0890b353e55898aedfd5cc03cad0","","2","not-reviewed","false","en","Visual/text review pending; reference scan is not visual approval."
"/assets/img/blog/housing-fund-programs-africa-2026.webp","blog","placed","blog/housing-fund-programs-africa-2026/index.html","1200","630","77576","387e820521ddb7bed66f547845fb0070cad39e091330ca2efa22da01ce8aa0fc","","2","not-reviewed","false","en","Visual/text review pending; reference scan is not visual approval."
"/assets/img/blog/how-much-house-can-i-afford-nigeria.webp","blog","placed","blog/how-much-house-can-i-afford-nigeria/index.html","1200","630","39782","4f0c7d5f6597e5f01abcb7ab73bdcb4207c699cb9907cef91b05727e596a5a8e","","2","not-reviewed","false","en","Visual/text review pending; reference scan is not visual approval."
"/assets/img/blog/how-much-rent-afford-lagos-2026.webp","blog","placed","blog/how-much-rent-afford-lagos-2026/index.html","1200","630","139312","dc9ee7904e5e0835e6728fda7206bf05529173260081485eb347805cdbaa6fe9","","2","not-reviewed","false","en","Visual/text review pending; reference scan is not visual approval."
"/assets/img/blog/how-to-buy-bitcoin-nigeria-2026.webp","blog","placed","blog/how-to-buy-bitcoin-nigeria-2026/index.html","1200","630","48424","af3adb314e4e89ee9619a8eac2e94309421dc8357ca8357a2a8cde02f04c294d","","2","not-reviewed","false","en","Visual/text review pending; reference scan is not visual approval."
"/assets/img/blog/how-to-calculate-paye-nigeria-2026.webp","blog","placed","blog/how-to-calculate-paye-nigeria-2026/index.html","1200","630","65202","a2c5c9f8c0a14eb0d0e0ea10b7bf6d46e567f7bf1738446cd85e132da8cbf07e","","2","not-reviewed","false","en","Visual/text review pending; reference scan is not visual approval."
"/assets/img/blog/how-to-choose-business-name-africa.webp","blog","placed","blog/how-to-choose-business-name-africa/index.html","1200","630","60706","bb64926fbbc23e3726415913c2170b3916607a2968dd670700cdd0dc81dab58f","","2","not-reviewed","false","en","Visual/text review pending; reference scan is not visual approval."
"/assets/img/blog/how-to-create-invoice-nigeria.webp","blog","placed","blog/how-to-create-invoice-nigeria/index.html","1200","630","50708","ab7cd4dc356ed9eabc2c30fb3959e75c64a818e4940033aaea813428e9a430d5","","2","not-reviewed","false","en","Visual/text review pending; reference scan is not visual approval."
"/assets/img/blog/how-to-invest-treasury-bills-kenya.webp","blog","placed","blog/how-to-invest-treasury-bills-kenya/index.html","1200","630","84368","de8beb493970c6f16ed77b5746d9ab3a6fc5bb55c3d09b8c769737d84a6945ee","","2","not-reviewed","false","en","Visual/text review pending; reference scan is not visual approval."
"/assets/img/blog/how-to-invest-treasury-bills-nigeria.webp","blog","placed","blog/how-to-invest-treasury-bills-nigeria/index.html","1200","630","45944","074a469d9c0f80a2f0db24cabbf67278af2c63c5aaf41d27afd9f579a7363e2a","","2","not-reviewed","false","en","Visual/text review pending; reference scan is not visual approval."
"/assets/img/blog/igbo-market-days.webp","blog","placed","blog/igbo-market-days/index.html","1200","630","110170","8e82a794313b51fb9c6c2cc89177e1990ae21094ae7e98418a94b63da9417882","","1","not-reviewed","false","en","Verified page-reference binding. Dedicated editorial image replaces generic tool art; English article only."
"/assets/img/blog/import-duty-calculator-kenya-2026.webp","blog","placed","blog/import-duty-calculator-kenya-2026/index.html","1200","632","71226","dd58bcb58c15f3ad7968fedb5884d0f88a462edf86a0286f101de152c001c75f","","1","not-reviewed","false","en","Verified page-reference binding. Dedicated editorial image replaces generic tool art; English article only."
"/assets/img/blog/import-duty-ghana-2026.webp","blog","placed","blog/import-duty-ghana-2026/index.html","1200","630","61152","fd631c12511e79c2668a90cff74521e5b82a9514fe1cfc83e0abdefdca09193c","","2","not-reviewed","false","en","Visual/text review pending; reference scan is not visual approval."
"/assets/img/blog/import-duty-nigeria-2026.webp","blog","placed","blog/import-duty-nigeria-2026/index.html","1200","630","115246","7eca6ee6320024f5034afa09b76a7960c222d9cad8c5470c1bf630b289c5d77d","","3","not-reviewed","false","en; fr","Visual/text review pending; reference scan is not visual approval."
"/assets/img/blog/import-duty-south-africa-2026.webp","blog","placed","blog/import-duty-south-africa-2026/index.html","1200","630","68704","f70644848f9271bff1a21265d29ff46e2bef2c8a13a59dc32d24639911fa8420","","2","not-reviewed","false","en","Visual/text review pending; reference scan is not visual approval."
"/assets/img/blog/impot-cameroun-calcul-salaire.webp","blog","placed","blog/impot-cameroun-calcul-salaire/index.html","1200","630","94934","6cc9cdfc65cd5fa2def46e20414996aa9cae0912673f0909446338db4a4cb0af","","2","not-reviewed","false","en","Visual/text review pending; reference scan is not visual approval."
"/assets/img/blog/impot-revenu-tunisie-2026.webp","blog","placed","blog/impot-revenu-tunisie-2026/index.html","1200","630","60532","0286950b7daac1ac102312480fabf5df73ceb85ebacbdc671619512060979d53","","2","not-reviewed","false","en","Visual/text review pending; reference scan is not visual approval."
"/assets/img/blog/inflation-rates-africa-2026-guide.webp","blog","placed","blog/inflation-rates-africa-2026-guide/index.html","1200","630","81472","ff49b0fa8f6dcd9a3d1205ce73e692cf5f7de539fe5275c35cb43c5bd595f6ca","","2","not-reviewed","false","en","Visual/text review pending; reference scan is not visual approval."
"/assets/img/blog/invoice-nigeria-2026.svg","blog","placed","blog/index.html","1200","630","2947","c4d16409dc5652e533e39f63fd695f4de96983abe84a2d3c8605127ac80b8c75","","1","contains-text","false","en","Visual/text review pending; reference scan is not visual approval."
"/assets/img/blog/japa-cost-nigeria.webp","blog","placed","blog/japa-cost-nigeria/index.html","1200","630","127934","660c11f655e71d26a8bf36a3cb872cfc7e9d752523e08dbb386f2d5e1d7bd281","","2","not-reviewed","false","en","Visual/text review pending; reference scan is not visual approval."
"/assets/img/blog/japa-guide-nigeria-canada-2026.webp","blog","placed","blog/japa-guide-nigeria-canada-2026/index.html","1200","630","82334","87f8109234e27631935aec530fefe27232afff3730054c0913cea54ff66f7294","","2","not-reviewed","false","en","Visual/text review pending; reference scan is not visual approval."
"/assets/img/blog/kenya-capital-gains-tax-2026.webp","blog","placed","blog/kenya-capital-gains-tax-2026/index.html","1200","630","71696","93d15ae467c5bd0f70e31d35da7a3821c1cd82c6bb11698511fb7d89f86c3395","","1","not-reviewed","false","en","Verified page-reference binding. Dedicated editorial image replaces generic tool art; English article only."
"/assets/img/blog/kenya-employer-payroll-compliance-2026.webp","blog","placed","blog/kenya-employer-payroll-compliance-2026/index.html","1200","630","35136","aaff8082b3d0ffe4bf16792483fa8166d8066e2eae21e990441d1e7d520de44d","","1","not-reviewed","false","en","Verified page-reference binding. Dedicated editorial image replaces generic tool art; English article only."
"/assets/img/blog/kenya-etims-expense-validation-2026.webp","blog","placed","blog/kenya-etims-expense-validation-2026/index.html","1200","630","52554","4747d7a6aa594cf58ce7cc71f87188cf692061b8b744ca9d7b4f45be90c6f339","","1","not-reviewed","false","en","Verified page-reference binding. Dedicated editorial image replaces generic tool art; English article only."
"/assets/img/blog/kenya-income-tax-return-deadline-2026.webp","blog","placed","blog/kenya-income-tax-return-deadline-2026/index.html","1200","630","39512","9bebd95dc6195509919f0c666085dda42d7e5777a361a44ed8aef24e73d139cc","","1","not-reviewed","false","en","Verified page-reference binding. Dedicated editorial image replaces generic tool art; English article only."
"/assets/img/blog/kenya-nssf-rates-2026.webp","blog","placed","blog/kenya-nssf-rates-2026/index.html","1200","630","33764","903afc58258d8d222d431e9e4bbf44d894c9ee68436b1edd3d5ef47b410fe756","","1","not-reviewed","false","en","Verified page-reference binding. Dedicated editorial image replaces generic tool art; English article only."
"/assets/img/blog/kenya-paye-calculator-guide-2025.webp","blog","placed","blog/kenya-paye-calculator-guide-2025/index.html","1200","630","53848","1bd2844254374eefbf285027faca785079083584db95d74a3023af34fc7aa4ff","","1","not-reviewed","false","en","Verified page-reference binding. Dedicated editorial image replaces generic tool art; English article only."
"/assets/img/blog/kenya-salary-tax-2026.webp","blog","placed","blog/kenya-salary-tax-2026/index.html","1200","800","108504","b51c100b1e3e24de332868320dde3bae5a8e25ba6b80cd2503acfb8ead6f2604","","1","not-reviewed","false","en","Verified page-reference binding. Dedicated editorial image replaces generic tool art; English article only."
"/assets/img/blog/kenya-shif-deduction-2026.webp","blog","placed","blog/kenya-shif-deduction-2026/index.html","1200","630","42868","ae7551a48b9871fd19ad4754c134a19046438adc1119eb530418c9b53b4041c0","","1","not-reviewed","false","en","Verified page-reference binding. Dedicated editorial image replaces generic tool art; English article only."
"/assets/img/blog/kenya-shilling-words.webp","blog","placed","blog/kenya-shilling-words/index.html","1200","631","52678","1a0abb0506933b022007b535183ec51eeb3eacf5b41de6be87bec64218c9b05f","","1","not-reviewed","false","en","Verified page-reference binding. Dedicated editorial image replaces generic tool art; English article only."
"/assets/img/cars/audi/a4/2019/audi-a4-2019-hero.webp","cars","reserved-catalogue","data/cars/catalog-expansion-wave-2-ev-luxury.csv#audi-a4-2019","800","500","78098","9ff6571054419cd631f61000c8aee83ec002941efde6c95d1a5f91300645cff6","","0","not-reviewed","false","","Image belongs to this exact make/model/year candidate. Current published price catalogue has no binding for this asset. Keep in the car catalogue intake shelf; do not invent a vehicle price or launch a route to consume it. Vehicle appearance and source evidence must be checked when this candidate launches."
"/assets/img/cars/audi/q5/2020/audi-q5-2020-hero.webp","cars","reserved-catalogue","data/cars/catalog-expansion-wave-2-ev-luxury.csv#audi-q5-2020","800","500","78584","cbc651c1d75da554829885a996b7aed293b2846639d206c4077d6fbd4e863642","","0","not-reviewed","false","","Image belongs to this exact make/model/year candidate. Current published price catalogue has no binding for this asset. Keep in the car catalogue intake shelf; do not invent a vehicle price or launch a route to consume it. Vehicle appearance and source evidence must be checked when this candidate launches."
"/assets/img/cars/bmw/3-series/2019/bmw-3-series-2019-hero.webp","cars","reserved-catalogue","data/cars/catalog-expansion-wave-2-ev-luxury.csv#bmw-3-series-2019","800","500","63838","7e3063f0f9c95831ea269e647bd5fd916ea18bd1cc8d69824e7bd1ef19978f5b","","0","not-reviewed","false","","Image belongs to this exact make/model/year candidate. Current published price catalogue has no binding for this asset. Keep in the car catalogue intake shelf; do not invent a vehicle price or launch a route to consume it. Vehicle appearance and source evidence must be checked when this candidate launches."
"/assets/img/cars/bmw/5-series/2012/bmw-5-series-2012-hero.webp","cars","reserved-catalogue","data/cars/catalog-expansion-wave-2-ev-luxury.csv#bmw-5-series-2012","800","500","53436","b0e9bfef1848799a24ddddfa8940c058eef36e397194ec301856f5e83e034f43","","0","not-reviewed","false","","Image belongs to this exact make/model/year candidate. Current published price catalogue has no binding for this asset. Keep in the car catalogue intake shelf; do not invent a vehicle price or launch a route to consume it. Vehicle appearance and source evidence must be checked when this candidate launches."
"/assets/img/cars/bmw/i4/2022/bmw-i4-2022-hero.webp","cars","reserved-catalogue","data/cars/catalog-expansion-wave-3-premium-ev.csv#bmw-i4-2022","800","500","77160","6278d27432b27d53995beeb6a376caa3cf28a07150135db80915090a3d403b34","","0","not-reviewed","false","","Image belongs to this exact make/model/year candidate. Current published price catalogue has no binding for this asset. Keep in the car catalogue intake shelf; do not invent a vehicle price or launch a route to consume it. Vehicle appearance and source evidence must be checked when this candidate launches."
"/assets/img/cars/cars-compare-banner.webp","cars","retired-alternative","cars/index.html","1200","659","86328","9feb0cc77eae3ef5147ba512fd1679b22cf932ea92a14f58f6b5e45b4f6cd0cd","","0","not-reviewed","false","","Unused car campaign banner. Retain in the car design archive; current directory has its own active artwork."
"/assets/img/cars/cars-hero-banner.webp","cars","placed","assets/js/cars-directory.js","1200","658","93876","75b2609ba2d106d06c93d8f054e25da7cc660c4a1a5f911e942152f4bae63a04","","1","not-reviewed","false","en","Visual/text review pending; reference scan is not visual approval."
"/assets/img/cars/cars-import-vs-local-banner.webp","cars","retired-alternative","cars/index.html","1200","658","91170","f5a7437f4257f6c563d9fd79e852bdb680ee755718b2d779db80ef072fe4e3f4","","0","not-reviewed","false","","Unused car campaign banner. Retain in the car design archive; current directory has its own active artwork."
"/assets/img/cars/ford/escape-kuga/2005/ford-escape-kuga-2005-hero.webp","cars","reserved-catalogue","data/cars/catalog-expansion-wave-1.csv#ford-escape-kuga-2005","800","500","30140","f93fe312d0b07749e25f7cd0f98ab37265e73ba0b4ffeb91279947321b632092","","0","not-reviewed","false","","Image belongs to this exact make/model/year candidate. Current published price catalogue has no binding for this asset. Keep in the car catalogue intake shelf; do not invent a vehicle price or launch a route to consume it. Vehicle appearance and source evidence must be checked when this candidate launches."
"/assets/img/cars/ford/escape-kuga/2008/ford-escape-kuga-2008-hero.webp","cars","reserved-catalogue","data/cars/catalog-expansion-wave-1.csv#ford-escape-kuga-2008","800","500","31166","2eb8c793c25d01462ad9980a6a2aad3fa0a6593fed432c0c43a9109ae4434a83","","0","not-reviewed","false","","Image belongs to this exact make/model/year candidate. Current published price catalogue has no binding for this asset. Keep in the car catalogue intake shelf; do not invent a vehicle price or launch a route to consume it. Vehicle appearance and source evidence must be checked when this candidate launches."
"/assets/img/cars/ford/escape-kuga/2011/ford-escape-kuga-2011-hero.webp","cars","reserved-catalogue","data/cars/catalog-expansion-wave-1.csv#ford-escape-kuga-2011","800","500","30854","577a7488f1dc455b2d13f52a8fd0e18324234db62c7b73b72ebaed61869d8950","","0","not-reviewed","false","","Image belongs to this exact make/model/year candidate. Current published price catalogue has no binding for this asset. Keep in the car catalogue intake shelf; do not invent a vehicle price or launch a route to consume it. Vehicle appearance and source evidence must be checked when this candidate launches."
"/assets/img/cars/ford/escape-kuga/2014/ford-escape-kuga-2014-hero.webp","cars","reserved-catalogue","data/cars/catalog-expansion-wave-1.csv#ford-escape-kuga-2014","800","500","31780","84159bd7017250eb5efdf28c6d75ed2702e237f620e1eef43c5e1759b4193e71","","0","not-reviewed","false","","Image belongs to this exact make/model/year candidate. Current published price catalogue has no binding for this asset. Keep in the car catalogue intake shelf; do not invent a vehicle price or launch a route to consume it. Vehicle appearance and source evidence must be checked when this candidate launches."
"/assets/img/cars/ford/escape-kuga/2017/ford-escape-kuga-2017-hero.webp","cars","reserved-catalogue","data/cars/catalog-expansion-wave-1.csv#ford-escape-kuga-2017","800","500","33338","f8a24523ce6f57d1a40f21f4730953f86e7ee339f0935aec02836f05cfc57770","","0","not-reviewed","false","","Image belongs to this exact make/model/year candidate. Current published price catalogue has no binding for this asset. Keep in the car catalogue intake shelf; do not invent a vehicle price or launch a route to consume it. Vehicle appearance and source evidence must be checked when this candidate launches."
"/assets/img/cars/ford/escape-kuga/2020/ford-escape-kuga-2020-hero.webp","cars","reserved-catalogue","data/cars/catalog-expansion-wave-1.csv#ford-escape-kuga-2020","800","500","34522","3689f830fa24ece564f4887ad5a5bb9c680b25b86b3d1bdc580c136f054023f2","","0","not-reviewed","false","","Image belongs to this exact make/model/year candidate. Current published price catalogue has no binding for this asset. Keep in the car catalogue intake shelf; do not invent a vehicle price or launch a route to consume it. Vehicle appearance and source evidence must be checked when this candidate launches."
"/assets/img/cars/ford/escape-kuga/2023/ford-escape-kuga-2023-hero.webp","cars","reserved-catalogue","data/cars/catalog-expansion-wave-1.csv#ford-escape-kuga-2023","800","500","45480","97017bb360597a40037889eb93912369b04c57b1093d0e98e90dcc802fb61b52","","0","not-reviewed","false","","Image belongs to this exact make/model/year candidate. Current published price catalogue has no binding for this asset. Keep in the car catalogue intake shelf; do not invent a vehicle price or launch a route to consume it. Vehicle appearance and source evidence must be checked when this candidate launches."
"/assets/img/cars/ford/everest/2005/ford-everest-2005-hero.webp","cars","reserved-catalogue","data/cars/catalog-expansion-wave-1.csv#ford-everest-2005","800","500","40966","8907070e1eaa45cd2578fa16380e09d5c1bdf8ec4a94f6252ed99546a3ed3569","","0","not-reviewed","false","","Image belongs to this exact make/model/year candidate. Current published price catalogue has no binding for this asset. Keep in the car catalogue intake shelf; do not invent a vehicle price or launch a route to consume it. Vehicle appearance and source evidence must be checked when this candidate launches."
"/assets/img/cars/ford/everest/2009/ford-everest-2009-hero.webp","cars","reserved-catalogue","data/cars/catalog-expansion-wave-1.csv#ford-everest-2009","800","500","46454","c6fa998bd44ec4a2a3bbcfe8a99dc353580e4817cc2f4293eec1110056aab794","","0","not-reviewed","false","","Image belongs to this exact make/model/year candidate. Current published price catalogue has no binding for this asset. Keep in the car catalogue intake shelf; do not invent a vehicle price or launch a route to consume it. Vehicle appearance and source evidence must be checked when this candidate launches."
"/assets/img/cars/ford/everest/2012/ford-everest-2012-hero.webp","cars","reserved-catalogue","data/cars/catalog-expansion-wave-1.csv#ford-everest-2012","800","500","36476","047d02f22c045dcd5d1df45f0d0a124bb7a3dad1fc51f678666f5d971cd8eb97","","0","not-reviewed","false","","Image belongs to this exact make/model/year candidate. Current published price catalogue has no binding for this asset. Keep in the car catalogue intake shelf; do not invent a vehicle price or launch a route to consume it. Vehicle appearance and source evidence must be checked when this candidate launches."
"/assets/img/cars/ford/everest/2015/ford-everest-2015-hero.webp","cars","reserved-catalogue","data/cars/catalog-expansion-wave-1.csv#ford-everest-2015","800","500","36914","c2dde6cb242b258ac9635bd7f751feb0bf069415d803fb11930844c72911e799","","0","not-reviewed","false","","Image belongs to this exact make/model/year candidate. Current published price catalogue has no binding for this asset. Keep in the car catalogue intake shelf; do not invent a vehicle price or launch a route to consume it. Vehicle appearance and source evidence must be checked when this candidate launches."
"/assets/img/cars/ford/everest/2016/ford-everest-2016-hero.webp","cars","retired-alternative","cars/index.html","800","500","34312","d30f8ce7c07c16bdae9d24204ee7df9d217f0927f1b2abc0158b917f90d5405d","","0","not-reviewed","false","","Historical vehicle image ford-everest-2016 has no matching current published or expansion CSV row. Retain in the car media archive; do not substitute a different model year or invent catalogue facts."
"/assets/img/cars/ford/everest/2018/ford-everest-2018-hero.webp","cars","reserved-catalogue","data/cars/catalog-expansion-wave-1.csv#ford-everest-2018","800","500","38976","c08c6d48df57bf41e145ddcfea523b95a0cdefc1519a9083ce4ed99e152cfd27","","0","not-reviewed","false","","Image belongs to this exact make/model/year candidate. Current published price catalogue has no binding for this asset. Keep in the car catalogue intake shelf; do not invent a vehicle price or launch a route to consume it. Vehicle appearance and source evidence must be checked when this candidate launches."
"/assets/img/cars/ford/everest/2019/ford-everest-2019-hero.webp","cars","retired-alternative","cars/index.html","800","500","40764","af11d609a67d3422895f958a2436a480b832138813efcf75f12ba5dbd3a02c11","","0","not-reviewed","false","","Historical vehicle image ford-everest-2019 has no matching current published or expansion CSV row. Retain in the car media archive; do not substitute a different model year or invent catalogue facts."
"/assets/img/cars/ford/everest/2021/ford-everest-2021-hero.webp","cars","reserved-catalogue","data/cars/catalog-expansion-wave-1.csv#ford-everest-2021","800","500","41594","dfd5d3412a3d6181bfc9e09ee4599b9890c30d7d03e53eb984d1db0520d077ed","","0","not-reviewed","false","","Image belongs to this exact make/model/year candidate. Current published price catalogue has no binding for this asset. Keep in the car catalogue intake shelf; do not invent a vehicle price or launch a route to consume it. Vehicle appearance and source evidence must be checked when this candidate launches."
"/assets/img/cars/ford/everest/2024/ford-everest-2024-hero.webp","cars","reserved-catalogue","data/cars/catalog-expansion-wave-1.csv#ford-everest-2024","800","500","39674","a1fb1cae3b4ce07a1888235f69b7f34dd23d05ac1ef279544e2f556ea61d7524","","0","not-reviewed","false","","Image belongs to this exact make/model/year candidate. Current published price catalogue has no binding for this asset. Keep in the car catalogue intake shelf; do not invent a vehicle price or launch a route to consume it. Vehicle appearance and source evidence must be checked when this candidate launches."
"/assets/img/cars/ford/ranger/2005/ford-ranger-2005-hero.webp","cars","reserved-catalogue","data/cars/catalog-expansion-wave-1.csv#ford-ranger-2005","800","500","54340","3f755304032eea31e0f1fe805c8c737b9a2ad780ae4c5b4c8b752ba38346b868","","0","not-reviewed","false","","Image belongs to this exact make/model/year candidate. Current published price catalogue has no binding for this asset. Keep in the car catalogue intake shelf; do not invent a vehicle price or launch a route to consume it. Vehicle appearance and source evidence must be checked when this candidate launches."
"/assets/img/cars/ford/ranger/2008/ford-ranger-2008-hero.webp","cars","reserved-catalogue","data/cars/catalog-expansion-wave-1.csv#ford-ranger-2008","800","500","49746","0d95636b1d7960f6e99219a2c1d71939cdb3c5003a18ccc931ed21ad98088738","","0","not-reviewed","false","","Image belongs to this exact make/model/year candidate. Current published price catalogue has no binding for this asset. Keep in the car catalogue intake shelf; do not invent a vehicle price or launch a route to consume it. Vehicle appearance and source evidence must be checked when this candidate launches."
"/assets/img/cars/ford/ranger/2012/ford-ranger-2012-hero.webp","cars","reserved-catalogue","data/cars/catalog-expansion-wave-1.csv#ford-ranger-2012","800","500","49286","8bdccc44906d1bd9a275ba2a18996dda2da679af789fa7609b015e33a7f9b244","","0","not-reviewed","false","","Image belongs to this exact make/model/year candidate. Current published price catalogue has no binding for this asset. Keep in the car catalogue intake shelf; do not invent a vehicle price or launch a route to consume it. Vehicle appearance and source evidence must be checked when this candidate launches."
"/assets/img/cars/ford/ranger/2015/ford-ranger-2015-hero.webp","cars","reserved-catalogue","data/cars/catalog-expansion-wave-1.csv#ford-ranger-2015","800","500","53352","3569bf3c38c2e8baedb1da3aa7d3e7058089f8393a625a6062f55e99599a754b","","0","not-reviewed","false","","Image belongs to this exact make/model/year candidate. Current published price catalogue has no binding for this asset. Keep in the car catalogue intake shelf; do not invent a vehicle price or launch a route to consume it. Vehicle appearance and source evidence must be checked when this candidate launches."
"/assets/img/cars/ford/ranger/2018/ford-ranger-2018-hero.webp","cars","placed","data/cars/frozen-2026-05-13.json","800","500","61216","e453f95fe9f7b55a30aac6718be48c84c879355ac3cb10cd4b44dae26f41679b","","2","not-reviewed","false","en","Visual/text review pending; reference scan is not visual approval."
"/assets/img/cars/ford/ranger/2020/ford-ranger-2020-hero.webp","cars","reserved-catalogue","data/cars/catalog-expansion-wave-1.csv#ford-ranger-2020","800","500","43038","4569438cc61b448a5cb10b4d4d2c8a9fdedc4580166928dea6edbf866e435010","","0","not-reviewed","false","","Image belongs to this exact make/model/year candidate. Current published price catalogue has no binding for this asset. Keep in the car catalogue intake shelf; do not invent a vehicle price or launch a route to consume it. Vehicle appearance and source evidence must be checked when this candidate launches."
"/assets/img/cars/ford/ranger/2022/ford-ranger-2022-hero.webp","cars","retired-alternative","cars/index.html","800","500","36136","ceba4e224181305bcc26354c4de2d87c59418f23656fea2c710087943bd39604","","0","not-reviewed","false","","Historical vehicle image ford-ranger-2022 has no matching current published or expansion CSV row. Retain in the car media archive; do not substitute a different model year or invent catalogue facts."
"/assets/img/cars/ford/ranger/2023/ford-ranger-2023-hero.webp","cars","reserved-catalogue","data/cars/catalog-expansion-wave-1.csv#ford-ranger-2023","800","500","47768","13f4d6c18d61ff79e37377ca41054f68babb9a5a541f41dc9b066e0dc2cb0f00","","0","not-reviewed","false","","Image belongs to this exact make/model/year candidate. Current published price catalogue has no binding for this asset. Keep in the car catalogue intake shelf; do not invent a vehicle price or launch a route to consume it. Vehicle appearance and source evidence must be checked when this candidate launches."
"/assets/img/cars/honda/accord/2003/honda-accord-2003-hero.webp","cars","reserved-catalogue","data/cars/catalog-expansion-wave-1.csv#honda-accord-2003","800","500","52574","6e2e1a27a517c7c943abc80d1401de2239e7dfeeae6f739f3b595b3c2cacf6bc","","0","not-reviewed","false","","Image belongs to this exact make/model/year candidate. Current published price catalogue has no binding for this asset. Keep in the car catalogue intake shelf; do not invent a vehicle price or launch a route to consume it. Vehicle appearance and source evidence must be checked when this candidate launches."
"/assets/img/cars/honda/accord/2005/honda-accord-2005-hero.webp","cars","reserved-catalogue","data/cars/catalog-expansion-wave-1.csv#honda-accord-2005","800","500","51284","eab8a45d7a83dc8d64fa17489fe1d6d12a3e195f4386c8c30871e32b73b41507","","0","not-reviewed","false","","Image belongs to this exact make/model/year candidate. Current published price catalogue has no binding for this asset. Keep in the car catalogue intake shelf; do not invent a vehicle price or launch a route to consume it. Vehicle appearance and source evidence must be checked when this candidate launches."
"/assets/img/cars/honda/accord/2008/honda-accord-2008-hero.webp","cars","reserved-catalogue","data/cars/catalog-expansion-wave-1.csv#honda-accord-2008","800","500","53194","ae3e46ffc7ef3caccec1edcb336f1f14b09b4924fc87b32d4e5d65cb62042a08","","0","not-reviewed","false","","Image belongs to this exact make/model/year candidate. Current published price catalogue has no binding for this asset. Keep in the car catalogue intake shelf; do not invent a vehicle price or launch a route to consume it. Vehicle appearance and source evidence must be checked when this candidate launches."
"/assets/img/cars/honda/accord/2011/honda-accord-2011-hero.webp","cars","reserved-catalogue","data/cars/catalog-expansion-wave-1.csv#honda-accord-2011","800","500","47872","0130c5c2d6579aadb0670bfb465604e102c969b994cdcfb652dee99e1b816fc1","","0","not-reviewed","false","","Image belongs to this exact make/model/year candidate. Current published price catalogue has no binding for this asset. Keep in the car catalogue intake shelf; do not invent a vehicle price or launch a route to consume it. Vehicle appearance and source evidence must be checked when this candidate launches."
"/assets/img/cars/honda/accord/2014/honda-accord-2014-hero.webp","cars","placed","data/cars/frozen-2026-05-13.json","800","450","144784","9154b612724af398a55cd132ba001653bc2e7cd6476b445f55959173160ed41e","","2","not-reviewed","false","en","Visual/text review pending; reference scan is not visual approval."
"/assets/img/cars/honda/accord/2016/honda-accord-2016-hero.webp","cars","reserved-catalogue","data/cars/catalog-expansion-wave-1.csv#honda-accord-2016","800","500","52196","46e1c52a0e5bef4014fad081d01b279e90b45e48d02fda7cd8ec87b6ac7f8328","","0","not-reviewed","false","","Image belongs to this exact make/model/year candidate. Current published price catalogue has no binding for this asset. Keep in the car catalogue intake shelf; do not invent a vehicle price or launch a route to consume it. Vehicle appearance and source evidence must be checked when this candidate launches."
"/assets/img/cars/honda/accord/2018/honda-accord-2018-hero.webp","cars","reserved-catalogue","data/cars/catalog-expansion-wave-1.csv#honda-accord-2018","800","500","41340","3d811bad3b69c47e30f95a1eb5e04274ca5669cf888bdf198ecf8e1ef6b31dca","","0","not-reviewed","false","","Image belongs to this exact make/model/year candidate. Current published price catalogue has no binding for this asset. Keep in the car catalogue intake shelf; do not invent a vehicle price or launch a route to consume it. Vehicle appearance and source evidence must be checked when this candidate launches."
"/assets/img/cars/honda/accord/2020/honda-accord-2020-hero.webp","cars","reserved-catalogue","data/cars/catalog-expansion-wave-1.csv#honda-accord-2020","800","500","44086","199738e61ea04f77046ee796529aca0cce6f99b46a29cce577dd6f279d7819b0","","0","not-reviewed","false","","Image belongs to this exact make/model/year candidate. Current published price catalogue has no binding for this asset. Keep in the car catalogue intake shelf; do not invent a vehicle price or launch a route to consume it. Vehicle appearance and source evidence must be checked when this candidate launches."
"/assets/img/cars/honda/accord/2022/honda-accord-2022-hero.webp","cars","reserved-catalogue","data/cars/catalog-expansion-wave-1.csv#honda-accord-2022","800","500","47706","b7cef8daf32cdc10e536487e87e94456a742e19d8b11435edcb26c344f95decd","","0","not-reviewed","false","","Image belongs to this exact make/model/year candidate. Current published price catalogue has no binding for this asset. Keep in the car catalogue intake shelf; do not invent a vehicle price or launch a route to consume it. Vehicle appearance and source evidence must be checked when this candidate launches."
"/assets/img/cars/honda/civic/2004/honda-civic-2004-hero.webp","cars","reserved-catalogue","data/cars/catalog-expansion-wave-1.csv#honda-civic-2004","800","500","57544","bdc9603f7284a8adbd0bb56f7585712616dae2cd94535eb9399952e46e8065d7","","0","not-reviewed","false","","Image belongs to this exact make/model/year candidate. Current published price catalogue has no binding for this asset. Keep in the car catalogue intake shelf; do not invent a vehicle price or launch a route to consume it. Vehicle appearance and source evidence must be checked when this candidate launches."
"/assets/img/cars/honda/civic/2007/honda-civic-2007-hero.webp","cars","reserved-catalogue","data/cars/catalog-expansion-wave-1.csv#honda-civic-2007","800","500","51230","879b036fa6326be0d848baa66fcc5ec3a0645220fd12882ca5ce9858f21a7b92","","0","not-reviewed","false","","Image belongs to this exact make/model/year candidate. Current published price catalogue has no binding for this asset. Keep in the car catalogue intake shelf; do not invent a vehicle price or launch a route to consume it. Vehicle appearance and source evidence must be checked when this candidate launches."
"/assets/img/cars/honda/civic/2010/honda-civic-2010-hero.webp","cars","reserved-catalogue","data/cars/catalog-expansion-wave-1.csv#honda-civic-2010","800","500","56464","3439f5be054834dfff1acf09383d7fc8e1d5168698826fbbd39fa83543917593","","0","not-reviewed","false","","Image belongs to this exact make/model/year candidate. Current published price catalogue has no binding for this asset. Keep in the car catalogue intake shelf; do not invent a vehicle price or launch a route to consume it. Vehicle appearance and source evidence must be checked when this candidate launches."
"/assets/img/cars/honda/civic/2013/honda-civic-2013-hero.webp","cars","reserved-catalogue","data/cars/catalog-expansion-wave-1.csv#honda-civic-2013","800","500","55004","6e3e04e006cb88edd64613bfd2a550f67c685700fde7992587e8588467b606ca","","0","not-reviewed","false","","Image belongs to this exact make/model/year candidate. Current published price catalogue has no binding for this asset. Keep in the car catalogue intake shelf; do not invent a vehicle price or launch a route to consume it. Vehicle appearance and source evidence must be checked when this candidate launches."
"/assets/img/cars/honda/civic/2016/honda-civic-2016-hero.webp","cars","reserved-catalogue","data/cars/catalog-expansion-wave-1.csv#honda-civic-2016","800","500","54070","31e0d40eafc02df9ee96f6bf551c55aff7fbd28f245f6822b99fa94b8217ff54","","0","not-reviewed","false","","Image belongs to this exact make/model/year candidate. Current published price catalogue has no binding for this asset. Keep in the car catalogue intake shelf; do not invent a vehicle price or launch a route to consume it. Vehicle appearance and source evidence must be checked when this candidate launches."
"/assets/img/cars/honda/civic/2019/honda-civic-2019-hero.webp","cars","reserved-catalogue","data/cars/catalog-expansion-wave-1.csv#honda-civic-2019","800","500","42354","7e423fb2445917e7276dce6904b6b41527757ada6759ee033a2009494c97927d","","0","not-reviewed","false","","Image belongs to this exact make/model/year candidate. Current published price catalogue has no binding for this asset. Keep in the car catalogue intake shelf; do not invent a vehicle price or launch a route to consume it. Vehicle appearance and source evidence must be checked when this candidate launches."
"/assets/img/cars/honda/civic/2022/honda-civic-2022-hero.webp","cars","reserved-catalogue","data/cars/catalog-expansion-wave-1.csv#honda-civic-2022","800","500","78202","2bf784a434a75a452234efb83b8bbb1fc728864e1ba14f5220ef52e8d40e12d1","","0","not-reviewed","false","","Image belongs to this exact make/model/year candidate. Current published price catalogue has no binding for this asset. Keep in the car catalogue intake shelf; do not invent a vehicle price or launch a route to consume it. Vehicle appearance and source evidence must be checked when this candidate launches."
"/assets/img/cars/honda/cr-v/2004/honda-cr-v-2004-hero.webp","cars","reserved-catalogue","data/cars/catalog-expansion-wave-1.csv#honda-cr-v-2004","800","500","48894","a4bc5e3f78f68f9cd67fff206afd2c6ccc56fd10c48e81794f4336695a0a4f07","","0","not-reviewed","false","","Image belongs to this exact make/model/year candidate. Current published price catalogue has no binding for this asset. Keep in the car catalogue intake shelf; do not invent a vehicle price or launch a route to consume it. Vehicle appearance and source evidence must be checked when this candidate launches."
"/assets/img/cars/honda/cr-v/2007/honda-cr-v-2007-hero.webp","cars","reserved-catalogue","data/cars/catalog-expansion-wave-1.csv#honda-cr-v-2007","800","500","45790","53a9912b87ba200f10dede47a772a2d3ba08f2f1fde2a0fdf527239535691788","","0","not-reviewed","false","","Image belongs to this exact make/model/year candidate. Current published price catalogue has no binding for this asset. Keep in the car catalogue intake shelf; do not invent a vehicle price or launch a route to consume it. Vehicle appearance and source evidence must be checked when this candidate launches."
"/assets/img/cars/honda/cr-v/2010/honda-cr-v-2010-hero.webp","cars","reserved-catalogue","data/cars/catalog-expansion-wave-1.csv#honda-cr-v-2010","800","500","55374","76600924d7e28a64530a2959f79a33eeb3e9c5b9150e96e1cc76d0ae34561672","","0","not-reviewed","false","","Image belongs to this exact make/model/year candidate. Current published price catalogue has no binding for this asset. Keep in the car catalogue intake shelf; do not invent a vehicle price or launch a route to consume it. Vehicle appearance and source evidence must be checked when this candidate launches."
"/assets/img/cars/honda/cr-v/2013/honda-cr-v-2013-hero.webp","cars","reserved-catalogue","data/cars/catalog-expansion-wave-1.csv#honda-cr-v-2013","800","500","55308","abf17321345909f0ead2cbc8a9f807fc44ce09f853d492d087bd2b7ce07d8bbf","","0","not-reviewed","false","","Image belongs to this exact make/model/year candidate. Current published price catalogue has no binding for this asset. Keep in the car catalogue intake shelf; do not invent a vehicle price or launch a route to consume it. Vehicle appearance and source evidence must be checked when this candidate launches."
"/assets/img/cars/honda/cr-v/2016/honda-cr-v-2016-hero.webp","cars","placed","data/cars/frozen-2026-05-13.json","800","450","74320","5f11b800554233ccdad84a7d2012cf1db5fa54044c7f89e0fa57bab71671fab7","","2","not-reviewed","false","en","Visual/text review pending; reference scan is not visual approval."
"/assets/img/cars/honda/cr-v/2018/honda-cr-v-2018-hero.webp","cars","reserved-catalogue","data/cars/catalog-expansion-wave-1.csv#honda-cr-v-2018","800","500","58580","d16d7eb15b51746b8e7380e233b3592befd5395f141da674f142228352abf9a9","","0","not-reviewed","false","","Image belongs to this exact make/model/year candidate. Current published price catalogue has no binding for this asset. Keep in the car catalogue intake shelf; do not invent a vehicle price or launch a route to consume it. Vehicle appearance and source evidence must be checked when this candidate launches."
"/assets/img/cars/honda/cr-v/2020/honda-cr-v-2020-hero.webp","cars","placed","data/cars/frozen-2026-05-13.json","800","450","86894","5fbeabd32dc1308b06a63de0adfbef935d8310ce9b648cccf76c9d0b90973639","","2","not-reviewed","false","en","Visual/text review pending; reference scan is not visual approval."
"/assets/img/cars/honda/cr-v/2023/honda-cr-v-2023-hero.webp","cars","reserved-catalogue","data/cars/catalog-expansion-wave-1.csv#honda-cr-v-2023","800","500","63476","90913b62055566703daa7364e7c6d0191d6a340445aeb4d230ca0bc046c5ed3a","","0","not-reviewed","false","","Image belongs to this exact make/model/year candidate. Current published price catalogue has no binding for this asset. Keep in the car catalogue intake shelf; do not invent a vehicle price or launch a route to consume it. Vehicle appearance and source evidence must be checked when this candidate launches."
"/assets/img/cars/honda/fit-jazz/2005/honda-fit-jazz-2005-hero.webp","cars","reserved-catalogue","data/cars/catalog-expansion-wave-1.csv#honda-fit-jazz-2005","800","500","60980","e909cc6c784906b31fb6ce6147c414453c2cfc8aadd0021638e161cac24c18a9","","0","not-reviewed","false","","Image belongs to this exact make/model/year candidate. Current published price catalogue has no binding for this asset. Keep in the car catalogue intake shelf; do not invent a vehicle price or launch a route to consume it. Vehicle appearance and source evidence must be checked when this candidate launches."
"/assets/img/cars/honda/fit-jazz/2008/honda-fit-jazz-2008-hero.webp","cars","reserved-catalogue","data/cars/catalog-expansion-wave-1.csv#honda-fit-jazz-2008","800","500","44812","8c951301e4e0c7f797a13694608167ceb9293e89cf0fe9aa1c1c5af63a8c4480","","0","not-reviewed","false","","Image belongs to this exact make/model/year candidate. Current published price catalogue has no binding for this asset. Keep in the car catalogue intake shelf; do not invent a vehicle price or launch a route to consume it. Vehicle appearance and source evidence must be checked when this candidate launches."
"/assets/img/cars/honda/fit-jazz/2011/honda-fit-jazz-2011-hero.webp","cars","reserved-catalogue","data/cars/catalog-expansion-wave-1.csv#honda-fit-jazz-2011","800","500","64662","f0a1fca2b05dcfd742a6c0c7821b54e9a3fe9dab9d5e1a13b4fc4bbb306b02f4","","0","not-reviewed","false","","Image belongs to this exact make/model/year candidate. Current published price catalogue has no binding for this asset. Keep in the car catalogue intake shelf; do not invent a vehicle price or launch a route to consume it. Vehicle appearance and source evidence must be checked when this candidate launches."
"/assets/img/cars/honda/fit-jazz/2014/honda-fit-jazz-2014-hero.webp","cars","reserved-catalogue","data/cars/catalog-expansion-wave-1.csv#honda-fit-jazz-2014","800","500","57304","b70ee6dced9591df70827f077a3df83fb553f24295d8c2bfc1cb0477a378ccba","","0","not-reviewed","false","","Image belongs to this exact make/model/year candidate. Current published price catalogue has no binding for this asset. Keep in the car catalogue intake shelf; do not invent a vehicle price or launch a route to consume it. Vehicle appearance and source evidence must be checked when this candidate launches."
"/assets/img/cars/honda/fit-jazz/2017/honda-fit-jazz-2017-hero.webp","cars","reserved-catalogue","data/cars/catalog-expansion-wave-1.csv#honda-fit-jazz-2017","800","500","45874","717a260c210474a0f8af344916e1128fc8544bd63c1ebbab761dea4329ce3b1f","","0","not-reviewed","false","","Image belongs to this exact make/model/year candidate. Current published price catalogue has no binding for this asset. Keep in the car catalogue intake shelf; do not invent a vehicle price or launch a route to consume it. Vehicle appearance and source evidence must be checked when this candidate launches."
"/assets/img/cars/honda/fit-jazz/2020/honda-fit-jazz-2020-hero.webp","cars","reserved-catalogue","data/cars/catalog-expansion-wave-1.csv#honda-fit-jazz-2020","800","500","52534","34a4c00c4b184d507d4f8d4faa904bd2729415ade897ec202900bc41445dc8e8","","0","not-reviewed","false","","Image belongs to this exact make/model/year candidate. Current published price catalogue has no binding for this asset. Keep in the car catalogue intake shelf; do not invent a vehicle price or launch a route to consume it. Vehicle appearance and source evidence must be checked when this candidate launches."
"/assets/img/cars/honda/fit-jazz/2022/honda-fit-jazz-2022-hero.webp","cars","reserved-catalogue","data/cars/catalog-expansion-wave-1.csv#honda-fit-jazz-2022","800","500","41976","a8f4089d69d9b8e92eb5fe21c1dad3fbd0ae9b862db82926975f6d63840493a9","","0","not-reviewed","false","","Image belongs to this exact make/model/year candidate. Current published price catalogue has no binding for this asset. Keep in the car catalogue intake shelf; do not invent a vehicle price or launch a route to consume it. Vehicle appearance and source evidence must be checked when this candidate launches."
"/assets/img/cars/honda/hr-v-vezel/2014/honda-hr-v-vezel-2014-hero.webp","cars","reserved-catalogue","data/cars/catalog-expansion-wave-1.csv#honda-hr-v-vezel-2014","800","500","39988","d3e968feb4bc359d5af2c7c1d771ccef56eae2eff7471480a4a504158ccd96d2","","0","not-reviewed","false","","Image belongs to this exact make/model/year candidate. Current published price catalogue has no binding for this asset. Keep in the car catalogue intake shelf; do not invent a vehicle price or launch a route to consume it. Vehicle appearance and source evidence must be checked when this candidate launches."
"/assets/img/cars/honda/hr-v-vezel/2016/honda-hr-v-vezel-2016-hero.webp","cars","reserved-catalogue","data/cars/catalog-expansion-wave-1.csv#honda-hr-v-vezel-2016","800","500","63524","d4ac855244b9ccc6db7dea97a89783472944961c783d8e73c2b12d85c57ed032","","0","not-reviewed","false","","Image belongs to this exact make/model/year candidate. Current published price catalogue has no binding for this asset. Keep in the car catalogue intake shelf; do not invent a vehicle price or launch a route to consume it. Vehicle appearance and source evidence must be checked when this candidate launches."
"/assets/img/cars/honda/hr-v-vezel/2018/honda-hr-v-vezel-2018-hero.webp","cars","reserved-catalogue","data/cars/catalog-expansion-wave-1.csv#honda-hr-v-vezel-2018","800","500","58372","214f4e0e965450cb85495f68ea8c7b250ae9973f1e1846cd27a5226bf30a1b43","","0","not-reviewed","false","","Image belongs to this exact make/model/year candidate. Current published price catalogue has no binding for this asset. Keep in the car catalogue intake shelf; do not invent a vehicle price or launch a route to consume it. Vehicle appearance and source evidence must be checked when this candidate launches."
"/assets/img/cars/honda/hr-v-vezel/2020/honda-hr-v-vezel-2020-hero.webp","cars","reserved-catalogue","data/cars/catalog-expansion-wave-1.csv#honda-hr-v-vezel-2020","800","500","44862","a842156ccc00e8bf2b37c0e47665b4fec7db0b458b18ac90fd7632be88b7bd08","","0","not-reviewed","false","","Image belongs to this exact make/model/year candidate. Current published price catalogue has no binding for this asset. Keep in the car catalogue intake shelf; do not invent a vehicle price or launch a route to consume it. Vehicle appearance and source evidence must be checked when this candidate launches."
"/assets/img/cars/honda/hr-v-vezel/2022/honda-hr-v-vezel-2022-hero.webp","cars","reserved-catalogue","data/cars/catalog-expansion-wave-1.csv#honda-hr-v-vezel-2022","800","500","63018","070a57c4220c13d8982c5e4ec14564386355daf1082a3e067922f862d2bba6d9","","0","not-reviewed","false","","Image belongs to this exact make/model/year candidate. Current published price catalogue has no binding for this asset. Keep in the car catalogue intake shelf; do not invent a vehicle price or launch a route to consume it. Vehicle appearance and source evidence must be checked when this candidate launches."
"/assets/img/cars/honda/hr-v-vezel/2024/honda-hr-v-vezel-2024-hero.webp","cars","reserved-catalogue","data/cars/catalog-expansion-wave-1.csv#honda-hr-v-vezel-2024","800","500","44610","ac471ef2605ef44317478b0b3fe2d7b70760403269ff58aae40654a58dcbaf5c","","0","not-reviewed","false","","Image belongs to this exact make/model/year candidate. Current published price catalogue has no binding for this asset. Keep in the car catalogue intake shelf; do not invent a vehicle price or launch a route to consume it. Vehicle appearance and source evidence must be checked when this candidate launches."
"/assets/img/cars/hyundai/accent/2005/hyundai-accent-2005-hero.webp","cars","reserved-catalogue","data/cars/catalog-expansion-wave-1.csv#hyundai-accent-2005","800","500","78454","ac890a0fc60ab891ff535eff86888db8b2065cad3dd68606b5d32e83070c0109","","0","not-reviewed","false","","Image belongs to this exact make/model/year candidate. Current published price catalogue has no binding for this asset. Keep in the car catalogue intake shelf; do not invent a vehicle price or launch a route to consume it. Vehicle appearance and source evidence must be checked when this candidate launches."
"/assets/img/cars/hyundai/accent/2008/hyundai-accent-2008-hero.webp","cars","reserved-catalogue","data/cars/catalog-expansion-wave-1.csv#hyundai-accent-2008","800","500","51802","27e9c42c4aaf05f7ceab866eeeb9754378af1913bb416e215c2c5127974eb2a8","","0","not-reviewed","false","","Image belongs to this exact make/model/year candidate. Current published price catalogue has no binding for this asset. Keep in the car catalogue intake shelf; do not invent a vehicle price or launch a route to consume it. Vehicle appearance and source evidence must be checked when this candidate launches."
"/assets/img/cars/hyundai/accent/2011/hyundai-accent-2011-hero.webp","cars","reserved-catalogue","data/cars/catalog-expansion-wave-1.csv#hyundai-accent-2011","800","500","46472","7774f53b11d122be56d356b08cc5a11c39bc21e1f0e3eb05c3f06a7b79b4db94","","0","not-reviewed","false","","Image belongs to this exact make/model/year candidate. Current published price catalogue has no binding for this asset. Keep in the car catalogue intake shelf; do not invent a vehicle price or launch a route to consume it. Vehicle appearance and source evidence must be checked when this candidate launches."
"/assets/img/cars/hyundai/accent/2014/hyundai-accent-2014-hero.webp","cars","reserved-catalogue","data/cars/catalog-expansion-wave-1.csv#hyundai-accent-2014","800","500","47264","4e238114485eaa80b62332e1efe6c0d7764e65db53e5bb343f4cd211e9473997","","0","not-reviewed","false","","Image belongs to this exact make/model/year candidate. Current published price catalogue has no binding for this asset. Keep in the car catalogue intake shelf; do not invent a vehicle price or launch a route to consume it. Vehicle appearance and source evidence must be checked when this candidate launches."
"/assets/img/cars/hyundai/accent/2017/hyundai-accent-2017-hero.webp","cars","reserved-catalogue","data/cars/catalog-expansion-wave-1.csv#hyundai-accent-2017","800","500","47288","0f8f82edfbaffbb053b80c82a012342f228fa2b0be91b782309702441df30bb7","","0","not-reviewed","false","","Image belongs to this exact make/model/year candidate. Current published price catalogue has no binding for this asset. Keep in the car catalogue intake shelf; do not invent a vehicle price or launch a route to consume it. Vehicle appearance and source evidence must be checked when this candidate launches."
"/assets/img/cars/hyundai/accent/2020/hyundai-accent-2020-hero.webp","cars","reserved-catalogue","data/cars/catalog-expansion-wave-1.csv#hyundai-accent-2020","800","500","57524","ac533588686d436ca4e843c76e1efa06f6f9b03ce668701584eee6e3908cc13c","","0","not-reviewed","false","","Image belongs to this exact make/model/year candidate. Current published price catalogue has no binding for this asset. Keep in the car catalogue intake shelf; do not invent a vehicle price or launch a route to consume it. Vehicle appearance and source evidence must be checked when this candidate launches."
"/assets/img/cars/hyundai/accent/2023/hyundai-accent-2023-hero.webp","cars","reserved-catalogue","data/cars/catalog-expansion-wave-1.csv#hyundai-accent-2023","800","500","45248","02769de9ed03a7bf9ad5066cd6bcb0620d1574cb3dfb656b69dce9f57d6d3392","","0","not-reviewed","false","","Image belongs to this exact make/model/year candidate. Current published price catalogue has no binding for this asset. Keep in the car catalogue intake shelf; do not invent a vehicle price or launch a route to consume it. Vehicle appearance and source evidence must be checked when this candidate launches."
"/assets/img/cars/hyundai/elantra/2004/hyundai-elantra-2004-hero.webp","cars","reserved-catalogue","data/cars/catalog-expansion-wave-1.csv#hyundai-elantra-2004","800","500","33332","c59bd04a811b32fe5213ad291bb34e8f6f406086a315ad5f43b45600757c2a0d","","0","not-reviewed","false","","Image belongs to this exact make/model/year candidate. Current published price catalogue has no binding for this asset. Keep in the car catalogue intake shelf; do not invent a vehicle price or launch a route to consume it. Vehicle appearance and source evidence must be checked when this candidate launches."
"/assets/img/cars/hyundai/elantra/2007/hyundai-elantra-2007-hero.webp","cars","reserved-catalogue","data/cars/catalog-expansion-wave-1.csv#hyundai-elantra-2007","800","500","90978","e92b8cacd992e179f7dd94160ee9df50e9ffe08b3242d51f0861ea6393121f20","","0","not-reviewed","false","","Image belongs to this exact make/model/year candidate. Current published price catalogue has no binding for this asset. Keep in the car catalogue intake shelf; do not invent a vehicle price or launch a route to consume it. Vehicle appearance and source evidence must be checked when this candidate launches."
"/assets/img/cars/hyundai/elantra/2010/hyundai-elantra-2010-hero.webp","cars","reserved-catalogue","data/cars/catalog-expansion-wave-1.csv#hyundai-elantra-2010","800","500","44648","1fb5037a58f5b07942761acb903a12b13f8aa8ea306c967ca7e616564fc4c74a","","0","not-reviewed","false","","Image belongs to this exact make/model/year candidate. Current published price catalogue has no binding for this asset. Keep in the car catalogue intake shelf; do not invent a vehicle price or launch a route to consume it. Vehicle appearance and source evidence must be checked when this candidate launches."
"/assets/img/cars/hyundai/elantra/2013/hyundai-elantra-2013-hero.webp","cars","reserved-catalogue","data/cars/catalog-expansion-wave-1.csv#hyundai-elantra-2013","800","500","56400","82357c92de091e65a81bebd2b59ce30daa1c98e02c73e92e05bf61f96c109b64","","0","not-reviewed","false","","Image belongs to this exact make/model/year candidate. Current published price catalogue has no binding for this asset. Keep in the car catalogue intake shelf; do not invent a vehicle price or launch a route to consume it. Vehicle appearance and source evidence must be checked when this candidate launches."
"/assets/img/cars/hyundai/elantra/2016/hyundai-elantra-2016-hero.webp","cars","reserved-catalogue","data/cars/catalog-expansion-wave-1.csv#hyundai-elantra-2016","800","500","47556","c0b00ccedb755119d6b2182f8d8306acb03351ce60e38c66fb3bfa15b0460f6a","","0","not-reviewed","false","","Image belongs to this exact make/model/year candidate. Current published price catalogue has no binding for this asset. Keep in the car catalogue intake shelf; do not invent a vehicle price or launch a route to consume it. Vehicle appearance and source evidence must be checked when this candidate launches."
"/assets/img/cars/hyundai/elantra/2018/hyundai-elantra-2018-hero.webp","cars","placed","data/cars/frozen-2026-05-13.json","800","500","80510","0a3ddf01fde2786c07ee0c6f57cef79c72b859b2ff44c7dad10fbc8e6e67d531","","2","not-reviewed","false","en","Visual/text review pending; reference scan is not visual approval."
"/assets/img/cars/hyundai/elantra/2020/hyundai-elantra-2020-hero.webp","cars","reserved-catalogue","data/cars/catalog-expansion-wave-1.csv#hyundai-elantra-2020","800","500","56854","081c11c1cef6ce040c997d5d2b96400c41cf4ffde36372435365ea8222112e29","","0","not-reviewed","false","","Image belongs to this exact make/model/year candidate. Current published price catalogue has no binding for this asset. Keep in the car catalogue intake shelf; do not invent a vehicle price or launch a route to consume it. Vehicle appearance and source evidence must be checked when this candidate launches."
"/assets/img/cars/hyundai/elantra/2023/hyundai-elantra-2023-hero.webp","cars","reserved-catalogue","data/cars/catalog-expansion-wave-1.csv#hyundai-elantra-2023","800","500","51998","ec3189adca24af4ce563a59e4d486bbb9e0f7d4690b6823bfd8ef100b72bf878","","0","not-reviewed","false","","Image belongs to this exact make/model/year candidate. Current published price catalogue has no binding for this asset. Keep in the car catalogue intake shelf; do not invent a vehicle price or launch a route to consume it. Vehicle appearance and source evidence must be checked when this candidate launches."
"/assets/img/cars/hyundai/santa-fe/2004/hyundai-santa-fe-2004-hero.webp","cars","reserved-catalogue","data/cars/catalog-expansion-wave-1.csv#hyundai-santa-fe-2004","800","500","79896","ec97cf201dbdd872d2b0e09c3a73684981dab7238766b5b65aa6d27e1412139d","","0","not-reviewed","false","","Image belongs to this exact make/model/year candidate. Current published price catalogue has no binding for this asset. Keep in the car catalogue intake shelf; do not invent a vehicle price or launch a route to consume it. Vehicle appearance and source evidence must be checked when this candidate launches."
"/assets/img/cars/hyundai/santa-fe/2007/hyundai-santa-fe-2007-hero.webp","cars","reserved-catalogue","data/cars/catalog-expansion-wave-1.csv#hyundai-santa-fe-2007","800","500","68384","c7ad53a237ba898f271991057a8378f0930cdbd61d31ba89768bf36f1ff36270","","0","not-reviewed","false","","Image belongs to this exact make/model/year candidate. Current published price catalogue has no binding for this asset. Keep in the car catalogue intake shelf; do not invent a vehicle price or launch a route to consume it. Vehicle appearance and source evidence must be checked when this candidate launches."
"/assets/img/cars/hyundai/santa-fe/2010/hyundai-santa-fe-2010-hero.webp","cars","reserved-catalogue","data/cars/catalog-expansion-wave-1.csv#hyundai-santa-fe-2010","800","500","98444","e7757ac11c3641f66d601b4d83640c7d2e0c1951fb24f521fd619e5c8fef656a","","0","not-reviewed","false","","Image belongs to this exact make/model/year candidate. Current published price catalogue has no binding for this asset. Keep in the car catalogue intake shelf; do not invent a vehicle price or launch a route to consume it. Vehicle appearance and source evidence must be checked when this candidate launches."
"/assets/img/cars/hyundai/santa-fe/2013/hyundai-santa-fe-2013-hero.webp","cars","reserved-catalogue","data/cars/catalog-expansion-wave-1.csv#hyundai-santa-fe-2013","800","500","95780","f2eda206183665234c46e7859d2d6c0de1a937df872621bd597fdc50e340786a","","0","not-reviewed","false","","Image belongs to this exact make/model/year candidate. Current published price catalogue has no binding for this asset. Keep in the car catalogue intake shelf; do not invent a vehicle price or launch a route to consume it. Vehicle appearance and source evidence must be checked when this candidate launches."
"/assets/img/cars/hyundai/santa-fe/2016/hyundai-santa-fe-2016-hero.webp","cars","reserved-catalogue","data/cars/catalog-expansion-wave-1.csv#hyundai-santa-fe-2016","800","500","110058","dd6f0f5aa43e2000b020de2418f76a858c927aec85159c14380aaa813521775d","","0","not-reviewed","false","","Image belongs to this exact make/model/year candidate. Current published price catalogue has no binding for this asset. Keep in the car catalogue intake shelf; do not invent a vehicle price or launch a route to consume it. Vehicle appearance and source evidence must be checked when this candidate launches."
"/assets/img/cars/hyundai/santa-fe/2019/hyundai-santa-fe-2019-hero.webp","cars","reserved-catalogue","data/cars/catalog-expansion-wave-1.csv#hyundai-santa-fe-2019","800","500","81250","246efb8e67b5cdb078d50d804da1c1d934913aa55764548e94ad4d0577ae32d1","","0","not-reviewed","false","","Image belongs to this exact make/model/year candidate. Current published price catalogue has no binding for this asset. Keep in the car catalogue intake shelf; do not invent a vehicle price or launch a route to consume it. Vehicle appearance and source evidence must be checked when this candidate launches."
"/assets/img/cars/hyundai/santa-fe/2022/hyundai-santa-fe-2022-hero.webp","cars","reserved-catalogue","data/cars/catalog-expansion-wave-1.csv#hyundai-santa-fe-2022","800","500","85140","31f7fb0ec167785f9ac64c19ae6083f2d2b6115155be43ca8cef9e77f6865cbb","","0","not-reviewed","false","","Image belongs to this exact make/model/year candidate. Current published price catalogue has no binding for this asset. Keep in the car catalogue intake shelf; do not invent a vehicle price or launch a route to consume it. Vehicle appearance and source evidence must be checked when this candidate launches."
"/assets/img/cars/hyundai/tucson/2006/hyundai-tucson-2006-hero.webp","cars","reserved-catalogue","data/cars/catalog-expansion-wave-1.csv#hyundai-tucson-2006","800","500","97578","9b6157df9c4d721c5ccfa1057110cc6e0b90c741e7ff0b2712605dd0dd2a7b91","","0","not-reviewed","false","","Image belongs to this exact make/model/year candidate. Current published price catalogue has no binding for this asset. Keep in the car catalogue intake shelf; do not invent a vehicle price or launch a route to consume it. Vehicle appearance and source evidence must be checked when this candidate launches."
"/assets/img/cars/hyundai/tucson/2009/hyundai-tucson-2009-hero.webp","cars","reserved-catalogue","data/cars/catalog-expansion-wave-1.csv#hyundai-tucson-2009","800","500","96748","60908f58735e797d6e7a68af430de99de56d096408480b4e2efdd63af249f314","","0","not-reviewed","false","","Image belongs to this exact make/model/year candidate. Current published price catalogue has no binding for this asset. Keep in the car catalogue intake shelf; do not invent a vehicle price or launch a route to consume it. Vehicle appearance and source evidence must be checked when this candidate launches."
"/assets/img/cars/hyundai/tucson/2012/hyundai-tucson-2012-hero.webp","cars","reserved-catalogue","data/cars/catalog-expansion-wave-1.csv#hyundai-tucson-2012","800","500","83146","cfdacb398d0fa0a406522e57bda8f606d9d705cfa5d23897d0dca5c520722aee","","0","not-reviewed","false","","Image belongs to this exact make/model/year candidate. Current published price catalogue has no binding for this asset. Keep in the car catalogue intake shelf; do not invent a vehicle price or launch a route to consume it. Vehicle appearance and source evidence must be checked when this candidate launches."
"/assets/img/cars/hyundai/tucson/2015/hyundai-tucson-2015-hero.webp","cars","reserved-catalogue","data/cars/catalog-expansion-wave-1.csv#hyundai-tucson-2015","800","500","77388","d86e61197cdb441e09b2ade6283588410aab696d62802bf4abab4df946ed72c0","","0","not-reviewed","false","","Image belongs to this exact make/model/year candidate. Current published price catalogue has no binding for this asset. Keep in the car catalogue intake shelf; do not invent a vehicle price or launch a route to consume it. Vehicle appearance and source evidence must be checked when this candidate launches."
"/assets/img/cars/hyundai/tucson/2018/hyundai-tucson-2018-hero.webp","cars","reserved-catalogue","data/cars/catalog-expansion-wave-1.csv#hyundai-tucson-2018","800","500","101610","863e6ef48604019c600d80fc6ddf89cec80f09e010e08ca460eac3224c5997bf","","0","not-reviewed","false","","Image belongs to this exact make/model/year candidate. Current published price catalogue has no binding for this asset. Keep in the car catalogue intake shelf; do not invent a vehicle price or launch a route to consume it. Vehicle appearance and source evidence must be checked when this candidate launches."
"/assets/img/cars/hyundai/tucson/2020/hyundai-tucson-2020-hero.webp","cars","reserved-catalogue","data/cars/catalog-expansion-wave-1.csv#hyundai-tucson-2020","800","500","84338","3ade521930459da1e39d9c2516d276d2587761dca5981aa1fecf8f6cd60d67f5","","0","not-reviewed","false","","Image belongs to this exact make/model/year candidate. Current published price catalogue has no binding for this asset. Keep in the car catalogue intake shelf; do not invent a vehicle price or launch a route to consume it. Vehicle appearance and source evidence must be checked when this candidate launches."
"/assets/img/cars/hyundai/tucson/2023/hyundai-tucson-2023-hero.webp","cars","reserved-catalogue","data/cars/catalog-expansion-wave-1.csv#hyundai-tucson-2023","800","500","85806","a12b66bdbe6ff08331df4d2232813c7dde09c30d06842ea05cd7011b13465d42","","0","not-reviewed","false","","Image belongs to this exact make/model/year candidate. Current published price catalogue has no binding for this asset. Keep in the car catalogue intake shelf; do not invent a vehicle price or launch a route to consume it. Vehicle appearance and source evidence must be checked when this candidate launches."
"/assets/img/cars/kia/picanto-morning/2008/kia-picanto-morning-2008-hero.webp","cars","reserved-catalogue","data/cars/catalog-expansion-wave-1.csv#kia-picanto-morning-2008","800","500","88532","5ba782aad5487c4e3379c6755e10fe2f6e64fe94e84f625264cad315880d0a65","","0","not-reviewed","false","","Image belongs to this exact make/model/year candidate. Current published price catalogue has no binding for this asset. Keep in the car catalogue intake shelf; do not invent a vehicle price or launch a route to consume it. Vehicle appearance and source evidence must be checked when this candidate launches."
"/assets/img/cars/kia/picanto-morning/2011/kia-picanto-morning-2011-hero.webp","cars","reserved-catalogue","data/cars/catalog-expansion-wave-1.csv#kia-picanto-morning-2011","800","500","74118","9e2ce00858869908e2d5f20819c199065e9c8b583d0be2d006c62de5b94863b3","","0","not-reviewed","false","","Image belongs to this exact make/model/year candidate. Current published price catalogue has no binding for this asset. Keep in the car catalogue intake shelf; do not invent a vehicle price or launch a route to consume it. Vehicle appearance and source evidence must be checked when this candidate launches."
"/assets/img/cars/kia/picanto-morning/2014/kia-picanto-morning-2014-hero.webp","cars","reserved-catalogue","data/cars/catalog-expansion-wave-1.csv#kia-picanto-morning-2014","800","500","77466","80fe00bb672d2958d70a9ba190259437e571e7f2c0f8163610cecff97cd0f856","","0","not-reviewed","false","","Image belongs to this exact make/model/year candidate. Current published price catalogue has no binding for this asset. Keep in the car catalogue intake shelf; do not invent a vehicle price or launch a route to consume it. Vehicle appearance and source evidence must be checked when this candidate launches."
"/assets/img/cars/kia/picanto-morning/2017/kia-picanto-morning-2017-hero.webp","cars","reserved-catalogue","data/cars/catalog-expansion-wave-1.csv#kia-picanto-morning-2017","800","500","89204","4ff55aee92e1a029b2d37d404787428a18f2aadc94bbaae30f7d11c014f6c5bf","","0","not-reviewed","false","","Image belongs to this exact make/model/year candidate. Current published price catalogue has no binding for this asset. Keep in the car catalogue intake shelf; do not invent a vehicle price or launch a route to consume it. Vehicle appearance and source evidence must be checked when this candidate launches."
"/assets/img/cars/kia/picanto-morning/2020/kia-picanto-morning-2020-hero.webp","cars","reserved-catalogue","data/cars/catalog-expansion-wave-1.csv#kia-picanto-morning-2020","800","500","80140","c133a3bcd75a52a4622191d513b6766d416926ac246c13db0cde88854fef9b79","","0","not-reviewed","false","","Image belongs to this exact make/model/year candidate. Current published price catalogue has no binding for this asset. Keep in the car catalogue intake shelf; do not invent a vehicle price or launch a route to consume it. Vehicle appearance and source evidence must be checked when this candidate launches."
"/assets/img/cars/kia/picanto-morning/2023/kia-picanto-morning-2023-hero.webp","cars","reserved-catalogue","data/cars/catalog-expansion-wave-1.csv#kia-picanto-morning-2023","800","500","73464","ee817b217899d9671d690352e8ce2fc890f6254b676f743dd12b24ff6b89347e","","0","not-reviewed","false","","Image belongs to this exact make/model/year candidate. Current published price catalogue has no binding for this asset. Keep in the car catalogue intake shelf; do not invent a vehicle price or launch a route to consume it. Vehicle appearance and source evidence must be checked when this candidate launches."
"/assets/img/cars/kia/rio/2006/kia-rio-2006-hero.webp","cars","reserved-catalogue","data/cars/catalog-expansion-wave-1.csv#kia-rio-2006","800","500","73598","2539f95ffa8bbc0a55d3e48ac2d5a284aaeb4ee7a5063f99a7d6e5c9aaf739f5","","0","not-reviewed","false","","Image belongs to this exact make/model/year candidate. Current published price catalogue has no binding for this asset. Keep in the car catalogue intake shelf; do not invent a vehicle price or launch a route to consume it. Vehicle appearance and source evidence must be checked when this candidate launches."
"/assets/img/cars/kia/rio/2009/kia-rio-2009-hero.webp","cars","reserved-catalogue","data/cars/catalog-expansion-wave-1.csv#kia-rio-2009","800","500","75232","0b203ddaff5f1eb26fd8963b466623d8a478c88e849fb65bbec29d5d3307eb1d","","0","not-reviewed","false","","Image belongs to this exact make/model/year candidate. Current published price catalogue has no binding for this asset. Keep in the car catalogue intake shelf; do not invent a vehicle price or launch a route to consume it. Vehicle appearance and source evidence must be checked when this candidate launches."
"/assets/img/cars/kia/rio/2012/kia-rio-2012-hero.webp","cars","reserved-catalogue","data/cars/catalog-expansion-wave-1.csv#kia-rio-2012","800","500","82750","fc4276966fc1bc73e37a6f8fff64379ff8a10a6316a703b8fd828563e5eb2c71","","0","not-reviewed","false","","Image belongs to this exact make/model/year candidate. Current published price catalogue has no binding for this asset. Keep in the car catalogue intake shelf; do not invent a vehicle price or launch a route to consume it. Vehicle appearance and source evidence must be checked when this candidate launches."
"/assets/img/cars/kia/rio/2015/kia-rio-2015-hero.webp","cars","reserved-catalogue","data/cars/catalog-expansion-wave-1.csv#kia-rio-2015","800","500","99782","4a17957c4398c357de10ad04f0ea0c90276363b7a66dfcda8b6a4c4a728f362a","","0","not-reviewed","false","","Image belongs to this exact make/model/year candidate. Current published price catalogue has no binding for this asset. Keep in the car catalogue intake shelf; do not invent a vehicle price or launch a route to consume it. Vehicle appearance and source evidence must be checked when this candidate launches."
"/assets/img/cars/kia/rio/2018/kia-rio-2018-hero.webp","cars","reserved-catalogue","data/cars/catalog-expansion-wave-1.csv#kia-rio-2018","800","500","105716","4c75fe7aab86b7ef7ee3dedb1f76b5080a8f02e423cc402d3d8eee52c71e3440","","0","not-reviewed","false","","Image belongs to this exact make/model/year candidate. Current published price catalogue has no binding for this asset. Keep in the car catalogue intake shelf; do not invent a vehicle price or launch a route to consume it. Vehicle appearance and source evidence must be checked when this candidate launches."
"/assets/img/cars/kia/rio/2021/kia-rio-2021-hero.webp","cars","reserved-catalogue","data/cars/catalog-expansion-wave-1.csv#kia-rio-2021","800","500","82042","a580b940c564ca580dda6495b138a6f5f15ac72b945cba19a610483ea4e4189a","","0","not-reviewed","false","","Image belongs to this exact make/model/year candidate. Current published price catalogue has no binding for this asset. Keep in the car catalogue intake shelf; do not invent a vehicle price or launch a route to consume it. Vehicle appearance and source evidence must be checked when this candidate launches."
"/assets/img/cars/kia/sorento/2004/kia-sorento-2004-hero.webp","cars","reserved-catalogue","data/cars/catalog-expansion-wave-1.csv#kia-sorento-2004","800","500","86696","242b0a9670b8fa58978d50760b6dd3c64e2ea3f35a3bc61b9edc37cabe196633","","0","not-reviewed","false","","Image belongs to this exact make/model/year candidate. Current published price catalogue has no binding for this asset. Keep in the car catalogue intake shelf; do not invent a vehicle price or launch a route to consume it. Vehicle appearance and source evidence must be checked when this candidate launches."
"/assets/img/cars/kia/sorento/2007/kia-sorento-2007-hero.webp","cars","reserved-catalogue","data/cars/catalog-expansion-wave-1.csv#kia-sorento-2007","800","500","85374","80448cc6457313a2af718ad351fb1993043dd648b0118b173897594b5ceccb6e","","0","not-reviewed","false","","Image belongs to this exact make/model/year candidate. Current published price catalogue has no binding for this asset. Keep in the car catalogue intake shelf; do not invent a vehicle price or launch a route to consume it. Vehicle appearance and source evidence must be checked when this candidate launches."
"/assets/img/cars/kia/sorento/2010/kia-sorento-2010-hero.webp","cars","reserved-catalogue","data/cars/catalog-expansion-wave-1.csv#kia-sorento-2010","800","500","80646","f9b0a63344c57cae7cf2b1ac0055343266245e121b12a25322fe3f433654e1da","","0","not-reviewed","false","","Image belongs to this exact make/model/year candidate. Current published price catalogue has no binding for this asset. Keep in the car catalogue intake shelf; do not invent a vehicle price or launch a route to consume it. Vehicle appearance and source evidence must be checked when this candidate launches."
"/assets/img/cars/kia/sorento/2013/kia-sorento-2013-hero.webp","cars","reserved-catalogue","data/cars/catalog-expansion-wave-1.csv#kia-sorento-2013","800","500","79324","56cb2949f689d935881d77b43e7c0b0896a591ceabeb8dfa692ade0f779cd1f2","","0","not-reviewed","false","","Image belongs to this exact make/model/year candidate. Current published price catalogue has no binding for this asset. Keep in the car catalogue intake shelf; do not invent a vehicle price or launch a route to consume it. Vehicle appearance and source evidence must be checked when this candidate launches."
"/assets/img/cars/kia/sorento/2016/kia-sorento-2016-hero.webp","cars","reserved-catalogue","data/cars/catalog-expansion-wave-1.csv#kia-sorento-2016","800","500","82438","54a695542b5bc1266704fd675fd09afbbc1ad62dee7925959d8522f2b4f6160f","","0","not-reviewed","false","","Image belongs to this exact make/model/year candidate. Current published price catalogue has no binding for this asset. Keep in the car catalogue intake shelf; do not invent a vehicle price or launch a route to consume it. Vehicle appearance and source evidence must be checked when this candidate launches."
"/assets/img/cars/kia/sorento/2019/kia-sorento-2019-hero.webp","cars","reserved-catalogue","data/cars/catalog-expansion-wave-1.csv#kia-sorento-2019","800","500","71042","0b635359341facfd170f7013380d972207921a5f4057674153b76607837de3ec","","0","not-reviewed","false","","Image belongs to this exact make/model/year candidate. Current published price catalogue has no binding for this asset. Keep in the car catalogue intake shelf; do not invent a vehicle price or launch a route to consume it. Vehicle appearance and source evidence must be checked when this candidate launches."
"/assets/img/cars/kia/sorento/2022/kia-sorento-2022-hero.webp","cars","reserved-catalogue","data/cars/catalog-expansion-wave-1.csv#kia-sorento-2022","800","500","88582","f1d9c23d7709b71f8698941df72f7109a7de0b614cbc0c0d0c2be891d3373de8","","0","not-reviewed","false","","Image belongs to this exact make/model/year candidate. Current published price catalogue has no binding for this asset. Keep in the car catalogue intake shelf; do not invent a vehicle price or launch a route to consume it. Vehicle appearance and source evidence must be checked when this candidate launches."
"/assets/img/cars/kia/sportage/2005/kia-sportage-2005-hero.webp","cars","reserved-catalogue","data/cars/catalog-expansion-wave-1.csv#kia-sportage-2005","800","500","49826","078b7d6d5ea96290ad7a7fdf27868fe9b49221c0a9cc19132fea278aab2d6cb5","","0","not-reviewed","false","","Image belongs to this exact make/model/year candidate. Current published price catalogue has no binding for this asset. Keep in the car catalogue intake shelf; do not invent a vehicle price or launch a route to consume it. Vehicle appearance and source evidence must be checked when this candidate launches."
"/assets/img/cars/kia/sportage/2008/kia-sportage-2008-hero.webp","cars","reserved-catalogue","data/cars/catalog-expansion-wave-1.csv#kia-sportage-2008","800","500","97696","0fc76da80a76df2906c9cfa5ec13db5350b82ba6196b7556adb8648ecd8004f1","","0","not-reviewed","false","","Image belongs to this exact make/model/year candidate. Current published price catalogue has no binding for this asset. Keep in the car catalogue intake shelf; do not invent a vehicle price or launch a route to consume it. Vehicle appearance and source evidence must be checked when this candidate launches."
"/assets/img/cars/kia/sportage/2011/kia-sportage-2011-hero.webp","cars","reserved-catalogue","data/cars/catalog-expansion-wave-1.csv#kia-sportage-2011","800","500","57000","0518efc46a1184abe85801fc1772b2647024dc63f7b0ca0ccc5968d2f43e66b4","","0","not-reviewed","false","","Image belongs to this exact make/model/year candidate. Current published price catalogue has no binding for this asset. Keep in the car catalogue intake shelf; do not invent a vehicle price or launch a route to consume it. Vehicle appearance and source evidence must be checked when this candidate launches."
"/assets/img/cars/kia/sportage/2014/kia-sportage-2014-hero.webp","cars","reserved-catalogue","data/cars/catalog-expansion-wave-1.csv#kia-sportage-2014","800","500","52494","ed26cb5dd3b7d68d14c704f7873a6ee36dfd698c4d785caf553e745bad3eb4bf","","0","not-reviewed","false","","Image belongs to this exact make/model/year candidate. Current published price catalogue has no binding for this asset. Keep in the car catalogue intake shelf; do not invent a vehicle price or launch a route to consume it. Vehicle appearance and source evidence must be checked when this candidate launches."
"/assets/img/cars/kia/sportage/2017/kia-sportage-2017-hero.webp","cars","placed","data/cars/frozen-2026-05-13.json","800","500","58588","264aeda200525faedfeb64211e4869e40f22a7ff379742d908301c94df3037d6","","2","not-reviewed","false","en","Visual/text review pending; reference scan is not visual approval."
"/assets/img/cars/kia/sportage/2020/kia-sportage-2020-hero.webp","cars","reserved-catalogue","data/cars/catalog-expansion-wave-1.csv#kia-sportage-2020","800","500","47172","03181e77b68e9d05950dc25184836f4b2a5b2b361d1716050fc5d5fe1fec452c","","0","not-reviewed","false","","Image belongs to this exact make/model/year candidate. Current published price catalogue has no binding for this asset. Keep in the car catalogue intake shelf; do not invent a vehicle price or launch a route to consume it. Vehicle appearance and source evidence must be checked when this candidate launches."
"/assets/img/cars/kia/sportage/2023/kia-sportage-2023-hero.webp","cars","reserved-catalogue","data/cars/catalog-expansion-wave-1.csv#kia-sportage-2023","800","500","85664","8170d9450568d5818945ba44b6f2464956182916e88346915378ab8abdb8cfa3","","0","not-reviewed","false","","Image belongs to this exact make/model/year candidate. Current published price catalogue has no binding for this asset. Keep in the car catalogue intake shelf; do not invent a vehicle price or launch a route to consume it. Vehicle appearance and source evidence must be checked when this candidate launches."
"/assets/img/cars/lexus/es/2004/lexus-es-2004-hero.webp","cars","reserved-catalogue","data/cars/catalog-expansion-wave-1.csv#lexus-es-2004","800","500","79654","89da129b7aab6e6eb780d742a46c8f3b3896634d5c23d7db07eecc17d4aeaf0c","","0","not-reviewed","false","","Image belongs to this exact make/model/year candidate. Current published price catalogue has no binding for this asset. Keep in the car catalogue intake shelf; do not invent a vehicle price or launch a route to consume it. Vehicle appearance and source evidence must be checked when this candidate launches."
"/assets/img/cars/lexus/es/2007/lexus-es-2007-hero.webp","cars","reserved-catalogue","data/cars/catalog-expansion-wave-1.csv#lexus-es-2007","800","500","75302","05d766817278b7b361f6bbd6074b32c4f0faa7df6cf4cfabc05a758203bab57d","","0","not-reviewed","false","","Image belongs to this exact make/model/year candidate. Current published price catalogue has no binding for this asset. Keep in the car catalogue intake shelf; do not invent a vehicle price or launch a route to consume it. Vehicle appearance and source evidence must be checked when this candidate launches."
"/assets/img/cars/lexus/es/2010/lexus-es-2010-hero.webp","cars","reserved-catalogue","data/cars/catalog-expansion-wave-1.csv#lexus-es-2010","800","500","88048","cc226da179f74412c9c2e22ec5bb6d7f884db1a650875fd6d1a20db3b5873c1a","","0","not-reviewed","false","","Image belongs to this exact make/model/year candidate. Current published price catalogue has no binding for this asset. Keep in the car catalogue intake shelf; do not invent a vehicle price or launch a route to consume it. Vehicle appearance and source evidence must be checked when this candidate launches."
"/assets/img/cars/lexus/es/2013/lexus-es-2013-hero.webp","cars","reserved-catalogue","data/cars/catalog-expansion-wave-1.csv#lexus-es-2013","800","500","82204","c763c40fa9aa12195cb3df873e8da3df8fb38d2cd699d28458d9df1671e667c8","","0","not-reviewed","false","","Image belongs to this exact make/model/year candidate. Current published price catalogue has no binding for this asset. Keep in the car catalogue intake shelf; do not invent a vehicle price or launch a route to consume it. Vehicle appearance and source evidence must be checked when this candidate launches."
"/assets/img/cars/lexus/es/2016/lexus-es-2016-hero.webp","cars","placed","data/cars/frozen-2026-05-13.json","800","500","61812","b2816a517cf71c9ca4b1fcf2d3d20c1d2c8a7d877667adb19af55163c777ea9c","","2","not-reviewed","false","en","Visual/text review pending; reference scan is not visual approval."
"/assets/img/cars/lexus/es/2018/lexus-es-2018-hero.webp","cars","reserved-catalogue","data/cars/catalog-expansion-wave-1.csv#lexus-es-2018","800","500","97792","9c3c140a89e64a0a7d7ddeae337a03c37f73098f18be94d7bb91102dffc0b19d","","0","not-reviewed","false","","Image belongs to this exact make/model/year candidate. Current published price catalogue has no binding for this asset. Keep in the car catalogue intake shelf; do not invent a vehicle price or launch a route to consume it. Vehicle appearance and source evidence must be checked when this candidate launches."
"/assets/img/cars/lexus/es/2021/lexus-es-2021-hero.webp","cars","reserved-catalogue","data/cars/catalog-expansion-wave-1.csv#lexus-es-2021","800","500","70652","d806c35837898b95cb4f489660b4a858e3642a46ccb41917a1487691bcd05270","","0","not-reviewed","false","","Image belongs to this exact make/model/year candidate. Current published price catalogue has no binding for this asset. Keep in the car catalogue intake shelf; do not invent a vehicle price or launch a route to consume it. Vehicle appearance and source evidence must be checked when this candidate launches."
"/assets/img/cars/lexus/es/2023/lexus-es-2023-hero.webp","cars","reserved-catalogue","data/cars/catalog-expansion-wave-1.csv#lexus-es-2023","800","500","99094","22451e353722733b5d89b0e3477a5d14ead789aaeb8bc579bbea9a15d3ac8719","","0","not-reviewed","false","","Image belongs to this exact make/model/year candidate. Current published price catalogue has no binding for this asset. Keep in the car catalogue intake shelf; do not invent a vehicle price or launch a route to consume it. Vehicle appearance and source evidence must be checked when this candidate launches."
"/assets/img/cars/lexus/gx/2004/lexus-gx-2004-hero.webp","cars","reserved-catalogue","data/cars/catalog-expansion-wave-1.csv#lexus-gx-2004","800","500","81922","4f5c44656aac22ed5f0b33bc8c2d914c674f324a26425479cd6702fd41ed1d9e","","0","not-reviewed","false","","Image belongs to this exact make/model/year candidate. Current published price catalogue has no binding for this asset. Keep in the car catalogue intake shelf; do not invent a vehicle price or launch a route to consume it. Vehicle appearance and source evidence must be checked when this candidate launches."
"/assets/img/cars/lexus/gx/2008/lexus-gx-2008-hero.webp","cars","reserved-catalogue","data/cars/catalog-expansion-wave-1.csv#lexus-gx-2008","800","500","98652","0d18315d38151eec35d694367550e97317a58a32925fa9ba138da35934737830","","0","not-reviewed","false","","Image belongs to this exact make/model/year candidate. Current published price catalogue has no binding for this asset. Keep in the car catalogue intake shelf; do not invent a vehicle price or launch a route to consume it. Vehicle appearance and source evidence must be checked when this candidate launches."
"/assets/img/cars/lexus/gx/2010/lexus-gx-2010-hero.webp","cars","reserved-catalogue","data/cars/catalog-expansion-wave-1.csv#lexus-gx-2010","800","500","94064","8c3e7b265186e6e7debd71b3b8ceb0be72f26e0ee099409f151d6d2372981b7c","","0","not-reviewed","false","","Image belongs to this exact make/model/year candidate. Current published price catalogue has no binding for this asset. Keep in the car catalogue intake shelf; do not invent a vehicle price or launch a route to consume it. Vehicle appearance and source evidence must be checked when this candidate launches."
"/assets/img/cars/lexus/gx/2014/lexus-gx-2014-hero.webp","cars","reserved-catalogue","data/cars/catalog-expansion-wave-1.csv#lexus-gx-2014","800","500","57040","3c8639bf44fa3595dc8b1d345a1a74af162d6e88a81e87255495c9f9b9cbd7a1","","0","not-reviewed","false","","Image belongs to this exact make/model/year candidate. Current published price catalogue has no binding for this asset. Keep in the car catalogue intake shelf; do not invent a vehicle price or launch a route to consume it. Vehicle appearance and source evidence must be checked when this candidate launches."
"/assets/img/cars/lexus/gx/2017/lexus-gx-2017-hero.webp","cars","reserved-catalogue","data/cars/catalog-expansion-wave-1.csv#lexus-gx-2017","800","500","51720","64c7333880759ee0457d190a1ba1be7a05b0ef1fa1069b6592a4dc2dea04da8a","","0","not-reviewed","false","","Image belongs to this exact make/model/year candidate. Current published price catalogue has no binding for this asset. Keep in the car catalogue intake shelf; do not invent a vehicle price or launch a route to consume it. Vehicle appearance and source evidence must be checked when this candidate launches."
"/assets/img/cars/lexus/gx/2020/lexus-gx-2020-hero.webp","cars","reserved-catalogue","data/cars/catalog-expansion-wave-1.csv#lexus-gx-2020","800","500","60904","46d2d405cedf8e4bad82af96effd3852061220d2a3e5a58c7122f7d72b441114","","0","not-reviewed","false","","Image belongs to this exact make/model/year candidate. Current published price catalogue has no binding for this asset. Keep in the car catalogue intake shelf; do not invent a vehicle price or launch a route to consume it. Vehicle appearance and source evidence must be checked when this candidate launches."
"/assets/img/cars/lexus/gx/2023/lexus-gx-2023-hero.webp","cars","reserved-catalogue","data/cars/catalog-expansion-wave-1.csv#lexus-gx-2023","800","500","48312","0b49f62457c1ab8d8ca590e04dc30d07c3daa76392385f225d4fe2a9c6bcdfb2","","0","not-reviewed","false","","Image belongs to this exact make/model/year candidate. Current published price catalogue has no binding for this asset. Keep in the car catalogue intake shelf; do not invent a vehicle price or launch a route to consume it. Vehicle appearance and source evidence must be checked when this candidate launches."
"/assets/img/cars/lexus/nx/2015/lexus-nx-2015-hero.webp","cars","reserved-catalogue","data/cars/catalog-expansion-wave-1.csv#lexus-nx-2015","800","500","53566","f495901102422266b7e212e39832123e6172a441bcce8f6cae845c7fb47d504b","","0","not-reviewed","false","","Image belongs to this exact make/model/year candidate. Current published price catalogue has no binding for this asset. Keep in the car catalogue intake shelf; do not invent a vehicle price or launch a route to consume it. Vehicle appearance and source evidence must be checked when this candidate launches."
"/assets/img/cars/lexus/nx/2017/lexus-nx-2017-hero.webp","cars","reserved-catalogue","data/cars/catalog-expansion-wave-1.csv#lexus-nx-2017","800","500","51354","5ed21abc1a7d81d7324dfb06368a6f37aa15b5615a54baa639ab81bdff7214b3","","0","not-reviewed","false","","Image belongs to this exact make/model/year candidate. Current published price catalogue has no binding for this asset. Keep in the car catalogue intake shelf; do not invent a vehicle price or launch a route to consume it. Vehicle appearance and source evidence must be checked when this candidate launches."
"/assets/img/cars/lexus/nx/2019/lexus-nx-2019-hero.webp","cars","reserved-catalogue","data/cars/catalog-expansion-wave-1.csv#lexus-nx-2019","800","500","52964","1bfbf345e9f1b809f656250472255aeec4ebd6d41c9217bbbba52c70c21d9b1d","","0","not-reviewed","false","","Image belongs to this exact make/model/year candidate. Current published price catalogue has no binding for this asset. Keep in the car catalogue intake shelf; do not invent a vehicle price or launch a route to consume it. Vehicle appearance and source evidence must be checked when this candidate launches."
"/assets/img/cars/lexus/nx/2021/lexus-nx-2021-hero.webp","cars","reserved-catalogue","data/cars/catalog-expansion-wave-1.csv#lexus-nx-2021","800","500","57622","985371dd677c301e72b03c27f646cb9ef6757e212d7ea749f2dd2aa3b1aa675c","","0","not-reviewed","false","","Image belongs to this exact make/model/year candidate. Current published price catalogue has no binding for this asset. Keep in the car catalogue intake shelf; do not invent a vehicle price or launch a route to consume it. Vehicle appearance and source evidence must be checked when this candidate launches."
"/assets/img/cars/lexus/nx/2023/lexus-nx-2023-hero.webp","cars","reserved-catalogue","data/cars/catalog-expansion-wave-1.csv#lexus-nx-2023","800","500","57394","510a596282763e2211cc3645447e02c179c06787b3a467ec0d79e160afb23961","","0","not-reviewed","false","","Image belongs to this exact make/model/year candidate. Current published price catalogue has no binding for this asset. Keep in the car catalogue intake shelf; do not invent a vehicle price or launch a route to consume it. Vehicle appearance and source evidence must be checked when this candidate launches."
"/assets/img/cars/lexus/rx/2004/lexus-rx-2004-hero.webp","cars","reserved-catalogue","data/cars/catalog-expansion-wave-1.csv#lexus-rx-2004","800","500","75722","71aa2734b392bee752d0be5e562bed64f7a17cfc3ecc5ef0f4f56d8bb6f04bbd","","0","not-reviewed","false","","Image belongs to this exact make/model/year candidate. Current published price catalogue has no binding for this asset. Keep in the car catalogue intake shelf; do not invent a vehicle price or launch a route to consume it. Vehicle appearance and source evidence must be checked when this candidate launches."
"/assets/img/cars/lexus/rx/2007/lexus-rx-2007-hero.webp","cars","reserved-catalogue","data/cars/catalog-expansion-wave-1.csv#lexus-rx-2007","800","500","71168","d53a55eb60fd0c168f4dcb4af91eea950ab19b94407c8711b56ad8a2ed95a357","","0","not-reviewed","false","","Image belongs to this exact make/model/year candidate. Current published price catalogue has no binding for this asset. Keep in the car catalogue intake shelf; do not invent a vehicle price or launch a route to consume it. Vehicle appearance and source evidence must be checked when this candidate launches."
"/assets/img/cars/lexus/rx/2010/lexus-rx-2010-hero.webp","cars","reserved-catalogue","data/cars/catalog-expansion-wave-1.csv#lexus-rx-2010","800","500","41032","35b94a478b336abf1dd22c33d7948c5e730ab87f8b87b283d4fcc73575b1dd0c","","0","not-reviewed","false","","Image belongs to this exact make/model/year candidate. Current published price catalogue has no binding for this asset. Keep in the car catalogue intake shelf; do not invent a vehicle price or launch a route to consume it. Vehicle appearance and source evidence must be checked when this candidate launches."
"/assets/img/cars/lexus/rx/2013/lexus-rx-2013-hero.webp","cars","reserved-catalogue","data/cars/catalog-expansion-wave-1.csv#lexus-rx-2013","800","500","68476","9bdcffc76aa04b342fd868cb8c4e922ad28b9dc45585f8cb76ab44237e387735","","0","not-reviewed","false","","Image belongs to this exact make/model/year candidate. Current published price catalogue has no binding for this asset. Keep in the car catalogue intake shelf; do not invent a vehicle price or launch a route to consume it. Vehicle appearance and source evidence must be checked when this candidate launches."
"/assets/img/cars/lexus/rx/2016/lexus-rx-2016-hero.webp","cars","reserved-catalogue","data/cars/catalog-expansion-wave-1.csv#lexus-rx-2016","800","500","96034","2988f0774fa63c2cf14366fd9fe924d570c6f3aa92e675bc5d8612f2fab1c472","","0","not-reviewed","false","","Image belongs to this exact make/model/year candidate. Current published price catalogue has no binding for this asset. Keep in the car catalogue intake shelf; do not invent a vehicle price or launch a route to consume it. Vehicle appearance and source evidence must be checked when this candidate launches."
"/assets/img/cars/lexus/rx/2017/lexus-rx-2017-hero.webp","cars","placed","data/cars/frozen-2026-05-13.json","800","500","63684","9aaf0f1fd66a78a3131d95c8530697d035eb59fdf224d2c804e0a855f0266344","","2","not-reviewed","false","en","Visual/text review pending; reference scan is not visual approval."
"/assets/img/cars/lexus/rx/2018/lexus-rx-2018-hero.webp","cars","reserved-catalogue","data/cars/catalog-expansion-wave-1.csv#lexus-rx-2018","800","500","53308","f3ab415d9db9fa7d88f61d75c7e30d49cccf68d7bdc3ec0a6b3c9e82d5d5805b","","0","not-reviewed","false","","Image belongs to this exact make/model/year candidate. Current published price catalogue has no binding for this asset. Keep in the car catalogue intake shelf; do not invent a vehicle price or launch a route to consume it. Vehicle appearance and source evidence must be checked when this candidate launches."
"/assets/img/cars/lexus/rx/2020/lexus-rx-2020-hero.webp","cars","reserved-catalogue","data/cars/catalog-expansion-wave-1.csv#lexus-rx-2020","800","500","49984","27a530d1a9ddd752498f4cb7eb3fd4a1095839d8f70ce36f040b657612275e14","","0","not-reviewed","false","","Image belongs to this exact make/model/year candidate. Current published price catalogue has no binding for this asset. Keep in the car catalogue intake shelf; do not invent a vehicle price or launch a route to consume it. Vehicle appearance and source evidence must be checked when this candidate launches."
"/assets/img/cars/lexus/rx/2022/lexus-rx-2022-hero.webp","cars","reserved-catalogue","data/cars/catalog-expansion-wave-1.csv#lexus-rx-2022","800","500","48962","04526af9debe49e6eafbde97dd8abfde0516b4977bb20d35fffd24c5d802b306","","0","not-reviewed","false","","Image belongs to this exact make/model/year candidate. Current published price catalogue has no binding for this asset. Keep in the car catalogue intake shelf; do not invent a vehicle price or launch a route to consume it. Vehicle appearance and source evidence must be checked when this candidate launches."
"/assets/img/cars/mazda/atenza-mazda-6/2005/mazda-atenza-mazda-6-2005-hero.webp","cars","reserved-catalogue","data/cars/catalog-expansion-wave-1.csv#mazda-atenza-mazda-6-2005","800","500","32152","1fe69047776db85c8445230c54bb8cbe858e00155a3bea5969f79fa64e22f557","","0","not-reviewed","false","","Image belongs to this exact make/model/year candidate. Current published price catalogue has no binding for this asset. Keep in the car catalogue intake shelf; do not invent a vehicle price or launch a route to consume it. Vehicle appearance and source evidence must be checked when this candidate launches."
"/assets/img/cars/mazda/atenza-mazda-6/2008/mazda-atenza-mazda-6-2008-hero.webp","cars","reserved-catalogue","data/cars/catalog-expansion-wave-1.csv#mazda-atenza-mazda-6-2008","800","500","31084","f51bf365bbf4c235607f412f20421c60fc97f62364251c71c6fd33dbf7988a99","","0","not-reviewed","false","","Image belongs to this exact make/model/year candidate. Current published price catalogue has no binding for this asset. Keep in the car catalogue intake shelf; do not invent a vehicle price or launch a route to consume it. Vehicle appearance and source evidence must be checked when this candidate launches."
"/assets/img/cars/mazda/atenza-mazda-6/2011/mazda-atenza-mazda-6-2011-hero.webp","cars","reserved-catalogue","data/cars/catalog-expansion-wave-1.csv#mazda-atenza-mazda-6-2011","800","500","25692","959faf32c31d11887459335b5f363492470b2ef8b4f80b6e5e573cdb8d926671","","0","not-reviewed","false","","Image belongs to this exact make/model/year candidate. Current published price catalogue has no binding for this asset. Keep in the car catalogue intake shelf; do not invent a vehicle price or launch a route to consume it. Vehicle appearance and source evidence must be checked when this candidate launches."
"/assets/img/cars/mazda/atenza-mazda-6/2014/mazda-atenza-mazda-6-2014-hero.webp","cars","reserved-catalogue","data/cars/catalog-expansion-wave-1.csv#mazda-atenza-mazda-6-2014","800","500","50494","29f24959d7527b51e8fd97aeee71594878bcc9bb4c74bf4283b44a2a373d2d92","","0","not-reviewed","false","","Image belongs to this exact make/model/year candidate. Current published price catalogue has no binding for this asset. Keep in the car catalogue intake shelf; do not invent a vehicle price or launch a route to consume it. Vehicle appearance and source evidence must be checked when this candidate launches."
"/assets/img/cars/mazda/atenza-mazda-6/2017/mazda-atenza-mazda-6-2017-hero.webp","cars","reserved-catalogue","data/cars/catalog-expansion-wave-1.csv#mazda-atenza-mazda-6-2017","800","500","41944","ddb8025dc6ba399dc7c7558c6e426385e549da6e64fb005afde8078e4b753514","","0","not-reviewed","false","","Image belongs to this exact make/model/year candidate. Current published price catalogue has no binding for this asset. Keep in the car catalogue intake shelf; do not invent a vehicle price or launch a route to consume it. Vehicle appearance and source evidence must be checked when this candidate launches."
"/assets/img/cars/mazda/atenza-mazda-6/2020/mazda-atenza-mazda-6-2020-hero.webp","cars","reserved-catalogue","data/cars/catalog-expansion-wave-1.csv#mazda-atenza-mazda-6-2020","800","500","40356","d5373b437c5e1b185b6de9aa83779fab59c11fab9e1df18df06afe3276b61cdc","","0","not-reviewed","false","","Image belongs to this exact make/model/year candidate. Current published price catalogue has no binding for this asset. Keep in the car catalogue intake shelf; do not invent a vehicle price or launch a route to consume it. Vehicle appearance and source evidence must be checked when this candidate launches."
"/assets/img/cars/mazda/bt-50/2008/mazda-bt-50-2008-hero.webp","cars","reserved-catalogue","data/cars/catalog-expansion-wave-1.csv#mazda-bt-50-2008","800","500","31862","20576524127764dd442a8ba162a2a4d64835090ed3f8685f77edd2bcff1de160","","0","not-reviewed","false","","Image belongs to this exact make/model/year candidate. Current published price catalogue has no binding for this asset. Keep in the car catalogue intake shelf; do not invent a vehicle price or launch a route to consume it. Vehicle appearance and source evidence must be checked when this candidate launches."
"/assets/img/cars/mazda/bt-50/2012/mazda-bt-50-2012-hero.webp","cars","reserved-catalogue","data/cars/catalog-expansion-wave-1.csv#mazda-bt-50-2012","800","500","37780","16521a64cdbc86e25d365205e08ba5d40762127b99acd4194915d08c0fd54736","","0","not-reviewed","false","","Image belongs to this exact make/model/year candidate. Current published price catalogue has no binding for this asset. Keep in the car catalogue intake shelf; do not invent a vehicle price or launch a route to consume it. Vehicle appearance and source evidence must be checked when this candidate launches."
"/assets/img/cars/mazda/bt-50/2015/mazda-bt-50-2015-hero.webp","cars","reserved-catalogue","data/cars/catalog-expansion-wave-1.csv#mazda-bt-50-2015","800","500","35386","1a85c48a281c1c0101503a03dd35ad626624d54316d2f9edd5cd73fb033e53f6","","0","not-reviewed","false","","Image belongs to this exact make/model/year candidate. Current published price catalogue has no binding for this asset. Keep in the car catalogue intake shelf; do not invent a vehicle price or launch a route to consume it. Vehicle appearance and source evidence must be checked when this candidate launches."
"/assets/img/cars/mazda/bt-50/2018/mazda-bt-50-2018-hero.webp","cars","reserved-catalogue","data/cars/catalog-expansion-wave-1.csv#mazda-bt-50-2018","800","500","44230","6ba38b7ebff06006d09b7ae5f19a283f117a4571c982da74348020c9bde6df8d","","0","not-reviewed","false","","Image belongs to this exact make/model/year candidate. Current published price catalogue has no binding for this asset. Keep in the car catalogue intake shelf; do not invent a vehicle price or launch a route to consume it. Vehicle appearance and source evidence must be checked when this candidate launches."
"/assets/img/cars/mazda/bt-50/2021/mazda-bt-50-2021-hero.webp","cars","reserved-catalogue","data/cars/catalog-expansion-wave-1.csv#mazda-bt-50-2021","800","500","42326","a94fbc95c58497962cd972962ed22a34e06d2b0e8bae3cf37f123dc9afa35f97","","0","not-reviewed","false","","Image belongs to this exact make/model/year candidate. Current published price catalogue has no binding for this asset. Keep in the car catalogue intake shelf; do not invent a vehicle price or launch a route to consume it. Vehicle appearance and source evidence must be checked when this candidate launches."
"/assets/img/cars/mazda/bt-50/2024/mazda-bt-50-2024-hero.webp","cars","reserved-catalogue","data/cars/catalog-expansion-wave-1.csv#mazda-bt-50-2024","800","500","45234","39ebd01195223eb484cd15d9cdf6118e5f92b3a1eb95f0e2bdf781534fcbc7e9","","0","not-reviewed","false","","Image belongs to this exact make/model/year candidate. Current published price catalogue has no binding for this asset. Keep in the car catalogue intake shelf; do not invent a vehicle price or launch a route to consume it. Vehicle appearance and source evidence must be checked when this candidate launches."
"/assets/img/cars/mazda/cx-5/2012/mazda-cx-5-2012-hero.webp","cars","reserved-catalogue","data/cars/catalog-expansion-wave-1.csv#mazda-cx-5-2012","800","500","54822","8bff1c282ca78e90c520605c665888cb208df0fe5952146104031addf18ffc04","","0","not-reviewed","false","","Image belongs to this exact make/model/year candidate. Current published price catalogue has no binding for this asset. Keep in the car catalogue intake shelf; do not invent a vehicle price or launch a route to consume it. Vehicle appearance and source evidence must be checked when this candidate launches."
"/assets/img/cars/mazda/cx-5/2014/mazda-cx-5-2014-hero.webp","cars","reserved-catalogue","data/cars/catalog-expansion-wave-1.csv#mazda-cx-5-2014","800","500","43574","480f637320440319fc0b91d5b69f15d99149c6516306b5174e67c4100897834a","","0","not-reviewed","false","","Image belongs to this exact make/model/year candidate. Current published price catalogue has no binding for this asset. Keep in the car catalogue intake shelf; do not invent a vehicle price or launch a route to consume it. Vehicle appearance and source evidence must be checked when this candidate launches."
"/assets/img/cars/mazda/cx-5/2016/mazda-cx-5-2016-hero.webp","cars","reserved-catalogue","data/cars/catalog-expansion-wave-1.csv#mazda-cx-5-2016","800","500","39118","bd3cbb0141c255b52e72fb300714f9c7eebf81b14febcbc460cf6c357801a5bd","","0","not-reviewed","false","","Image belongs to this exact make/model/year candidate. Current published price catalogue has no binding for this asset. Keep in the car catalogue intake shelf; do not invent a vehicle price or launch a route to consume it. Vehicle appearance and source evidence must be checked when this candidate launches."
"/assets/img/cars/mazda/cx-5/2018/mazda-cx-5-2018-hero.webp","cars","reserved-catalogue","data/cars/catalog-expansion-wave-1.csv#mazda-cx-5-2018","800","500","39864","512d163abe668869c6d85fc5a4d0b707ea24a9b7172717a2341d5d420f026442","","0","not-reviewed","false","","Image belongs to this exact make/model/year candidate. Current published price catalogue has no binding for this asset. Keep in the car catalogue intake shelf; do not invent a vehicle price or launch a route to consume it. Vehicle appearance and source evidence must be checked when this candidate launches."
"/assets/img/cars/mazda/cx-5/2020/mazda-cx-5-2020-hero.webp","cars","reserved-catalogue","data/cars/catalog-expansion-wave-1.csv#mazda-cx-5-2020","800","500","51034","c6cfecffb9964cc046d530ce766086ab7748026def66cd304cc44199f38d82bc","","0","not-reviewed","false","","Image belongs to this exact make/model/year candidate. Current published price catalogue has no binding for this asset. Keep in the car catalogue intake shelf; do not invent a vehicle price or launch a route to consume it. Vehicle appearance and source evidence must be checked when this candidate launches."
"/assets/img/cars/mazda/cx-5/2022/mazda-cx-5-2022-hero.webp","cars","reserved-catalogue","data/cars/catalog-expansion-wave-1.csv#mazda-cx-5-2022","800","500","41440","170612e30798e5d48027ab933bedfa99b90d07bf40c691c62765f8be070ca298","","0","not-reviewed","false","","Image belongs to this exact make/model/year candidate. Current published price catalogue has no binding for this asset. Keep in the car catalogue intake shelf; do not invent a vehicle price or launch a route to consume it. Vehicle appearance and source evidence must be checked when this candidate launches."
"/assets/img/cars/mazda/cx-5/2024/mazda-cx-5-2024-hero.webp","cars","reserved-catalogue","data/cars/catalog-expansion-wave-1.csv#mazda-cx-5-2024","800","500","32304","ede00c127526a715815a8e5c68f86ce6d7b1cc99b47e1f5e5114afd0c287c16e","","0","not-reviewed","false","","Image belongs to this exact make/model/year candidate. Current published price catalogue has no binding for this asset. Keep in the car catalogue intake shelf; do not invent a vehicle price or launch a route to consume it. Vehicle appearance and source evidence must be checked when this candidate launches."
"/assets/img/cars/mazda/demio/2005/mazda-demio-2005-hero.webp","cars","reserved-catalogue","data/cars/catalog-expansion-wave-1.csv#mazda-demio-2005","800","500","37816","179580e8c0fb1c560c0da543857be69c15863c7856049c0c5263c2e4fc900697","","0","not-reviewed","false","","Image belongs to this exact make/model/year candidate. Current published price catalogue has no binding for this asset. Keep in the car catalogue intake shelf; do not invent a vehicle price or launch a route to consume it. Vehicle appearance and source evidence must be checked when this candidate launches."
"/assets/img/cars/mazda/demio/2008/mazda-demio-2008-hero.webp","cars","reserved-catalogue","data/cars/catalog-expansion-wave-1.csv#mazda-demio-2008","800","500","32838","d5cd8c8254612db8a24a1f3bf2ad555ce78f19b3de9ac452f21904ccbaccae1b","","0","not-reviewed","false","","Image belongs to this exact make/model/year candidate. Current published price catalogue has no binding for this asset. Keep in the car catalogue intake shelf; do not invent a vehicle price or launch a route to consume it. Vehicle appearance and source evidence must be checked when this candidate launches."
"/assets/img/cars/mazda/demio/2011/mazda-demio-2011-hero.webp","cars","reserved-catalogue","data/cars/catalog-expansion-wave-1.csv#mazda-demio-2011","800","500","46012","c8a5acb29f135b39726336158aefea3c4364cc8fb5aeb4aa799bebd9bd95a720","","0","not-reviewed","false","","Image belongs to this exact make/model/year candidate. Current published price catalogue has no binding for this asset. Keep in the car catalogue intake shelf; do not invent a vehicle price or launch a route to consume it. Vehicle appearance and source evidence must be checked when this candidate launches."
"/assets/img/cars/mazda/demio/2014/mazda-demio-2014-hero.webp","cars","reserved-catalogue","data/cars/catalog-expansion-wave-1.csv#mazda-demio-2014","800","500","61798","0a157ac1017d10803376f32d2adeb38d0b038ab86658f1e7dd11460cc1fdacf7","","0","not-reviewed","false","","Image belongs to this exact make/model/year candidate. Current published price catalogue has no binding for this asset. Keep in the car catalogue intake shelf; do not invent a vehicle price or launch a route to consume it. Vehicle appearance and source evidence must be checked when this candidate launches."
"/assets/img/cars/mazda/demio/2017/mazda-demio-2017-hero.webp","cars","placed","data/cars/frozen-2026-05-13.json","800","450","97558","38592be42181c9bf99e636510ec6c0334ec5acac4f81ed1296f29553f292a11f","","2","not-reviewed","false","en","Visual/text review pending; reference scan is not visual approval."
"/assets/img/cars/mazda/demio/2020/mazda-demio-2020-hero.webp","cars","reserved-catalogue","data/cars/catalog-expansion-wave-1.csv#mazda-demio-2020","800","500","40940","2088317aeb447a5927c1a2715b6b3963b57056f92f0727276e511791888f0e2e","","0","not-reviewed","false","","Image belongs to this exact make/model/year candidate. Current published price catalogue has no binding for this asset. Keep in the car catalogue intake shelf; do not invent a vehicle price or launch a route to consume it. Vehicle appearance and source evidence must be checked when this candidate launches."
"/assets/img/cars/mazda/demio/2022/mazda-demio-2022-hero.webp","cars","reserved-catalogue","data/cars/catalog-expansion-wave-1.csv#mazda-demio-2022","800","500","56120","7a752f4a066eea91b39eadfad6aa462f1e2a7784de75b4494d153271f9dc2011","","0","not-reviewed","false","","Image belongs to this exact make/model/year candidate. Current published price catalogue has no binding for this asset. Keep in the car catalogue intake shelf; do not invent a vehicle price or launch a route to consume it. Vehicle appearance and source evidence must be checked when this candidate launches."
"/assets/img/cars/mercedes-benz/c-class/2004/mercedes-benz-c-class-2004-hero.webp","cars","reserved-catalogue","data/cars/catalog-expansion-wave-1.csv#mercedes-benz-c-class-2004","800","500","60566","2d0643a9f77c568fe6fc041b6ccc988dd95c0644c47a111b0abd07b9395469c1","","0","not-reviewed","false","","Image belongs to this exact make/model/year candidate. Current published price catalogue has no binding for this asset. Keep in the car catalogue intake shelf; do not invent a vehicle price or launch a route to consume it. Vehicle appearance and source evidence must be checked when this candidate launches."
"/assets/img/cars/mercedes-benz/c-class/2007/mercedes-benz-c-class-2007-hero.webp","cars","reserved-catalogue","data/cars/catalog-expansion-wave-1.csv#mercedes-benz-c-class-2007","800","500","67014","a2d90ddf4f75f730256b41055aafd2f0c63a442ad7033fc7ac3b2154ed1d8ccc","","0","not-reviewed","false","","Image belongs to this exact make/model/year candidate. Current published price catalogue has no binding for this asset. Keep in the car catalogue intake shelf; do not invent a vehicle price or launch a route to consume it. Vehicle appearance and source evidence must be checked when this candidate launches."
"/assets/img/cars/mercedes-benz/c-class/2010/mercedes-benz-c-class-2010-hero.webp","cars","reserved-catalogue","data/cars/catalog-expansion-wave-1.csv#mercedes-benz-c-class-2010","800","500","76324","d2ddf7d8d2c1022e6756830ded5259eafd23a79c75ffc5e6f87da1bcb31f6903","","0","not-reviewed","false","","Image belongs to this exact make/model/year candidate. Current published price catalogue has no binding for this asset. Keep in the car catalogue intake shelf; do not invent a vehicle price or launch a route to consume it. Vehicle appearance and source evidence must be checked when this candidate launches."
"/assets/img/cars/mercedes-benz/c-class/2013/mercedes-benz-c-class-2013-hero.webp","cars","reserved-catalogue","data/cars/catalog-expansion-wave-1.csv#mercedes-benz-c-class-2013","800","500","61456","3f3fec40edbce9a74f1b8eb3633ad4f17f49f7ef25eadd55e0c487466698c8a6","","0","not-reviewed","false","","Image belongs to this exact make/model/year candidate. Current published price catalogue has no binding for this asset. Keep in the car catalogue intake shelf; do not invent a vehicle price or launch a route to consume it. Vehicle appearance and source evidence must be checked when this candidate launches."
"/assets/img/cars/mercedes-benz/c-class/2016/mercedes-c-class-2016-hero.webp","cars","placed","data/cars/frozen-2026-05-13.json","800","450","82908","1c29a88fba60ef79de8e0106b2ecf180b5941230a2959987377b62a50e424273","","2","not-reviewed","false","en","Visual/text review pending; reference scan is not visual approval."
"/assets/img/cars/mercedes-benz/c-class/2018/mercedes-benz-c-class-2018-hero.webp","cars","reserved-catalogue","data/cars/catalog-expansion-wave-1.csv#mercedes-benz-c-class-2018","800","500","81384","ba729854c3fb1b15bafc11745d3cf7862ac4730702c34273dd1f0b5a876ed034","","0","not-reviewed","false","","Image belongs to this exact make/model/year candidate. Current published price catalogue has no binding for this asset. Keep in the car catalogue intake shelf; do not invent a vehicle price or launch a route to consume it. Vehicle appearance and source evidence must be checked when this candidate launches."
"/assets/img/cars/mercedes-benz/c-class/2020/mercedes-benz-c-class-2020-hero.webp","cars","reserved-catalogue","data/cars/catalog-expansion-wave-1.csv#mercedes-benz-c-class-2020","800","500","46528","44fcf737127d358fa9fb9d28834642cc91b5e5679b5293e9b6cb604e769923dd","","0","not-reviewed","false","","Image belongs to this exact make/model/year candidate. Current published price catalogue has no binding for this asset. Keep in the car catalogue intake shelf; do not invent a vehicle price or launch a route to consume it. Vehicle appearance and source evidence must be checked when this candidate launches."
"/assets/img/cars/mercedes-benz/c-class/2022/mercedes-benz-c-class-2022-hero.webp","cars","reserved-catalogue","data/cars/catalog-expansion-wave-1.csv#mercedes-benz-c-class-2022","800","500","61886","c07ad3de876a927a7f9e918cc5f4fdddccd0d7e376c3d20ee2b6ae79c67bf2b2","","0","not-reviewed","false","","Image belongs to this exact make/model/year candidate. Current published price catalogue has no binding for this asset. Keep in the car catalogue intake shelf; do not invent a vehicle price or launch a route to consume it. Vehicle appearance and source evidence must be checked when this candidate launches."
"/assets/img/cars/mercedes-benz/e-class/2004/mercedes-benz-e-class-2004-hero.webp","cars","reserved-catalogue","data/cars/catalog-expansion-wave-1.csv#mercedes-benz-e-class-2004","800","500","86092","d1ca5016ae5ad4ab3727fc0f4056ae20544d5b898f6f750c8b5689ecb1030e7a","","0","not-reviewed","false","","Image belongs to this exact make/model/year candidate. Current published price catalogue has no binding for this asset. Keep in the car catalogue intake shelf; do not invent a vehicle price or launch a route to consume it. Vehicle appearance and source evidence must be checked when this candidate launches."
"/assets/img/cars/mercedes-benz/e-class/2007/mercedes-benz-e-class-2007-hero.webp","cars","reserved-catalogue","data/cars/catalog-expansion-wave-1.csv#mercedes-benz-e-class-2007","800","500","46782","0171ef453c4aebf993f8ea4229087cf5727dbbba332b8290b33428b95644ce08","","0","not-reviewed","false","","Image belongs to this exact make/model/year candidate. Current published price catalogue has no binding for this asset. Keep in the car catalogue intake shelf; do not invent a vehicle price or launch a route to consume it. Vehicle appearance and source evidence must be checked when this candidate launches."
"/assets/img/cars/mercedes-benz/e-class/2010/mercedes-benz-e-class-2010-hero.webp","cars","reserved-catalogue","data/cars/catalog-expansion-wave-1.csv#mercedes-benz-e-class-2010","800","500","38216","71875385eadc03947755fa22a77a8f6988250ff57ce0648949f2ca280e28bd08","","0","not-reviewed","false","","Image belongs to this exact make/model/year candidate. Current published price catalogue has no binding for this asset. Keep in the car catalogue intake shelf; do not invent a vehicle price or launch a route to consume it. Vehicle appearance and source evidence must be checked when this candidate launches."
"/assets/img/cars/mercedes-benz/e-class/2013/mercedes-benz-e-class-2013-hero.webp","cars","reserved-catalogue","data/cars/catalog-expansion-wave-1.csv#mercedes-benz-e-class-2013","800","500","105324","e13d708d9c1c7ba384fb94de74ac9f826e03409157c1127737ac3959cb3972eb","","0","not-reviewed","false","","Image belongs to this exact make/model/year candidate. Current published price catalogue has no binding for this asset. Keep in the car catalogue intake shelf; do not invent a vehicle price or launch a route to consume it. Vehicle appearance and source evidence must be checked when this candidate launches."
"/assets/img/cars/mercedes-benz/e-class/2016/mercedes-benz-e-class-2016-hero.webp","cars","reserved-catalogue","data/cars/catalog-expansion-wave-1.csv#mercedes-benz-e-class-2016","800","500","55936","16aafdda5a0f8a19e65420aa1cd0506e2fce190938bda94dcf3b661e64598ec5","","0","not-reviewed","false","","Image belongs to this exact make/model/year candidate. Current published price catalogue has no binding for this asset. Keep in the car catalogue intake shelf; do not invent a vehicle price or launch a route to consume it. Vehicle appearance and source evidence must be checked when this candidate launches."
"/assets/img/cars/mercedes-benz/e-class/2017/mercedes-e-class-2017-hero.webp","cars","placed","data/cars/frozen-2026-05-13.json","800","450","108466","ff5b53c9305b78d5a9aaebae2b93fdf072f4358ff2da9e307421d460d8a324a5","","2","not-reviewed","false","en","Visual/text review pending; reference scan is not visual approval."
"/assets/img/cars/mercedes-benz/e-class/2020/mercedes-benz-e-class-2020-hero.webp","cars","reserved-catalogue","data/cars/catalog-expansion-wave-1.csv#mercedes-benz-e-class-2020","800","500","61150","b8d6110fdb0ac1a0a78d3c7d1ddf7c74e0108dc9106e088ab17b3775c44bc554","","0","not-reviewed","false","","Image belongs to this exact make/model/year candidate. Current published price catalogue has no binding for this asset. Keep in the car catalogue intake shelf; do not invent a vehicle price or launch a route to consume it. Vehicle appearance and source evidence must be checked when this candidate launches."
"/assets/img/cars/mercedes-benz/e-class/2023/mercedes-benz-e-class-2023-hero.webp","cars","reserved-catalogue","data/cars/catalog-expansion-wave-1.csv#mercedes-benz-e-class-2023","800","500","67322","02e3af3ebb6aa0ad696b06dbf0b3a060604e155040d4a129c798995f43a911eb","","0","not-reviewed","false","","Image belongs to this exact make/model/year candidate. Current published price catalogue has no binding for this asset. Keep in the car catalogue intake shelf; do not invent a vehicle price or launch a route to consume it. Vehicle appearance and source evidence must be checked when this candidate launches."
"/assets/img/cars/mercedes-benz/g-wagon/2022/mercedes-g-wagon-2022-hero.webp","cars","placed","data/cars/frozen-2026-05-13.json","800","450","81392","b4157184e791b27e7cc517a77a60f14d2a38c3d5a35a4044e11e3a784a6d79c1","","2","not-reviewed","false","en","Visual/text review pending; reference scan is not visual approval."
"/assets/img/cars/nissan/x-trail/2004/nissan-x-trail-2004-hero.webp","cars","reserved-catalogue","data/cars/catalog-expansion-wave-1.csv#nissan-x-trail-2004","800","500","57700","d8555901be5ebf1f1bb62115c3f37ccda333a37d8668fc152820cf791271c74b","","0","not-reviewed","false","","Image belongs to this exact make/model/year candidate. Current published price catalogue has no binding for this asset. Keep in the car catalogue intake shelf; do not invent a vehicle price or launch a route to consume it. Vehicle appearance and source evidence must be checked when this candidate launches."
"/assets/img/cars/nissan/x-trail/2007/nissan-x-trail-2007-hero.webp","cars","reserved-catalogue","data/cars/catalog-expansion-wave-1.csv#nissan-x-trail-2007","800","500","79144","70c3dce80ba0f9852c7188e036ef4ffb20ba0531efc80c9543f8bccbde898fa5","","0","not-reviewed","false","","Image belongs to this exact make/model/year candidate. Current published price catalogue has no binding for this asset. Keep in the car catalogue intake shelf; do not invent a vehicle price or launch a route to consume it. Vehicle appearance and source evidence must be checked when this candidate launches."
"/assets/img/cars/nissan/x-trail/2013/nissan-x-trail-2013-hero.webp","cars","reserved-catalogue","data/cars/catalog-expansion-wave-1.csv#nissan-x-trail-2013","800","500","91690","e0c75098853995bc41b6db0a46cf51cad023437a80e77445b61fa39f2f42f0ea","","0","not-reviewed","false","","Image belongs to this exact make/model/year candidate. Current published price catalogue has no binding for this asset. Keep in the car catalogue intake shelf; do not invent a vehicle price or launch a route to consume it. Vehicle appearance and source evidence must be checked when this candidate launches."
"/assets/img/cars/nissan/x-trail/2015/nissan-x-trail-2015-hero.webp","cars","placed","data/cars/frozen-2026-05-13.json","800","450","79224","0efef08f51ce27e0e91ddacd513deff072d0fabebbc81379d2d1b1f0eb35223e","","2","not-reviewed","false","en","Visual/text review pending; reference scan is not visual approval."
"/assets/img/cars/nissan/x-trail/2020/nissan-x-trail-2020-hero.webp","cars","reserved-catalogue","data/cars/catalog-expansion-wave-1.csv#nissan-x-trail-2020","800","500","81096","b3d73b197ee4220e4b804c3ae9dc3676ee83d86ac2b8d8e40fc5dab4deefc663","","0","not-reviewed","false","","Image belongs to this exact make/model/year candidate. Current published price catalogue has no binding for this asset. Keep in the car catalogue intake shelf; do not invent a vehicle price or launch a route to consume it. Vehicle appearance and source evidence must be checked when this candidate launches."
"/assets/img/cars/nissan/x-trail/2023/nissan-x-trail-2023-hero.webp","cars","reserved-catalogue","data/cars/catalog-expansion-wave-1.csv#nissan-x-trail-2023","800","500","96988","7c4d09f7c30b06b5d21f3893175b40536ae470ad0bcccfe204000e5c92f6d35d","","0","not-reviewed","false","","Image belongs to this exact make/model/year candidate. Current published price catalogue has no binding for this asset. Keep in the car catalogue intake shelf; do not invent a vehicle price or launch a route to consume it. Vehicle appearance and source evidence must be checked when this candidate launches."
"/assets/img/cars/subaru/forester/2007/subaru-forester-2007-hero.webp","cars","reserved-catalogue","data/cars/catalog-expansion-wave-1.csv#subaru-forester-2007","800","500","39886","6b10da073e10d904b0d3642f6ca71651fabc1cac105face62abd70d75b718151","","0","not-reviewed","false","","Image belongs to this exact make/model/year candidate. Current published price catalogue has no binding for this asset. Keep in the car catalogue intake shelf; do not invent a vehicle price or launch a route to consume it. Vehicle appearance and source evidence must be checked when this candidate launches."
"/assets/img/cars/subaru/forester/2013/subaru-forester-2013-hero.webp","cars","reserved-catalogue","data/cars/catalog-expansion-wave-1.csv#subaru-forester-2013","800","500","56254","c29b39656bbce33a885e69c31507c716c34d7a8ed58b6d26e408aa54d683c38e","","0","not-reviewed","false","","Image belongs to this exact make/model/year candidate. Current published price catalogue has no binding for this asset. Keep in the car catalogue intake shelf; do not invent a vehicle price or launch a route to consume it. Vehicle appearance and source evidence must be checked when this candidate launches."
"/assets/img/cars/subaru/forester/2016/subaru-forester-2016-hero.webp","cars","reserved-catalogue","data/cars/catalog-expansion-wave-1.csv#subaru-forester-2016","800","500","58122","0972b197e9168f30a49e49ea517b98ba2b12ea22ea6fe1a921574bee097c9163","","0","not-reviewed","false","","Image belongs to this exact make/model/year candidate. Current published price catalogue has no binding for this asset. Keep in the car catalogue intake shelf; do not invent a vehicle price or launch a route to consume it. Vehicle appearance and source evidence must be checked when this candidate launches."
"/assets/img/cars/subaru/forester/2019/subaru-forester-2019-hero.webp","cars","reserved-catalogue","data/cars/catalog-expansion-wave-1.csv#subaru-forester-2019","800","500","45416","836b626cb914a5d3f75d08f02a076ab8c76df72e135d71ac53601786cd6c043d","","0","not-reviewed","false","","Image belongs to this exact make/model/year candidate. Current published price catalogue has no binding for this asset. Keep in the car catalogue intake shelf; do not invent a vehicle price or launch a route to consume it. Vehicle appearance and source evidence must be checked when this candidate launches."
"/assets/img/cars/subaru/forester/2022/subaru-forester-2022-hero.webp","cars","reserved-catalogue","data/cars/catalog-expansion-wave-1.csv#subaru-forester-2022","800","500","82176","6a4deb1071d78118477c8accc43669301eb0401b7c2442d95a983ebcd96028a2","","0","not-reviewed","false","","Image belongs to this exact make/model/year candidate. Current published price catalogue has no binding for this asset. Keep in the car catalogue intake shelf; do not invent a vehicle price or launch a route to consume it. Vehicle appearance and source evidence must be checked when this candidate launches."
"/assets/img/cars/suzuki/swift/2005/suzuki-swift-2005-hero.webp","cars","reserved-catalogue","data/cars/catalog-expansion-wave-1.csv#suzuki-swift-2005","800","500","55520","19f303fd56b6ca5334900b3b525df1245f37a9a694690bf75a7a2bc803377bbf","","0","not-reviewed","false","","Image belongs to this exact make/model/year candidate. Current published price catalogue has no binding for this asset. Keep in the car catalogue intake shelf; do not invent a vehicle price or launch a route to consume it. Vehicle appearance and source evidence must be checked when this candidate launches."
"/assets/img/cars/suzuki/swift/2008/suzuki-swift-2008-hero.webp","cars","reserved-catalogue","data/cars/catalog-expansion-wave-1.csv#suzuki-swift-2008","800","500","50796","73985b8a54eec891eb7a42c327ca53978122a97b41539c0ae1529651b05e7e1d","","0","not-reviewed","false","","Image belongs to this exact make/model/year candidate. Current published price catalogue has no binding for this asset. Keep in the car catalogue intake shelf; do not invent a vehicle price or launch a route to consume it. Vehicle appearance and source evidence must be checked when this candidate launches."
"/assets/img/cars/suzuki/swift/2011/suzuki-swift-2011-hero.webp","cars","reserved-catalogue","data/cars/catalog-expansion-wave-1.csv#suzuki-swift-2011","800","500","78376","96d32e5359943dc89e2d0b6ed1dd4874e58eaed7c1c26b47242c4bead80f5a01","","0","not-reviewed","false","","Image belongs to this exact make/model/year candidate. Current published price catalogue has no binding for this asset. Keep in the car catalogue intake shelf; do not invent a vehicle price or launch a route to consume it. Vehicle appearance and source evidence must be checked when this candidate launches."
"/assets/img/cars/suzuki/swift/2014/suzuki-swift-2014-hero.webp","cars","reserved-catalogue","data/cars/catalog-expansion-wave-1.csv#suzuki-swift-2014","800","500","90444","a69036094871f8e96d8f510f5cf2a974b840e6c01b9524ff0af6fb48de7a0ce8","","0","not-reviewed","false","","Image belongs to this exact make/model/year candidate. Current published price catalogue has no binding for this asset. Keep in the car catalogue intake shelf; do not invent a vehicle price or launch a route to consume it. Vehicle appearance and source evidence must be checked when this candidate launches."
"/assets/img/cars/suzuki/swift/2017/suzuki-swift-2017-hero.webp","cars","reserved-catalogue","data/cars/catalog-expansion-wave-1.csv#suzuki-swift-2017","800","500","58040","37cb1ddeb24b695366eb7d84564c9a92341eed4acbf8ff927adcdd5916ae77a4","","0","not-reviewed","false","","Image belongs to this exact make/model/year candidate. Current published price catalogue has no binding for this asset. Keep in the car catalogue intake shelf; do not invent a vehicle price or launch a route to consume it. Vehicle appearance and source evidence must be checked when this candidate launches."
"/assets/img/cars/suzuki/swift/2020/suzuki-swift-2020-hero.webp","cars","reserved-catalogue","data/cars/catalog-expansion-wave-1.csv#suzuki-swift-2020","800","500","57442","c7a75c4bf8bee17a7963b8c5b230aadbc038eee12fc4058005faf90ffc91f063","","0","not-reviewed","false","","Image belongs to this exact make/model/year candidate. Current published price catalogue has no binding for this asset. Keep in the car catalogue intake shelf; do not invent a vehicle price or launch a route to consume it. Vehicle appearance and source evidence must be checked when this candidate launches."
"/assets/img/cars/suzuki/swift/2023/suzuki-swift-2023-hero.webp","cars","reserved-catalogue","data/cars/catalog-expansion-wave-1.csv#suzuki-swift-2023","800","500","56074","abbea60f114609c842998393c8de5da74ad7e16e3ac45b9eb6daaeebfa99df31","","0","not-reviewed","false","","Image belongs to this exact make/model/year candidate. Current published price catalogue has no binding for this asset. Keep in the car catalogue intake shelf; do not invent a vehicle price or launch a route to consume it. Vehicle appearance and source evidence must be checked when this candidate launches."
"/assets/img/cars/toyota/axio/2007/toyota-axio-2007-hero.webp","cars","reserved-catalogue","data/cars/catalog-expansion-wave-1.csv#toyota-axio-2007","800","500","44692","6e9dfb08608d175bf79e05c2d412eb029f3629681baed1584f1bc9839789c2e5","","0","not-reviewed","false","","Image belongs to this exact make/model/year candidate. Current published price catalogue has no binding for this asset. Keep in the car catalogue intake shelf; do not invent a vehicle price or launch a route to consume it. Vehicle appearance and source evidence must be checked when this candidate launches."
"/assets/img/cars/toyota/axio/2009/toyota-axio-2009-hero.webp","cars","reserved-catalogue","data/cars/catalog-expansion-wave-1.csv#toyota-axio-2009","800","500","61666","98372c5b45e89f278acf55491e714afa8bf1deb6e176707826e127892ece36d6","","0","not-reviewed","false","","Image belongs to this exact make/model/year candidate. Current published price catalogue has no binding for this asset. Keep in the car catalogue intake shelf; do not invent a vehicle price or launch a route to consume it. Vehicle appearance and source evidence must be checked when this candidate launches."
"/assets/img/cars/toyota/axio/2012/toyota-axio-2012-hero.webp","cars","reserved-catalogue","data/cars/catalog-expansion-wave-1.csv#toyota-axio-2012","800","500","37006","e16145aeea771f55839552fa5f45790afb05957ae465859d3cb313bb94ed772b","","0","not-reviewed","false","","Image belongs to this exact make/model/year candidate. Current published price catalogue has no binding for this asset. Keep in the car catalogue intake shelf; do not invent a vehicle price or launch a route to consume it. Vehicle appearance and source evidence must be checked when this candidate launches."
"/assets/img/cars/toyota/axio/2015/toyota-axio-2015-hero.webp","cars","reserved-catalogue","data/cars/catalog-expansion-wave-1.csv#toyota-axio-2015","800","500","78292","da7ac269e774a9d1fa911c041276c387cac47a2e9badc9258c0a6c5d83ce7553","","0","not-reviewed","false","","Image belongs to this exact make/model/year candidate. Current published price catalogue has no binding for this asset. Keep in the car catalogue intake shelf; do not invent a vehicle price or launch a route to consume it. Vehicle appearance and source evidence must be checked when this candidate launches."
"/assets/img/cars/toyota/axio/2016/toyota-axio-2016-hero.webp","cars","reserved-catalogue","data/cars/catalog-expansion-wave-1.csv#toyota-axio-2016","800","500","55414","803aee9ca2df0a258e32967c3a6c7d5cf1384a31a8d1168994178c7d69d46be5","","0","not-reviewed","false","","Image belongs to this exact make/model/year candidate. Current published price catalogue has no binding for this asset. Keep in the car catalogue intake shelf; do not invent a vehicle price or launch a route to consume it. Vehicle appearance and source evidence must be checked when this candidate launches."
"/assets/img/cars/toyota/axio/2018/toyota-axio-2018-hero.webp","cars","placed","data/cars/frozen-2026-05-13.json","800","450","100974","3a961b8608ee5a1bc602249855557ebee702b3de00b02fcc9a0eeffa8462498d","","2","not-reviewed","false","en","Visual/text review pending; reference scan is not visual approval."
"/assets/img/cars/toyota/axio/2019/toyota-axio-2019-hero.webp","cars","placed","data/cars/frozen-2026-05-13.json","900","507","85906","a4084aa2eda660fa08579f08d4a15538af0f303505967f4223bf063498e7e4de","","2","not-reviewed","false","en","Visual/text review pending; reference scan is not visual approval."
"/assets/img/cars/toyota/axio/2021/toyota-axio-2021-hero.webp","cars","reserved-catalogue","data/cars/catalog-expansion-wave-1.csv#toyota-axio-2021","800","500","41652","f69d9925386ce6d70184eac446521fbccb6fa76f7b796ee07f6a02d975ee7c57","","0","not-reviewed","false","","Image belongs to this exact make/model/year candidate. Current published price catalogue has no binding for this asset. Keep in the car catalogue intake shelf; do not invent a vehicle price or launch a route to consume it. Vehicle appearance and source evidence must be checked when this candidate launches."
"/assets/img/cars/toyota/camry/2005/toyota-camry-2005-hero.webp","cars","placed","data/cars/frozen-2026-05-13.json","800","450","75410","e0b45f87b3b4d706bc34e5a1989adce76287ac8bcfe2846113caa6153271b60d","","2","not-reviewed","false","en","Visual/text review pending; reference scan is not visual approval."
"/assets/img/cars/toyota/camry/2012/toyota-camry-2012-hero.webp","cars","placed","data/cars/frozen-2026-05-13.json","800","450","104096","86699ab4be74e666e9a799f3deb575b07cb6d86f7f3145d3bd04e6341b891c10","","2","not-reviewed","false","en","Visual/text review pending; reference scan is not visual approval."
"/assets/img/cars/toyota/corolla/2018/toyota-corolla-2018-hero.webp","cars","placed","data/cars/frozen-2026-05-13.json","800","450","71870","525341532672962f630306f8b10cf9ddc68efb33c80133356f930fa29931abe5","","2","not-reviewed","false","en","Visual/text review pending; reference scan is not visual approval."
"/assets/img/cars/toyota/hilux/2015/toyota-hilux-2015-hero.webp","cars","placed","data/cars/frozen-2026-05-13.json","800","450","87668","27a7223ec2866dd34e7a6bfe1e0fc1575cfdfc130de93215a6c247d9b44512cb","","2","not-reviewed","false","en","Visual/text review pending; reference scan is not visual approval."
"/assets/img/cars/toyota/hilux/2020/toyota-hilux-2020-hero.webp","cars","placed","data/cars/frozen-2026-05-13.json","800","450","91238","966917da03111848ac77b316e7cbd8a56f82938fb1bf5355e0c2b4ad0fcab1d0","","2","not-reviewed","false","en","Visual/text review pending; reference scan is not visual approval."
"/assets/img/cars/toyota/noah/2014/toyota-noah-2014-hero.webp","cars","placed","data/cars/frozen-2026-05-13.json","800","450","80868","4e413a772d6d703b883224a879fc6e43afbad239b0bb8eb7114ea17b4b146985","","2","not-reviewed","false","en","Visual/text review pending; reference scan is not visual approval."
"/assets/img/cars/toyota/noah/2018/toyota-noah-2018-hero.webp","cars","placed","data/cars/frozen-2026-05-13.json","800","450","89376","e4bd6a92ff02f9922c6b11d8707ca4379ad0400e0c1a84f141e85fec696bcba6","","2","not-reviewed","false","en","Visual/text review pending; reference scan is not visual approval."
"/assets/img/cars/toyota/prado/2016/toyota-prado-2016-hero.webp","cars","placed","data/cars/frozen-2026-05-13.json","800","450","84350","d2fc61badbb006dba9e4ec908bc707c202d414083cc7c69cd6c792709415664c","","2","not-reviewed","false","en","Visual/text review pending; reference scan is not visual approval."
"/assets/img/cars/toyota/prado/2020/toyota-prado-2020-hero.webp","cars","placed","data/cars/frozen-2026-05-13.json","800","450","80376","2cb1a67c730ad00057f443ec854be59430b9d8dbad5061e39b1bdeb37ab48368","","2","not-reviewed","false","en","Visual/text review pending; reference scan is not visual approval."
"/assets/img/cars/toyota/vitz-yaris/2015/toyota-vitz-2015-hero.webp","cars","placed","data/cars/frozen-2026-05-13.json","800","450","83640","23303dbfa3c9a51a271a43ab04f0b9535c2927746b5d475be0706f650dca0163","","2","not-reviewed","false","en","Visual/text review pending; reference scan is not visual approval."
"/assets/img/categories/agriculture.png","categories","retired-alternative","assets/js/components/tool-registry.js#categories","64","64","3801","3638725e52304efbe5a467da536c152aed03937a13876e2913c0a24cef06b600","","0","not-reviewed","false","","Small legacy category icon (including text/logo variants). Current category discovery owns its visual treatment; retain as a legacy icon, not a hero or translated card."
"/assets/img/categories/all-categories.png","categories","retired-alternative","assets/js/components/tool-registry.js#categories","64","64","2767","d46f48d438438ece4489db28e16a1773a5ddeec6c9a8d3449bd7c773a3f4d4aa","","0","not-reviewed","false","","Small legacy category icon (including text/logo variants). Current category discovery owns its visual treatment; retain as a legacy icon, not a hero or translated card."
"/assets/img/categories/career.png","categories","retired-alternative","assets/js/components/tool-registry.js#categories","64","64","9415","37535b7348ba381f387d8bc9fd26e5c35bb877d5bd2db253700d1a3040690eae","","0","not-reviewed","false","","Small legacy category icon (including text/logo variants). Current category discovery owns its visual treatment; retain as a legacy icon, not a hero or translated card."
"/assets/img/categories/commodity.png","categories","duplicate-review","Review duplicate of /assets/img/categories/agriculture.png","64","64","3801","3638725e52304efbe5a467da536c152aed03937a13876e2913c0a24cef06b600","/assets/img/categories/agriculture.png","0","not-reviewed","false","","Visual/text review pending; reference scan is not visual approval."
"/assets/img/categories/creator-suite.png","categories","retired-alternative","assets/js/components/tool-registry.js#categories","64","64","5310","7f4a3562b0b88f824296c6318f6886c2898353f9fdaad6509dcb0d29a12a6aec","","0","not-reviewed","false","","Small legacy category icon (including text/logo variants). Current category discovery owns its visual treatment; retain as a legacy icon, not a hero or translated card."
"/assets/img/categories/currency-fx.png","categories","retired-alternative","assets/js/components/tool-registry.js#categories","64","64","5287","6e30929222219ab68bbddec659d1ebccff62fe4eb1fa408871782c9a937a2249","","0","not-reviewed","false","","Small legacy category icon (including text/logo variants). Current category discovery owns its visual treatment; retain as a legacy icon, not a hero or translated card."
"/assets/img/categories/dev-tools.png","categories","retired-alternative","assets/js/components/tool-registry.js#categories","64","64","8683","c97f0b83a1b19c91cfdfa625c1e4cfa26343e00668127fabe00f8d52693684a3","","0","not-reviewed","false","","Small legacy category icon (including text/logo variants). Current category discovery owns its visual treatment; retain as a legacy icon, not a hero or translated card."
"/assets/img/categories/energy.png","categories","retired-alternative","assets/js/components/tool-registry.js#categories","64","64","9891","8743b40d92a32bd52e6c1cf82ca2ac831a75f96771cfae62da70fb7baa3855e9","","0","not-reviewed","false","","Small legacy category icon (including text/logo variants). Current category discovery owns its visual treatment; retain as a legacy icon, not a hero or translated card."
"/assets/img/categories/engineering-cad.png","categories","retired-alternative","assets/js/components/tool-registry.js#categories","64","64","3065","0be043a0f0c4064a5a494d892ac93310c1a91f94fd97c12383b467b6207a6d4e","","0","not-reviewed","false","","Small legacy category icon (including text/logo variants). Current category discovery owns its visual treatment; retain as a legacy icon, not a hero or translated card."
"/assets/img/categories/gpa-calculator.png","categories","placed","index.html","64","64","2211","10823ab724847fbad1d85d52b5a89b3ea5832be06cb397ad0009f04f2f9a89e5","","1","not-reviewed","false","en","Visual/text review pending; reference scan is not visual approval."
"/assets/img/categories/health.png","categories","retired-alternative","assets/js/components/tool-registry.js#categories","64","64","9936","85e21883c026ef6b1c0ff571bc154a408230c5fcf7e27f359293d15c0664c26c","","0","not-reviewed","false","","Small legacy category icon (including text/logo variants). Current category discovery owns its visual treatment; retain as a legacy icon, not a hero or translated card."
"/assets/img/categories/ielts-logo.webp","categories","placed","index.html","100","86","5986","59bdbf69989008d12c5551b6cac9da0c325cc0d73e76794d4bce0795e0b63202","","1","not-reviewed","false","en","Visual/text review pending; reference scan is not visual approval."
"/assets/img/categories/insurance.png","categories","retired-alternative","assets/js/components/tool-registry.js#categories","64","64","10054","9ae0f7d03de99181c7719220e7e7dedb3d1602758e5411fae84c42e6483b5fbd","","0","not-reviewed","false","","Small legacy category icon (including text/logo variants). Current category discovery owns its visual treatment; retain as a legacy icon, not a hero or translated card."
"/assets/img/categories/jamb-aggregate.png","categories","retired-alternative","assets/js/components/tool-registry.js#categories","64","60","10755","51c7c6890e948c08b5bdda30c283bc5431aabbef8e477fdf7efc5f8effcf2128","","0","not-reviewed","false","","Small legacy category icon (including text/logo variants). Current category discovery owns its visual treatment; retain as a legacy icon, not a hero or translated card."
"/assets/img/categories/jamb-aggregate.webp","categories","placed","index.html","64","60","3132","3c9ba95b7ba5b3d13c155fbe0fba6c7d0f862ee9814d147938b16309ac9c4af2","","1","not-reviewed","false","en","Visual/text review pending; reference scan is not visual approval."
"/assets/img/categories/legal-compliance.png","categories","retired-alternative","assets/js/components/tool-registry.js#categories","64","64","2239","9a2bf2e07042791e7a06a2ec70075647e13640437990edadaa714decefacf9dc","","0","not-reviewed","false","","Small legacy category icon (including text/logo variants). Current category discovery owns its visual treatment; retain as a legacy icon, not a hero or translated card."
"/assets/img/categories/pdf-workspace.png","categories","retired-alternative","assets/js/components/tool-registry.js#categories","64","64","1821","d36d0ab739e12141b5209467ed94541528777fa2b77be8c53b6befff788e4fd9","","0","not-reviewed","false","","Small legacy category icon (including text/logo variants). Current category discovery owns its visual treatment; retain as a legacy icon, not a hero or translated card."
"/assets/img/categories/salary-tax.png","categories","retired-alternative","assets/js/components/tool-registry.js#categories","64","64","3557","28d86d8f73a810cc73f9305044a09495b57c2593b062cb9231cfdc4a39708a24","","0","not-reviewed","false","","Small legacy category icon (including text/logo variants). Current category discovery owns its visual treatment; retain as a legacy icon, not a hero or translated card."
"/assets/img/categories/trade.png","categories","retired-alternative","assets/js/components/tool-registry.js#categories","64","64","10241","f88cc6c759cb55426e0c68e0e286f0a1eabbe719653237da11dcad8b76ec9ce9","","0","not-reviewed","false","","Small legacy category icon (including text/logo variants). Current category discovery owns its visual treatment; retain as a legacy icon, not a hero or translated card."
"/assets/img/categories/vehicles.png","categories","retired-alternative","assets/js/components/tool-registry.js#categories","64","64","9006","56c5912b620e26e34419b9ccc9933dc982888dad2feb7d28426b01b68ffaf9e2","","0","not-reviewed","false","","Small legacy category icon (including text/logo variants). Current category discovery owns its visual treatment; retain as a legacy icon, not a hero or translated card."
"/assets/img/categories/waec-logo.webp","categories","placed","index.html","96","92","5860","7bb3026897b98e2ab644b0adb32540355684f71764bb01a4f8c7152a9a2f089e","","1","not-reviewed","false","en","Visual/text review pending; reference scan is not visual approval."
"/assets/img/creator-suite-hero-banner.webp","brand-and-banners","rejected-artwork","index.html","1200","644","101274","321a168e1126f1bc8291a0e91931391f8be95aded50377c9005a8c1a26cc1e9e","","0","embedded-text-or-unverified-details","false","","Visual review: promotional collage or mock interface, embedded copy, or unverified map/currency/UI details. Reject for automatic public placement and translated reuse; retain original in the design archive."
"/assets/img/crypto/binance.svg","crypto","retired-alternative","crypto/p2p-rates/index.html","48","48","306","8abd685c35cb5c7248b309a5104a70edd458897d0ca504cb8294912bbed47bad","","0","contains-text","false","","Legacy letter tile, not a verified exchange logo. Retain in exchange design archive; current comparator presentation remains canonical."
"/assets/img/crypto/bybit.svg","crypto","retired-alternative","crypto/p2p-rates/index.html","48","48","307","6603a861751341936c5efecadc35f5659ffe373f29c4e55fa8a848773fea554c","","0","contains-text","false","","Legacy letter tile, not a verified exchange logo. Retain in exchange design archive; current comparator presentation remains canonical."
"/assets/img/crypto/kucoin.svg","crypto","retired-alternative","crypto/p2p-rates/index.html","48","48","306","116b3937509c13ad0467ebe2bde2a9f24c6991a88bdc26f7dff807d3ec73d448","","0","contains-text","false","","Legacy letter tile, not a verified exchange logo. Retain in exchange design archive; current comparator presentation remains canonical."
"/assets/img/crypto/luno.svg","crypto","retired-alternative","crypto/p2p-rates/index.html","48","48","306","dda6eac9e8b105b8399b64aac00e2250c3e01ac942c03c5e9e3380dada85617f","","0","contains-text","false","","Legacy letter tile, not a verified exchange logo. Retain in exchange design archive; current comparator presentation remains canonical."
"/assets/img/crypto/noones.svg","crypto","retired-alternative","crypto/p2p-rates/index.html","48","48","306","06d2a044a10ddfdafab553d38793163b8051e4fbfb656668782ce2851bc596dc","","0","contains-text","false","","Legacy letter tile, not a verified exchange logo. Retain in exchange design archive; current comparator presentation remains canonical."
"/assets/img/crypto/quidax.svg","crypto","retired-alternative","crypto/p2p-rates/index.html","48","48","306","a400c1283a5cb66443564a2db773d82359349c050cb20ac61e55af776635a324","","0","contains-text","false","","Legacy letter tile, not a verified exchange logo. Retain in exchange design archive; current comparator presentation remains canonical."
"/assets/img/crypto/roqqu.svg","crypto","retired-alternative","crypto/p2p-rates/index.html","48","48","306","eaaef41416989fe45f45466b1016ae20e70c8fd57994fa9e4a1b12f93fec0a07","","0","contains-text","false","","Legacy letter tile, not a verified exchange logo. Retain in exchange design archive; current comparator presentation remains canonical."
"/assets/img/crypto/yellowcard.svg","crypto","retired-alternative","crypto/p2p-rates/index.html","48","48","307","6691f2f5dd855d29b56eaf31c8be0c31b2d6b2abc9c8bfd34b1cbc0b1ac60d9f","","0","contains-text","false","","Legacy letter tile, not a verified exchange logo. Retain in exchange design archive; current comparator presentation remains canonical."
"/assets/img/icon-192.png","brand-and-banners","placed","manifest.json","192","192","1480","c054460e76d7c2ea09179eb355a405e6628be3c516da8d336423b3aa741b6ab5","","1","not-reviewed","false","en","Visual/text review pending; reference scan is not visual approval."
"/assets/img/icon-192.svg","brand-and-banners","placed","manifest.json","64","64","485","8772c6c1d85513d41ae0aa2b1763d181560d401bc1e9c70073cf4b9ee1d4edb7","","2","not-reviewed","false","en","Visual/text review pending; reference scan is not visual approval."
"/assets/img/icon-512.png","brand-and-banners","placed","manifest.json","512","512","4507","86a87b15f64b7953abcbd2ec9ab01076df98f27fe056957c60b67eae313f3218","","1","not-reviewed","false","en","Visual/text review pending; reference scan is not visual approval."
"/assets/img/icon-512.svg","brand-and-banners","placed","manifest.json","64","64","485","8772c6c1d85513d41ae0aa2b1763d181560d401bc1e9c70073cf4b9ee1d4edb7","/assets/img/icon-192.svg","2","not-reviewed","false","en","Visual/text review pending; reference scan is not visual approval."
"/assets/img/icons/hero/icon-ai-advisor.svg","icons","retired-alternative","index.html","48","48","614","579d37a7bb92218fcdd1649e57fbdd05bf3a99b6950df74b982367bff2482c7b","","0","not-reviewed","false","","Legacy white hero outline icon. Current home-page hero owns its icons; retain this alternate in the home design archive."
"/assets/img/icons/hero/icon-paye.svg","icons","retired-alternative","index.html","48","48","468","1600c4ecb4d2d9dd027e0207ee50e5a9484afeb36ae58eca42ce7173a700cce0","","0","not-reviewed","false","","Legacy white hero outline icon. Current home-page hero owns its icons; retain this alternate in the home design archive."
"/assets/img/icons/hero/icon-pdf.svg","icons","retired-alternative","index.html","48","48","427","6440a933e1597432ee19728376639b4fccfb6b9f634763d86b5bfa193f45dce6","","0","not-reviewed","false","","Legacy white hero outline icon. Current home-page hero owns its icons; retain this alternate in the home design archive."
"/assets/img/icons/hero/icon-relocation.svg","icons","retired-alternative","index.html","48","48","362","641f9af61cdd86beff94b2652eb54550ef762ce8016c9f20bf819484bfeef203","","0","not-reviewed","false","","Legacy white hero outline icon. Current home-page hero owns its icons; retain this alternate in the home design archive."
"/assets/img/jamb/06e953af3594feae9dd35d9b633d988ebf6383950a0a04ec3f2d7c815cbe6572.svg","jamb","placed","data/jamb/pools/chemistry.json","640","380","995","06e953af3594feae9dd35d9b633d988ebf6383950a0a04ec3f2d7c815cbe6572","","2","contains-text","false","en","Visual/text review pending; reference scan is not visual approval."
"/assets/img/jamb/08a33e08f9dc5f583f4a62d7f01ba7258bd3e8cba5f8b5d2ebdd33573a117394.svg","jamb","placed","data/jamb/pools/mathematics.json","600","440","495","08a33e08f9dc5f583f4a62d7f01ba7258bd3e8cba5f8b5d2ebdd33573a117394","","2","contains-text","false","en","Visual/text review pending; reference scan is not visual approval."
"/assets/img/jamb/0bd26494e680eb714a5044ca6f5429ba62c2400dd911b9da80d56a2c25578b5c.svg","jamb","placed","data/jamb/pools/biology.json","540","650","1117","0bd26494e680eb714a5044ca6f5429ba62c2400dd911b9da80d56a2c25578b5c","","2","not-reviewed","false","en","Visual/text review pending; reference scan is not visual approval."
"/assets/img/jamb/0c6213f3d4472d317fa62d8d248842aa50c55c1f97301ea6199b1aa4124994ea.svg","jamb","placed","data/jamb/pools/biology.json","650","560","1475","0c6213f3d4472d317fa62d8d248842aa50c55c1f97301ea6199b1aa4124994ea","","2","contains-text","false","en","Visual/text review pending; reference scan is not visual approval."
"/assets/img/jamb/0e8b0d3776ddfecb357a27a4e7f9d462eb88311103ba877f7fc00b05b7e45337.svg","jamb","placed","data/jamb/pools/biology.json","680","560","2101","0e8b0d3776ddfecb357a27a4e7f9d462eb88311103ba877f7fc00b05b7e45337","","2","contains-text","false","en","Visual/text review pending; reference scan is not visual approval."
"/assets/img/jamb/0fdc3d76dbf0d682b5e26725f0fee73d8d0deacebeccdae0d41f8f3f06762b3c.svg","jamb","placed","data/jamb/pools/biology.json","640","590","1092","0fdc3d76dbf0d682b5e26725f0fee73d8d0deacebeccdae0d41f8f3f06762b3c","","2","contains-text","false","en","Visual/text review pending; reference scan is not visual approval."
"/assets/img/jamb/10b65b6ef33458389bca261d4e90ebc899b0e7ae6e09bb3329bb7e33f7de3d2e.svg","jamb","placed","data/jamb/pools/biology.json","500","500","1686","10b65b6ef33458389bca261d4e90ebc899b0e7ae6e09bb3329bb7e33f7de3d2e","","2","contains-text","false","en","Visual/text review pending; reference scan is not visual approval."
"/assets/img/jamb/1105dae34085a68a0ec0acf23d2f8cec47079135e5b5d8064374d930765c5908.svg","jamb","placed","data/jamb/pools/biology.json","680","300","1282","1105dae34085a68a0ec0acf23d2f8cec47079135e5b5d8064374d930765c5908","","2","contains-text","false","en","Visual/text review pending; reference scan is not visual approval."
"/assets/img/jamb/1644fbe5a30e124c7b57911b643be86c90692010e8d87b7aca0789a561fe2539.svg","jamb","placed","data/jamb/pools/biology.json","600","460","928","1644fbe5a30e124c7b57911b643be86c90692010e8d87b7aca0789a561fe2539","","2","contains-text","false","en","Visual/text review pending; reference scan is not visual approval."
"/assets/img/jamb/19a51e6bf373deaa72c6d5cd0eca02c6c4a81abc873b35237184bbd3224bb687.svg","jamb","placed","data/jamb/pools/biology.json","510","460","1850","19a51e6bf373deaa72c6d5cd0eca02c6c4a81abc873b35237184bbd3224bb687","","2","contains-text","false","en","Visual/text review pending; reference scan is not visual approval."
"/assets/img/jamb/228898c1eaf5f3c981de92fe2dc427c4cf5e9a8437cdf1f190f62f288bc21bf2.svg","jamb","placed","data/jamb/pools/mathematics.json","440","400","1134","228898c1eaf5f3c981de92fe2dc427c4cf5e9a8437cdf1f190f62f288bc21bf2","","2","contains-text","false","en","Visual/text review pending; reference scan is not visual approval."
"/assets/img/jamb/2bfa6636be5cc16d70d191d9a537665d6912561a44bf8f0e6689abe90f0cef30.svg","jamb","placed","data/jamb/pools/chemistry.json","640","380","1359","2bfa6636be5cc16d70d191d9a537665d6912561a44bf8f0e6689abe90f0cef30","","2","contains-text","false","en","Visual/text review pending; reference scan is not visual approval."
"/assets/img/jamb/2d495011819df955f69b34d50280dd09fb1d90ac5e98c437de6219c9aa85186f.svg","jamb","placed","data/jamb/pools/biology.json","520","470","1538","2d495011819df955f69b34d50280dd09fb1d90ac5e98c437de6219c9aa85186f","","2","contains-text","false","en","Visual/text review pending; reference scan is not visual approval."
"/assets/img/jamb/2e14ebe2b3de8fb451dd16a408cfdb8485af11dc24b95923d716cd7618a931fc.svg","jamb","placed","data/jamb/pools/biology.json","680","620","1878","2e14ebe2b3de8fb451dd16a408cfdb8485af11dc24b95923d716cd7618a931fc","","2","contains-text","false","en","Visual/text review pending; reference scan is not visual approval."
"/assets/img/jamb/3b8d0f9116e3bd0db8f13d0c4e29be6fe332c43804f561965de33068dcd4ff91.svg","jamb","placed","data/jamb/pools/mathematics.json","390","325","885","3b8d0f9116e3bd0db8f13d0c4e29be6fe332c43804f561965de33068dcd4ff91","","2","contains-text","false","en","Visual/text review pending; reference scan is not visual approval."
"/assets/img/jamb/3bfba926e174b5bde47f9751fbaa15a901e8ceb31ef4fec86f65862c724c4d05.svg","jamb","placed","data/jamb/pools/biology.json","590","390","1178","3bfba926e174b5bde47f9751fbaa15a901e8ceb31ef4fec86f65862c724c4d05","","2","contains-text","false","en","Visual/text review pending; reference scan is not visual approval."
"/assets/img/jamb/3e69471e11d443e6ca9720ca9b09ed2c767ea3d01e3bfd0f32688bd411f34706.svg","jamb","placed","data/jamb/pools/mathematics.json","600","440","852","3e69471e11d443e6ca9720ca9b09ed2c767ea3d01e3bfd0f32688bd411f34706","","2","contains-text","false","en","Visual/text review pending; reference scan is not visual approval."
"/assets/img/jamb/420775bd63cb5f0ede9eb10ba2db373748b0d64dd80a2783731f5ed39c7cf982.svg","jamb","placed","data/jamb/pools/biology.json","760","400","9522","420775bd63cb5f0ede9eb10ba2db373748b0d64dd80a2783731f5ed39c7cf982","","2","contains-text","false","en","Visual/text review pending; reference scan is not visual approval."
"/assets/img/jamb/42e9e2ca908b5be1317fd48efedae86029c373821795fb963baa41fabb64ac1b.svg","jamb","placed","data/jamb/pools/biology.json","720","620","2157","42e9e2ca908b5be1317fd48efedae86029c373821795fb963baa41fabb64ac1b","","2","contains-text","false","en","Visual/text review pending; reference scan is not visual approval."
"/assets/img/jamb/44fea3101eba0d9c10958aff193d1aaa407c2934b25bfa94839684f4045ad94b.svg","jamb","placed","data/jamb/pools/biology.json","680","720","9606","44fea3101eba0d9c10958aff193d1aaa407c2934b25bfa94839684f4045ad94b","","2","contains-text","false","en","Visual/text review pending; reference scan is not visual approval."
"/assets/img/jamb/4a562021051d3dcc34d18cec5053f9ac2f68f60b56d60f44b9f36fab7d5b4aeb.svg","jamb","placed","data/jamb/pools/biology.json","760","620","1670","4a562021051d3dcc34d18cec5053f9ac2f68f60b56d60f44b9f36fab7d5b4aeb","","2","contains-text","false","en","Visual/text review pending; reference scan is not visual approval."
"/assets/img/jamb/4a9537add6adb1d45786fdfc3f2f07d55c6bfc5794e6aa6a0dc8416af62b712b.svg","jamb","placed","data/jamb/pools/biology.json","640","520","2216","4a9537add6adb1d45786fdfc3f2f07d55c6bfc5794e6aa6a0dc8416af62b712b","","2","contains-text","false","en","Visual/text review pending; reference scan is not visual approval."
"/assets/img/jamb/52befec79312343d0b510d5d19628482fa6caad0dd5d66bf037598a1506d9d29.svg","jamb","placed","data/jamb/pools/chemistry.json","640","380","2135","52befec79312343d0b510d5d19628482fa6caad0dd5d66bf037598a1506d9d29","","2","contains-text","false","en","Visual/text review pending; reference scan is not visual approval."
"/assets/img/jamb/533b5b3087b62325c3d9b348635e74f614f84e063400aed9c1c885868862445e.svg","jamb","placed","data/jamb/pools/chemistry.json","640","380","909","533b5b3087b62325c3d9b348635e74f614f84e063400aed9c1c885868862445e","","2","contains-text","false","en","Visual/text review pending; reference scan is not visual approval."
"/assets/img/jamb/5a649d8210b9aceb830e7c029e3283a4408a5bd859d129031084f91984a903dc.svg","jamb","placed","data/jamb/pools/mathematics.json","360","300","640","5a649d8210b9aceb830e7c029e3283a4408a5bd859d129031084f91984a903dc","","2","contains-text","false","en","Visual/text review pending; reference scan is not visual approval."
"/assets/img/jamb/5c4138c3a21d889fe4360b181bad989a49a8ec4029e073a9fea1ca49ddba3921.svg","jamb","placed","data/jamb/pools/mathematics.json","600","440","791","5c4138c3a21d889fe4360b181bad989a49a8ec4029e073a9fea1ca49ddba3921","","2","contains-text","false","en","Visual/text review pending; reference scan is not visual approval."
"/assets/img/jamb/5cb68b3877d2b7205c8bae48318c9416632c80eb39e7d2f29162b9a65c7ac830.svg","jamb","placed","data/jamb/pools/mathematics.json","340","410","1002","5cb68b3877d2b7205c8bae48318c9416632c80eb39e7d2f29162b9a65c7ac830","","2","contains-text","false","en","Visual/text review pending; reference scan is not visual approval."
"/assets/img/jamb/61ea5686d05bc8d7798abea665b2b3403e3dd017abfd3f99b5d29cc100a28194.svg","jamb","placed","data/jamb/pools/mathematics.json","360","330","1333","61ea5686d05bc8d7798abea665b2b3403e3dd017abfd3f99b5d29cc100a28194","","2","contains-text","false","en","Visual/text review pending; reference scan is not visual approval."
"/assets/img/jamb/6275b5a53171048aa5c1bc5bfeac75807e98451b444bf18a21351f42e1ef1c46.svg","jamb","placed","data/jamb/pools/biology.json","640","230","1052","6275b5a53171048aa5c1bc5bfeac75807e98451b444bf18a21351f42e1ef1c46","","2","contains-text","false","en","Visual/text review pending; reference scan is not visual approval."
"/assets/img/jamb/6a9b961ba0f1368e27558f818e0f8045b14b33e386d7bdf18a683cc3d4dbf70d.svg","jamb","placed","data/jamb/pools/biology.json","610","450","1346","6a9b961ba0f1368e27558f818e0f8045b14b33e386d7bdf18a683cc3d4dbf70d","","2","contains-text","false","en","Visual/text review pending; reference scan is not visual approval."
"/assets/img/jamb/744bb8be3eb946f7f51e722a3b3a44aac60bd4a86557629546242c84f3ede967.svg","jamb","placed","data/jamb/pools/chemistry.json","640","380","824","744bb8be3eb946f7f51e722a3b3a44aac60bd4a86557629546242c84f3ede967","","2","contains-text","false","en","Visual/text review pending; reference scan is not visual approval."
"/assets/img/jamb/744eaeaf209286407f661e8790cca03ee4e380b8f90a4dbfbb1fc33d29c0afda.svg","jamb","placed","data/jamb/pools/biology.json","780","620","1578","744eaeaf209286407f661e8790cca03ee4e380b8f90a4dbfbb1fc33d29c0afda","","2","contains-text","false","en","Visual/text review pending; reference scan is not visual approval."
"/assets/img/jamb/792b48d28af1267adcee927f1ad1d591dfda98050ed3aa064e7390b489bf6fb1.svg","jamb","placed","data/jamb/pools/mathematics.json","360","300","588","792b48d28af1267adcee927f1ad1d591dfda98050ed3aa064e7390b489bf6fb1","","2","contains-text","false","en","Visual/text review pending; reference scan is not visual approval."
"/assets/img/jamb/79ef5752e2d944f9dfa0a06ccf5d65a2130b2c022f932a572c698aeb547ab89f.svg","jamb","placed","data/jamb/pools/mathematics.json","380","260","1128","79ef5752e2d944f9dfa0a06ccf5d65a2130b2c022f932a572c698aeb547ab89f","","2","contains-text","false","en","Visual/text review pending; reference scan is not visual approval."
"/assets/img/jamb/7a401bf8c85439b329cda92e004bdee65ac197aaee2c6f09f7b2b09461b81253.svg","jamb","placed","data/jamb/pools/mathematics.json","360","310","1274","7a401bf8c85439b329cda92e004bdee65ac197aaee2c6f09f7b2b09461b81253","","2","contains-text","false","en","Visual/text review pending; reference scan is not visual approval."
"/assets/img/jamb/7b7d0f2da41c1a1c3e86102c1de2ac5af504c88146f5c5c781d9313b77e73b95.svg","jamb","placed","data/jamb/pools/biology.json","640","560","1534","7b7d0f2da41c1a1c3e86102c1de2ac5af504c88146f5c5c781d9313b77e73b95","","2","contains-text","false","en","Visual/text review pending; reference scan is not visual approval."
"/assets/img/jamb/822f781636a855f83d6ac5418b562cae7ecc11e008a0b7214a88fad82199afa4.svg","jamb","placed","data/jamb/pools/biology.json","640","410","893","822f781636a855f83d6ac5418b562cae7ecc11e008a0b7214a88fad82199afa4","","2","contains-text","false","en","Visual/text review pending; reference scan is not visual approval."
"/assets/img/jamb/84da6ada66881c47adddd795b8492589fc6fde41b611f29be6d32cc6e17a0399.svg","jamb","placed","data/jamb/pools/mathematics.json","390","290","861","84da6ada66881c47adddd795b8492589fc6fde41b611f29be6d32cc6e17a0399","","2","contains-text","false","en","Visual/text review pending; reference scan is not visual approval."
"/assets/img/jamb/88c6aa1a1a8b5465d40753c834dcaa4a914028a7ec6f7e161b4499a26c8060e9.svg","jamb","placed","data/jamb/pools/biology.json","640","410","1131","88c6aa1a1a8b5465d40753c834dcaa4a914028a7ec6f7e161b4499a26c8060e9","","2","contains-text","false","en","Visual/text review pending; reference scan is not visual approval."
"/assets/img/jamb/8a6aa78b545e6d6f2ef3d2ab5289e25807ad49f2937195de744c6c8f627ee764.svg","jamb","placed","data/jamb/pools/mathematics.json","620","450","561","8a6aa78b545e6d6f2ef3d2ab5289e25807ad49f2937195de744c6c8f627ee764","","2","contains-text","false","en","Visual/text review pending; reference scan is not visual approval."
"/assets/img/jamb/8e700a6d5282d686cd330cac39f68d019dc28d680dc8be5f9cce9af8bf622cd6.svg","jamb","placed","data/jamb/pools/mathematics.json","620","450","752","8e700a6d5282d686cd330cac39f68d019dc28d680dc8be5f9cce9af8bf622cd6","","2","contains-text","false","en","Visual/text review pending; reference scan is not visual approval."
"/assets/img/jamb/9273f23f5980136238ad0b98b1433ae172cc781c65c7760c2d8c73b26aa22af1.svg","jamb","placed","data/jamb/pools/mathematics.json","380","330","1690","9273f23f5980136238ad0b98b1433ae172cc781c65c7760c2d8c73b26aa22af1","","2","contains-text","false","en","Visual/text review pending; reference scan is not visual approval."
"/assets/img/jamb/932a826fbf925204415082bcd249df0cc7746173d0e051aa4bca09d9d2a4af3b.svg","jamb","placed","data/jamb/pools/biology.json","620","650","1921","932a826fbf925204415082bcd249df0cc7746173d0e051aa4bca09d9d2a4af3b","","2","not-reviewed","false","en","Visual/text review pending; reference scan is not visual approval."
"/assets/img/jamb/952e5c3d5183d1b3a808912ac7c70094e4af32a17649ff39e0379e6bf60badb2.svg","jamb","placed","data/jamb/pools/biology.json","600","470","3921","952e5c3d5183d1b3a808912ac7c70094e4af32a17649ff39e0379e6bf60badb2","","2","contains-text","false","en","Visual/text review pending; reference scan is not visual approval."
"/assets/img/jamb/9dafba7a48c33b224937b2f99dcf0456437ad3b83026b19d592f1c06b69730cb.svg","jamb","placed","data/jamb/pools/mathematics.json","400","290","696","9dafba7a48c33b224937b2f99dcf0456437ad3b83026b19d592f1c06b69730cb","","2","contains-text","false","en","Visual/text review pending; reference scan is not visual approval."
"/assets/img/jamb/9ec5ca771dac50c11b6012cc5c467abb9a56b339e3de68f3b8b27afc04185757.svg","jamb","placed","data/jamb/pools/biology.json","640","410","1104","9ec5ca771dac50c11b6012cc5c467abb9a56b339e3de68f3b8b27afc04185757","","2","contains-text","false","en","Visual/text review pending; reference scan is not visual approval."
"/assets/img/jamb/a27878c88896a0b493b7545cae5f727709ff6c97b981ca50a0abdfea2640ddc1.svg","jamb","placed","data/jamb/pools/mathematics.json","460","330","729","a27878c88896a0b493b7545cae5f727709ff6c97b981ca50a0abdfea2640ddc1","","2","contains-text","false","en","Visual/text review pending; reference scan is not visual approval."
"/assets/img/jamb/a5ffd87a9c070f955fa037b095308037a513e591be1fa15897967ea54196f70a.svg","jamb","placed","data/jamb/pools/biology.json","680","650","1952","a5ffd87a9c070f955fa037b095308037a513e591be1fa15897967ea54196f70a","","2","contains-text","false","en","Visual/text review pending; reference scan is not visual approval."
"/assets/img/jamb/a958e6259ef53a0de3c2be7a3835607d943bbac02c949674734744d74d4ae1de.svg","jamb","placed","data/jamb/pools/biology.json","680","640","1307","a958e6259ef53a0de3c2be7a3835607d943bbac02c949674734744d74d4ae1de","","2","contains-text","false","en","Visual/text review pending; reference scan is not visual approval."
"/assets/img/jamb/b3b9b4ad1c1320ee755a7b238ca2bdee74c42864d381a70245b578232f73dd75.svg","jamb","placed","data/jamb/pools/biology.json","800","580","1953","b3b9b4ad1c1320ee755a7b238ca2bdee74c42864d381a70245b578232f73dd75","","2","contains-text","false","en","Visual/text review pending; reference scan is not visual approval."
"/assets/img/jamb/b6d4860fca279eaa980238461b59628abed84ff41e9d71e8fb28485bad20d112.svg","jamb","placed","data/jamb/pools/biology.json","640","430","1278","b6d4860fca279eaa980238461b59628abed84ff41e9d71e8fb28485bad20d112","","2","contains-text","false","en","Visual/text review pending; reference scan is not visual approval."
"/assets/img/jamb/b90b0d721351e44a0934be0150dd0046902fc8fd5a47b7fba5166909d087a1c2.svg","jamb","placed","data/jamb/pools/biology.json","520","400","1889","b90b0d721351e44a0934be0150dd0046902fc8fd5a47b7fba5166909d087a1c2","","2","contains-text","false","en","Visual/text review pending; reference scan is not visual approval."
"/assets/img/jamb/bb5da66324ec457fc85299b3ab05a604b8124af3b74956044bebaac210949be3.svg","jamb","placed","data/jamb/pools/mathematics.json","360","290","602","bb5da66324ec457fc85299b3ab05a604b8124af3b74956044bebaac210949be3","","2","contains-text","false","en","Visual/text review pending; reference scan is not visual approval."
"/assets/img/jamb/bbd3f2a1a8d05287f749a9403af078f127367e36b8e0b47977e3b71d10478a25.svg","jamb","placed","data/jamb/pools/mathematics.json","360","300","699","bbd3f2a1a8d05287f749a9403af078f127367e36b8e0b47977e3b71d10478a25","","2","contains-text","false","en","Visual/text review pending; reference scan is not visual approval."
"/assets/img/jamb/bea7303f1dd3d446e36a49977eb6d01c69fbe095c3a522877a24db5dbc90ba62.svg","jamb","placed","data/jamb/pools/mathematics.json","390","350","1222","bea7303f1dd3d446e36a49977eb6d01c69fbe095c3a522877a24db5dbc90ba62","","2","contains-text","false","en","Visual/text review pending; reference scan is not visual approval."
"/assets/img/jamb/bfba839daea99d6e99b5ede4c7b193a5557cfce8084bc0d3cf6f4f43a349c457.svg","jamb","placed","data/jamb/pools/mathematics.json","600","440","2745","bfba839daea99d6e99b5ede4c7b193a5557cfce8084bc0d3cf6f4f43a349c457","","2","contains-text","false","en","Visual/text review pending; reference scan is not visual approval."
"/assets/img/jamb/c281bbf43dcf573f263062483df3161d3e9ce8aa5a20bd21ec83e7b052c8125d.svg","jamb","placed","data/jamb/pools/biology.json","680","480","1102","c281bbf43dcf573f263062483df3161d3e9ce8aa5a20bd21ec83e7b052c8125d","","2","contains-text","false","en","Visual/text review pending; reference scan is not visual approval."
"/assets/img/jamb/c569dc23d200fe867e0668ed4d50cac5cc657ebbde159847b76b17e43347af2f.svg","jamb","placed","data/jamb/pools/mathematics.json","460","360","551","c569dc23d200fe867e0668ed4d50cac5cc657ebbde159847b76b17e43347af2f","","2","contains-text","false","en","Visual/text review pending; reference scan is not visual approval."
"/assets/img/jamb/c5ddd9bdfb3cbdcbe107b3bafcb76e4c13ee02d0557363b47efcce5c1c0b3c1f.svg","jamb","placed","data/jamb/pools/mathematics.json","400","380","677","c5ddd9bdfb3cbdcbe107b3bafcb76e4c13ee02d0557363b47efcce5c1c0b3c1f","","2","contains-text","false","en","Visual/text review pending; reference scan is not visual approval."
"/assets/img/jamb/c60a5027804ff0eaaa079e68224097d56b10129f3ec9e0e8f49419f16fce85ab.svg","jamb","placed","data/jamb/pools/biology.json","720","700","2177","c60a5027804ff0eaaa079e68224097d56b10129f3ec9e0e8f49419f16fce85ab","","2","contains-text","false","en","Visual/text review pending; reference scan is not visual approval."
"/assets/img/jamb/d5e5b4bf95e962a4f4aa57b7c811646dfcc71941c335ef77946b8d3a26e95732.svg","jamb","placed","data/jamb/pools/chemistry.json","640","380","1047","d5e5b4bf95e962a4f4aa57b7c811646dfcc71941c335ef77946b8d3a26e95732","","2","contains-text","false","en","Visual/text review pending; reference scan is not visual approval."
"/assets/img/jamb/db80e2af10bde57f62c441f42e9b6ec6268ed244cb47f49d9eaadb522f042f1d.svg","jamb","placed","data/jamb/pools/biology.json","600","420","947","db80e2af10bde57f62c441f42e9b6ec6268ed244cb47f49d9eaadb522f042f1d","","2","contains-text","false","en","Visual/text review pending; reference scan is not visual approval."
"/assets/img/jamb/dcfc7aac2c0df7e7dc186deb4fa241c56a267b2b1b26c8e4c7aa01a9636b3143.svg","jamb","placed","data/jamb/pools/mathematics.json","390","430","1994","dcfc7aac2c0df7e7dc186deb4fa241c56a267b2b1b26c8e4c7aa01a9636b3143","","2","contains-text","false","en","Visual/text review pending; reference scan is not visual approval."
"/assets/img/jamb/dd898aad2119f213cc2f62901b143d5e89e5606ab97d086823fe9972e69acafa.svg","jamb","placed","data/jamb/pools/biology.json","570","450","1801","dd898aad2119f213cc2f62901b143d5e89e5606ab97d086823fe9972e69acafa","","2","contains-text","false","en","Visual/text review pending; reference scan is not visual approval."
"/assets/img/jamb/e8574258630aa460e3824ee811eae5ffae25bad74627f23a853439012adfbdc0.svg","jamb","placed","data/jamb/pools/mathematics.json","360","300","670","e8574258630aa460e3824ee811eae5ffae25bad74627f23a853439012adfbdc0","","2","contains-text","false","en","Visual/text review pending; reference scan is not visual approval."
"/assets/img/jamb/e8b937f061502d7aacdfd6715bf5d05a42b1c17620e2209e222fec5391d01a48.svg","jamb","placed","data/jamb/pools/mathematics.json","620","450","588","e8b937f061502d7aacdfd6715bf5d05a42b1c17620e2209e222fec5391d01a48","","2","contains-text","false","en","Visual/text review pending; reference scan is not visual approval."
"/assets/img/jamb/eea21e04e24416579bdd23fdcc829dcf50d76816a5397bcb28827519450b81e1.svg","jamb","placed","data/jamb/pools/biology.json","760","370","1288","eea21e04e24416579bdd23fdcc829dcf50d76816a5397bcb28827519450b81e1","","2","contains-text","false","en","Visual/text review pending; reference scan is not visual approval."
"/assets/img/jamb/f8cf007ae20f9c8a31856cdadb66c0b6301b33e6150acaafa5fdf8ca846673d9.svg","jamb","placed","data/jamb/pools/mathematics.json","720","300","1181","f8cf007ae20f9c8a31856cdadb66c0b6301b33e6150acaafa5fdf8ca846673d9","","2","contains-text","false","en","Visual/text review pending; reference scan is not visual approval."
"/assets/img/kitchen-category-banner.webp","brand-and-banners","placed","tools/afrokitchen/recipes/abacha-ng/index.html","1200","675","192916","97fd19d13c8c1c3a7a09650ce400a9fbffcc27b52ee1ef3bbd170005a60cfae3","","165","not-reviewed","false","en","Visual/text review pending; reference scan is not visual approval."
"/assets/img/kitchen-hero-banner.webp","brand-and-banners","rejected-artwork","index.html","1200","675","81456","1052d177743e860b3d7fd62ac7682fc97f6a157baa7ae3fa1b019482884e65c2","","0","embedded-text-or-unverified-details","false","","Visual review: promotional collage or mock interface, embedded copy, or unverified map/currency/UI details. Reject for automatic public placement and translated reuse; retain original in the design archive."
"/assets/img/kitchen/abacha-ng.webp","kitchen","placed","tools/afrokitchen/cuisine-intelligence-data.js","800","600","138380","12252c66448c231c736b22a34f595c9876829c9c2504720efb3af078db2acc23","","6","text-free-reviewed","true","en","Contact sheet reviewed against saved recipe description; no visible text. Reuse only for this dish and matching translations."
"/assets/img/kitchen/ablo-tg.webp","kitchen","placed","tools/afrokitchen/cuisine-intelligence-data.js","800","600","100524","45559e43e3ea06cd7f96151f5e94fba94505e2bd064a1921d0f04915b8652f69","","6","text-free-reviewed","true","en","Contact sheet reviewed against saved recipe description; no visible text. Reuse only for this dish and matching translations."
"/assets/img/kitchen/achu-soup-cm.webp","kitchen","placed","tools/afrokitchen/countries/cameroon/index.html","800","600","31086","395f504cf6ca51d1f646b64882120402882dc0fb8863ee7521d78859d1cc5ecd","","11","not-reviewed","false","en","Visual/text review pending; reference scan is not visual approval."
"/assets/img/kitchen/agashe-sd.webp","kitchen","placed","tools/afrokitchen/cuisine-intelligence-data.js","800","600","156428","a65fb47d7f726bf472bc85d7f8478acebc9060a7a5e12201d6e5a43fb69c5a3f","","6","text-free-reviewed","true","en","Contact sheet reviewed against saved recipe description; no visible text. Reuse only for this dish and matching translations."
"/assets/img/kitchen/agatoke-bi.webp","kitchen","placed","tools/afrokitchen/countries/burundi/index.html","800","600","37260","c4a7f0d53820d752ee4654e35a558de21753d4f79d5c1f43339d3b81b481a7e8","","10","not-reviewed","false","en","Visual/text review pending; reference scan is not visual approval."
"/assets/img/kitchen/akara-ng.webp","kitchen","placed","tools/afrokitchen/cuisine-intelligence-data.js","800","600","107324","b245506904b1d13dde180e37c81081377fcc402444470490d9ae3939e24eb9c5","","7","text-free-reviewed","true","en","Contact sheet reviewed against saved recipe description; no visible text. Reuse only for this dish and matching translations."
"/assets/img/kitchen/akara-sl.webp","kitchen","placed","tools/afrokitchen/cuisine-intelligence-data.js","800","600","116036","fda271b92fba94f337782799a3b937864f2a21cafec438fea33c4cfdd3626a75","","7","text-free-reviewed","true","en","Contact sheet reviewed against saved recipe description; no visible text. Reuse only for this dish and matching translations."
"/assets/img/kitchen/akoho-sy-voanio-mg.webp","kitchen","placed","tools/afrokitchen/countries/madagascar/index.html","800","600","55208","5b81be2628371a5d0b4e24e0a1f620178c89419adfb5d87f641f3976aa3a715f","","14","not-reviewed","false","en","Visual/text review pending; reference scan is not visual approval."
"/assets/img/kitchen/alloco-ci.webp","kitchen","placed","tools/afrokitchen/collections/quick-and-easy/index.html","800","600","99186","87775a0e2ee6a4bb0bd1dd1d813d77291aae92e90ab4734ffa05a0c00681bce2","","15","not-reviewed","false","en","Visual/text review pending; reference scan is not visual approval."
"/assets/img/kitchen/alouda-mu.webp","kitchen","placed","tools/afrokitchen/countries/mauritius/index.html","800","600","38916","fee273937e6badf678fe0cace9f066ca4d01019ac4fbae5493bdffb563ef61d4","","9","not-reviewed","false","en","Visual/text review pending; reference scan is not visual approval."
"/assets/img/kitchen/amala-ewedu-gbegiri-ng.webp","kitchen","placed","tools/afrokitchen/cuisine-intelligence-data.js","800","600","133614","68cd5e2964c6cb3caebeb1fcc6f4121934cd7d8bd54f8fc9b8b059b7681cdf9d","","6","text-free-reviewed","true","en","Contact sheet reviewed against saved recipe description; no visible text. Reuse only for this dish and matching translations."
"/assets/img/kitchen/amiwo-bj-2.webp","kitchen","placed","tools/afrokitchen/recipes/amiwo-bj/index.html","800","640","61902","1c53b2afabb6d4a12a8a1faf4ee7b39043d81837e7b3967401895f448f18bf34","","1","not-reviewed","false","en","Visual/text review pending; reference scan is not visual approval."
"/assets/img/kitchen/amiwo-bj-3.webp","kitchen","placed","tools/afrokitchen/recipes/amiwo-bj/index.html","800","533","76652","0c8120ae38760816c59aabb6fba032b3c9cfe3cd6c08f89e0248cf14d5bc433a","","1","not-reviewed","false","en","Visual/text review pending; reference scan is not visual approval."
"/assets/img/kitchen/amiwo-bj-4.webp","kitchen","placed","tools/afrokitchen/recipes/amiwo-bj/index.html","800","600","69734","931186ec28927678a8e0e5512ebd778634ac818543e3035347d1cb8f57a19227","","1","not-reviewed","false","en","Visual/text review pending; reference scan is not visual approval."
"/assets/img/kitchen/amiwo-bj.webp","kitchen","placed","tools/afrokitchen/countries/benin/index.html","800","600","78524","4f945f95acd3944c1a9ad451e42f23db0ca5e99bba46999a421f972137479340","","13","not-reviewed","false","en","Visual/text review pending; reference scan is not visual approval."
"/assets/img/kitchen/angu-de-banana-st.webp","kitchen","placed","tools/afrokitchen/cuisine-intelligence-data.js","800","600","89916","e9c3d1b1d4b852b8488c30ab759bd163401b19e9731290d40fcfc1fcd082a4ef","","6","text-free-reviewed","true","en","Contact sheet reviewed against saved recipe description; no visible text. Reuse only for this dish and matching translations."
"/assets/img/kitchen/arroz-de-caju-gw.webp","kitchen","placed","tools/afrokitchen/collections/one-pot-wonders/index.html","800","600","87530","9bf2ad970df7bee5fcd008a04cb273badb6c4cb15670c60ac8e5e6a59ac5fef1","","14","not-reviewed","false","en","Visual/text review pending; reference scan is not visual approval."
"/assets/img/kitchen/asida-ly.webp","kitchen","placed","tools/afrokitchen/collections/breakfast-and-tea-table/index.html","800","600","39424","5e03f049778a6345f2dd0cde293cf1b3a2899f6a59d874f06ab0be98e8f5f645","","12","not-reviewed","false","en","Visual/text review pending; reference scan is not visual approval."
"/assets/img/kitchen/atanga-ga.webp","kitchen","placed","tools/afrokitchen/collections/breakfast-and-tea-table/index.html","800","600","75514","8cf962920cfb1869897dd65920c69c436a47d2b603dc0e23459641640bc990e1","","10","not-reviewed","false","en","Visual/text review pending; reference scan is not visual approval."
"/assets/img/kitchen/atassi-watche-bj.webp","kitchen","placed","tools/afrokitchen/countries/benin/index.html","800","600","43354","e4a5a9135135a25ebc30debccb7c69ab0dc9a9ad83a32a2235c9d941b29e32e5","","8","not-reviewed","false","en","Visual/text review pending; reference scan is not visual approval."
"/assets/img/kitchen/atkilt-wat-et.webp","kitchen","placed","tools/afrokitchen/collections/ethiopian-fasting-table/index.html","800","600","39154","dfbe58f892e96ba428584d266ade4d8d36d418eca128a48ecc9635d4166bf7f5","","16","not-reviewed","false","en","Visual/text review pending; reference scan is not visual approval."
"/assets/img/kitchen/attieke-poisson-ci.webp","kitchen","placed","tools/afrokitchen/collections/across-africa-showstoppers/index.html","800","450","109724","94252227ec825f369fdfd4d139692e39c1951dc67a62eba99691ede5cf5b5dfd","","15","not-reviewed","false","en","Visual/text review pending; reference scan is not visual approval."
"/assets/img/kitchen/ayamase-ofada-stew-ng.webp","kitchen","placed","tools/afrokitchen/cuisine-intelligence-data.js","800","600","142704","585993c8e4407802db80d679d2e7cb2670153557b5b5a0d47f56430830ecdee1","","7","text-free-reviewed","true","en","Contact sheet reviewed against saved recipe description; no visible text. Reuse only for this dish and matching translations."
"/assets/img/kitchen/babenda-bf.webp","kitchen","placed","tools/afrokitchen/collections/vegetarian-africa/index.html","800","600","77104","6c3b327dad164d06ade2df5385ed820e61aa537bbd1d9be98854e689884fd558","","14","not-reviewed","false","en","Visual/text review pending; reference scan is not visual approval."
"/assets/img/kitchen/banana-fritters-gq.webp","kitchen","placed","tools/afrokitchen/collections/breakfast-and-tea-table/index.html","800","600","92116","4f2bfb811a67f50e8da06b4b0a5c3f9f1defefa43864bc7929f52890821aa370","","15","not-reviewed","false","en","Visual/text review pending; reference scan is not visual approval."
"/assets/img/kitchen/banga-soup-ng.webp","kitchen","placed","tools/afrokitchen/cuisine-intelligence-data.js","800","600","128494","ae4d9c6c0f2408a1afcca3af6b4054bdfc66af4d51500098aff897f9fc08f9ea","","5","text-free-reviewed","true","en","Contact sheet reviewed against saved recipe description; no visible text. Reuse only for this dish and matching translations."
"/assets/img/kitchen/banku-tilapia-gh.webp","kitchen","placed","tools/afrokitchen/collections/across-africa-showstoppers/index.html","800","600","81854","a3db6bc45ba6d9d68c2294b91122c5bde377e8950e89eddcc664bf5a1f8c9230","","15","not-reviewed","false","en","Visual/text review pending; reference scan is not visual approval."
"/assets/img/kitchen/bariis-iskukaris.webp","kitchen","placed","tools/afrokitchen/cuisine-intelligence-data.js","800","600","127968","9bb065e6d86c949ce9fc7d90fb6fa9cccba84c2207137e319bbc08b22862f6f9","","7","text-free-reviewed","true","en","Contact sheet reviewed against saved recipe description; no visible text. Reuse only for this dish and matching translations."
"/assets/img/kitchen/basbousa-sd.webp","kitchen","placed","tools/afrokitchen/cuisine-intelligence-data.js","800","600","144076","43f96c9d0c2a5af55d3c7e29fcde7deb2d0ef8e4b4d54c7de949124fb6dc60d2","","10","text-free-reviewed","true","en","Contact sheet reviewed against saved recipe description; no visible text. Reuse only for this dish and matching translations."
"/assets/img/kitchen/bazin-ly.webp","kitchen","placed","tools/afrokitchen/collections/one-pot-family-meals/index.html","800","600","84502","baa5112a8fdf81cacd12c5702d75ea4e01cc333d84b92a7cebad4579ce2c76e3","","18","not-reviewed","false","en","Visual/text review pending; reference scan is not visual approval."
"/assets/img/kitchen/beignets-banane-ga.webp","kitchen","placed","tools/afrokitchen/collections/breakfast-and-tea-table/index.html","800","600","82004","e1c2cd8dd8123880ce15cbbab06bceb099378ed30acee82fb15d122f3d882bcf","","13","not-reviewed","false","en","Visual/text review pending; reference scan is not visual approval."
"/assets/img/kitchen/benachin-gm.webp","kitchen","placed","tools/afrokitchen/collections/one-pot-wonders/index.html","800","600","58952","b01e6b2dec296a535f4fbbac263ef0343e4c89cfd41dfcc947400f9cf0d90e99","","14","not-reviewed","false","en","Visual/text review pending; reference scan is not visual approval."
"/assets/img/kitchen/benga-bf.webp","kitchen","placed","tools/afrokitchen/collections/vegetarian-african-classics/index.html","800","600","24482","29d374bd3138bb63b8f6f82c36bda15468df2592e264690636c37e3fd134e074","","13","not-reviewed","false","en","Visual/text review pending; reference scan is not visual approval."
"/assets/img/kitchen/bessara-ma.webp","kitchen","placed","tools/afrokitchen/collections/moroccan-salads-soups-and-breads/index.html","800","600","62754","3e4d8ba9ab88bc619b6b847897cd799c78e1654297dd3c332ea09151395a9baf","","12","not-reviewed","false","en","Visual/text review pending; reference scan is not visual approval."
"/assets/img/kitchen/bilola-gq.webp","kitchen","placed","tools/afrokitchen/collections/breakfast-and-tea-table/index.html","800","600","103022","6ce07df2f65d785f60cad19011a5daac3159610ac4a8f4c009f14a9c21efa010","","12","not-reviewed","false","en","Visual/text review pending; reference scan is not visual approval."
"/assets/img/kitchen/binch-akara-sl.webp","kitchen","placed","tools/afrokitchen/cuisine-intelligence-data.js","800","600","131028","2f8ca2ff7ec96d04dac5fd4a6a27e53567714f2a8c8cf3375346dcac66168716","","8","text-free-reviewed","true","en","Contact sheet reviewed against saved recipe description; no visible text. Reuse only for this dish and matching translations."
"/assets/img/kitchen/binyebwa-ug.webp","kitchen","placed","tools/afrokitchen/cuisine-intelligence-data.js","800","600","134966","2d33318e73c36b71f226b3d6d98906e4520eee163811ba0dc731d7d272a2802f","","8","text-free-reviewed","true","en","Contact sheet reviewed against saved recipe description; no visible text. Reuse only for this dish and matching translations."
"/assets/img/kitchen/bobotie-za.webp","kitchen","placed","tools/afrokitchen/collections/across-africa-showstoppers/index.html","800","600","48344","da050a8734c0bda6807712e171777b63a9981b1665004211b90038666c8bb2dc","","18","not-reviewed","false","en","Visual/text review pending; reference scan is not visual approval."
"/assets/img/kitchen/boerewors-za.webp","kitchen","placed","tools/afrokitchen/cuisine-intelligence-data.js","800","600","159134","4efd629f40942f0cce2d92eebc80e7ee022478ccda4102afd941877e58044c0b","","6","text-free-reviewed","true","en","Contact sheet reviewed against saved recipe description; no visible text. Reuse only for this dish and matching translations."
"/assets/img/kitchen/bogobe-jwa-lerotse-bw.webp","kitchen","placed","tools/afrokitchen/collections/breakfast-and-tea-table/index.html","800","600","18322","6ff039a05e88597c12532b0cc0cf4643d8091d3c8b6aa1f97cdb76b54ded2101","","13","not-reviewed","false","en","Visual/text review pending; reference scan is not visual approval."
"/assets/img/kitchen/boli-ng.webp","kitchen","placed","tools/afrokitchen/cuisine-intelligence-data.js","800","600","130230","e2f8a69e43e2b8692e58ef65e0614beef3d0933eca23882fd9f6ea3c6161d877","","6","text-free-reviewed","true","en","Contact sheet reviewed against saved recipe description; no visible text. Reuse only for this dish and matching translations."
"/assets/img/kitchen/boulaghmane-eh.webp","kitchen","placed","tools/afrokitchen/cuisine-intelligence-data.js","800","600","115746","9d349ce30fbb7d991fe0c2ea5cecc0f17f3c32bfca3c471cf58fcf72d579f2dd","","5","text-free-reviewed","true","en","Contact sheet reviewed against saved recipe description; no visible text. Reuse only for this dish and matching translations."
"/assets/img/kitchen/boule-td.webp","kitchen","placed","tools/afrokitchen/collections/quick-and-easy/index.html","800","600","97072","07067df6535f7a61e29c0dbae4f5d37f306ac1fb7a49ae2604cc197787487486","","15","not-reviewed","false","en","Visual/text review pending; reference scan is not visual approval."
"/assets/img/kitchen/brik-tn.webp","kitchen","placed","tools/afrokitchen/cuisine-intelligence-data.js","800","600","110526","2b9d2b390529f575077938d29e1ee7279907d52ce17e7e4001c374a7532cc4de","","6","text-free-reviewed","true","en","Contact sheet reviewed against saved recipe description; no visible text. Reuse only for this dish and matching translations."
"/assets/img/kitchen/bunny-chow-za.webp","kitchen","placed","tools/afrokitchen/collections/across-africa-showstoppers/index.html","800","600","17878","bbc884a743f02f16e69da6effd04c231a4294605960a720c452b4a16a59d06b2","","18","not-reviewed","false","en","Visual/text review pending; reference scan is not visual approval."
"/assets/img/kitchen/burundian-brochettes-bi.webp","kitchen","placed","tools/afrokitchen/countries/burundi/index.html","800","600","71566","a46b001bf5d44b6609185065566d7d6f71aba32cccb1cd781da74850266cf2b0","","14","not-reviewed","false","en","Visual/text review pending; reference scan is not visual approval."
"/assets/img/kitchen/burundian-isombe.webp","kitchen","placed","tools/afrokitchen/countries/burundi/index.html","800","600","105186","4465dab99c898f5b3219013e68bd7d5f88528ee53b8b7037811167eb98b153d0","","15","not-reviewed","false","en","Visual/text review pending; reference scan is not visual approval."
"/assets/img/kitchen/buzio-caboverdiano-cv.webp","kitchen","placed","tools/afrokitchen/countries/cape-verde/index.html","800","600","48960","814a3dc9027f0cd7fc8a23134728761f7de4d2616e58c2134869a04b1cd88092","","9","not-reviewed","false","en","Visual/text review pending; reference scan is not visual approval."
"/assets/img/kitchen/cabidela-de-galinha-ao.webp","kitchen","placed","tools/afrokitchen/countries/angola/index.html","800","600","36492","929c26fa73794ee233a42621e038499b87149eef65bbe33485ac6b578c11db58","","12","not-reviewed","false","en","Visual/text review pending; reference scan is not visual approval."
"/assets/img/kitchen/cachupa-rica-cv.webp","kitchen","placed","tools/afrokitchen/collections/across-africa-showstoppers/index.html","800","450","54464","5f082a744c6601b2b7a5e4956d5663cbc0845b1e2e24fe82b5ed4724aff8b769","","17","not-reviewed","false","en","Visual/text review pending; reference scan is not visual approval."
"/assets/img/kitchen/caldo-chabeu-gw.webp","kitchen","placed","tools/afrokitchen/countries/guinea-bissau/index.html","800","600","60464","6c874c81d45eae1ddf74afe62a08ce361c3c1cd8fb9773449506de65b52abbf2","","10","not-reviewed","false","en","Visual/text review pending; reference scan is not visual approval."
"/assets/img/kitchen/caldo-de-mancarra-gw.webp","kitchen","placed","tools/afrokitchen/collections/swallow-and-soup-table/index.html","800","600","105988","9668157c3ae34d78cc936a62fd8278c63d07d59eb66e6fe8fff7c2e99d29e374","","15","not-reviewed","false","en","Visual/text review pending; reference scan is not visual approval."
"/assets/img/kitchen/caldo-mancarra-gw.webp","kitchen","placed","tools/afrokitchen/countries/guinea-bissau/index.html","800","600","75386","bbfd08e2497e8769dddead39e86992b3c64534d0e7b79219317a77f27858e3e8","","8","not-reviewed","false","en","Visual/text review pending; reference scan is not visual approval."
"/assets/img/kitchen/calulu-de-peixe-ao.webp","kitchen","placed","tools/afrokitchen/countries/angola/index.html","800","600","61308","b243e26c6a74496c062cb24acf27dbda8c8a8d04616f31af8d78744f28c3c7d5","","12","not-reviewed","false","en","Visual/text review pending; reference scan is not visual approval."
"/assets/img/kitchen/calulu-st.webp","kitchen","placed","tools/afrokitchen/collections/one-pot-family-meals/index.html","800","600","37492","7568e9fcbb44c1dae0e60a03c9718baaadee94bab3c40471129802b3bf9a8200","","16","not-reviewed","false","en","Visual/text review pending; reference scan is not visual approval."
"/assets/img/kitchen/cambaboor-dj.webp","kitchen","placed","tools/afrokitchen/countries/djibouti/index.html","800","600","90854","5bdcd5020aa77ff2d6debbd70fae38a70078318a4f7bfcdcab150a097722460e","","13","not-reviewed","false","en","Visual/text review pending; reference scan is not visual approval."
"/assets/img/kitchen/canja-cv.webp","kitchen","placed","tools/afrokitchen/collections/one-pot-wonders/index.html","800","600","91146","f04dba7f4edf24133326911579c4b240714e47a93faddd6bf8ddc8b839cdc11a","","14","not-reviewed","false","en","Visual/text review pending; reference scan is not visual approval."
"/assets/img/kitchen/canjeero.webp","kitchen","placed","tools/afrokitchen/cuisine-intelligence-data.js","800","600","123492","5e12ed7cf5d187f15bce777a0e7df1084987412a48a9e5d0120cc2ca45d20618","","7","text-free-reviewed","true","en","Contact sheet reviewed against saved recipe description; no visible text. Reuse only for this dish and matching translations."
"/assets/img/kitchen/cassava-leaf-stew-sl.webp","kitchen","placed","tools/afrokitchen/collections/swallow-and-soup-table/index.html","800","600","94550","a78a92a98964682437ab687749777022c492e22a0919985967f594c8e6310bbc","","16","not-reviewed","false","en","Visual/text review pending; reference scan is not visual approval."
"/assets/img/kitchen/ceebu-yapp-sn.webp","kitchen","placed","tools/afrokitchen/cuisine-intelligence-data.js","800","600","147212","802ebd6cb5866361808b3f468b8e1b512c9823de46a0ee7b845aa2705f87913d","","6","text-free-reviewed","true","en","Contact sheet reviewed against saved recipe description; no visible text. Reuse only for this dish and matching translations."
"/assets/img/kitchen/central-african-peanut-stew-cf.webp","kitchen","placed","tools/afrokitchen/countries/central-african-republic/index.html","800","600","57558","151a35553f55e2a1defd0be9703d3ea1c08ee177fad21b642c4a97048549f8d8","","9","not-reviewed","false","en","Visual/text review pending; reference scan is not visual approval."
"/assets/img/kitchen/chabeu-gw.webp","kitchen","placed","tools/afrokitchen/collections/one-pot-wonders/index.html","800","600","92268","cf26c1a4d29276bd07b3bcad442a86035984da6ea7390b2804ac8af0b5934a3b","","15","not-reviewed","false","en","Visual/text review pending; reference scan is not visual approval."
"/assets/img/kitchen/chakalaka-za.webp","kitchen","placed","tools/afrokitchen/cuisine-intelligence-data.js","800","600","108470","195e9be919f2a1e8323f4c60d8bc52290ba719b362ebe4727afcc0eda669cbd5","","6","text-free-reviewed","true","en","Contact sheet reviewed against saved recipe description; no visible text. Reuse only for this dish and matching translations."
"/assets/img/kitchen/chakhchoukha-dz.webp","kitchen","placed","tools/afrokitchen/collections/swallow-and-soup-table/index.html","800","600","147510","058475e1b0d5b2e52eb33d094ab08f69a015bcd6a12613246c0f911eade71c6d","","14","not-reviewed","false","en","Visual/text review pending; reference scan is not visual approval."
"/assets/img/kitchen/chebakia-ma.webp","kitchen","placed","tools/afrokitchen/collections/moroccan-salads-soups-and-breads/index.html","800","600","111080","c3ea62db6812b55d3daf9d7d569ca4cc1170596f7562336edb7341d2504f8623","","13","not-reviewed","false","en","Visual/text review pending; reference scan is not visual approval."
"/assets/img/kitchen/chicken-pastilla-ma.webp","kitchen","placed","tools/afrokitchen/collections/moroccan-salads-soups-and-breads/index.html","800","600","85418","b9742ab401e92f0d89a4250525ea9700867d0637ec2b9cc3fc399fbe6cb7414e","","12","not-reviewed","false","en","Visual/text review pending; reference scan is not visual approval."
"/assets/img/kitchen/chicken-tagine-preserved-lemons-ma.webp","kitchen","placed","tools/afrokitchen/collections/across-africa-showstoppers/index.html","800","600","82886","1a5c895e46260a3988d474ca1e4b7c37d71f173422a3323129010bbff98abd26","","25","not-reviewed","false","en","Visual/text review pending; reference scan is not visual approval."
"/assets/img/kitchen/chicken-yassa-gm.webp","kitchen","placed","tools/afrokitchen/countries/gambia/index.html","800","600","85250","9d26438993924bb88b78e7f5e3f5548d011b99767b1f33a5dfdb6d32adc9bceb","","12","not-reviewed","false","en","Visual/text review pending; reference scan is not visual approval."
"/assets/img/kitchen/chikanda.webp","kitchen","placed","tools/afrokitchen/cuisine-intelligence-data.js","800","600","121488","034afcc6953867899f27f75e1af6633240b2c14689f539a336d4cf1ca1581c68","","10","text-free-reviewed","true","en","Contact sheet reviewed against saved recipe description; no visible text. Reuse only for this dish and matching translations."
"/assets/img/kitchen/chipsi-mayai.webp","kitchen","placed","tools/afrokitchen/cuisine-intelligence-data.js","800","600","120594","a7787b8d446eddaea1041e2bcb17429ae0fb8babc232dd8de54e31fc4288908f","","6","text-free-reviewed","true","en","Contact sheet reviewed against saved recipe description; no visible text. Reuse only for this dish and matching translations."
"/assets/img/kitchen/chocolate-quente-st.webp","kitchen","placed","tools/afrokitchen/collections/breakfast-and-tea-table/index.html","800","450","41186","0027d08a862d1386121542b64e2171ba48dd4cc17ee24228fea972532f793d71","","17","not-reviewed","false","en","Visual/text review pending; reference scan is not visual approval."
"/assets/img/kitchen/chorba-frik-dz.webp","kitchen","placed","tools/afrokitchen/collections/swallow-and-soup-table/index.html","800","600","39404","72faef2239dc850519922d1002e62a49053d6a6daafffda97c56fbf0d761c43b","","15","not-reviewed","false","en","Visual/text review pending; reference scan is not visual approval."
"/assets/img/kitchen/couscous-royal-dz-2.webp","kitchen","placed","tools/afrokitchen/recipes/couscous-royal-dz/index.html","800","533","93396","26f9a8b3343709e219c78d067530f70d6ba1ad79f4f2540d7c195434eb5ae4e2","","1","not-reviewed","false","en","Visual/text review pending; reference scan is not visual approval."
"/assets/img/kitchen/couscous-royal-dz-3.webp","kitchen","placed","tools/afrokitchen/recipes/couscous-royal-dz/index.html","800","600","107134","2c2474c99e19ffde6b6baf906f18324361e191e79094baf4546971762e6070fd","","1","not-reviewed","false","en","Visual/text review pending; reference scan is not visual approval."
"/assets/img/kitchen/couscous-royal-dz-4.webp","kitchen","placed","tools/afrokitchen/recipes/couscous-royal-dz/index.html","800","640","64322","68f095556811def697df7bb6ee9dc568befa82703e9c762767b3e5a9a0d9106d","","1","not-reviewed","false","en","Visual/text review pending; reference scan is not visual approval."
"/assets/img/kitchen/couscous-royal-dz-5.webp","kitchen","placed","tools/afrokitchen/recipes/couscous-royal-dz/index.html","800","533","74440","5c117a255a78a1e771b9c82b71b8a6887067f30a5bdd9e1b90eabcaff293d5f2","","1","not-reviewed","false","en","Visual/text review pending; reference scan is not visual approval."
"/assets/img/kitchen/couscous-royal-dz.webp","kitchen","placed","tools/afrokitchen/collections/across-africa-showstoppers/index.html","554","554","78696","c5a874fc3297e6902675fb1565c50eb9185eff1319ea16aa834ba8dd9a2b6d5a","","20","not-reviewed","false","en","Visual/text review pending; reference scan is not visual approval."
"/assets/img/kitchen/dakouin-bj.webp","kitchen","placed","tools/afrokitchen/countries/benin/index.html","800","600","70022","e5504ff208d0dfdf292b31c38f2849529dd0671d2fa8d1f749629e62bb835612","","12","not-reviewed","false","en","Visual/text review pending; reference scan is not visual approval."
"/assets/img/kitchen/dambou-ne.webp","kitchen","placed","tools/afrokitchen/cuisine-intelligence-data.js","800","600","136580","b1ae91596953cdda38585c65e5c90cae466678898a85237aba38a357c3de0d43","","9","text-free-reviewed","true","en","Contact sheet reviewed against saved recipe description; no visible text. Reuse only for this dish and matching translations."
"/assets/img/kitchen/daraba-td.webp","kitchen","placed","tools/afrokitchen/collections/one-pot-family-meals/index.html","800","450","73086","f20da2a9916b5580402e4f47a3404e526c032ea6cf3159c93275d8ba271b7ad1","","19","not-reviewed","false","en","Visual/text review pending; reference scan is not visual approval."
"/assets/img/kitchen/dholl-puri-mu.webp","kitchen","placed","tools/afrokitchen/countries/mauritius/index.html","800","600","51504","e6e052ebd42421f65f2127dffdeb183aac26b7ec641a02c2afc5d15269975a54","","14","not-reviewed","false","en","Visual/text review pending; reference scan is not visual approval."
"/assets/img/kitchen/dholl-puri.webp","kitchen","placed","tools/afrokitchen/collections/street-food/index.html","800","600","87820","58eceb5e00b893e933386b67fac8fbd391c144aa8f21ef4454f774ff4b7e26c8","","12","not-reviewed","false","en","Visual/text review pending; reference scan is not visual approval."
"/assets/img/kitchen/dibi-sn.webp","kitchen","placed","tools/afrokitchen/cuisine-intelligence-data.js","800","600","145414","e6b9e43bd4ab781239d90b71f538ed57bb0054d9698e167f0eac1aee5732c957","","5","text-free-reviewed","true","en","Contact sheet reviewed against saved recipe description; no visible text. Reuse only for this dish and matching translations."
"/assets/img/kitchen/dikgobe-bw.webp","kitchen","placed","tools/afrokitchen/collections/vegetarian-african-classics/index.html","800","600","56436","d59df0248eee6f1f51084e5f9b41635c940651516b1b866371b2d57a9396472a","","10","not-reviewed","false","en","Visual/text review pending; reference scan is not visual approval."
"/assets/img/kitchen/djabadji-ml.webp","kitchen","placed","tools/afrokitchen/countries/mali/index.html","800","600","82220","e82e7ae6f3b50d4f9b8c43f1b8c6c9b10c7dd31c322ce50813e88799b310a60e","","11","not-reviewed","false","en","Visual/text review pending; reference scan is not visual approval."
"/assets/img/kitchen/djenkoume-tg.webp","kitchen","placed","tools/afrokitchen/cuisine-intelligence-data.js","800","600","112646","797d907f7ad94ef021658f7902597ff4fca0bc50ca278eb5504e5c7d48fc6df2","","6","text-free-reviewed","true","en","Contact sheet reviewed against saved recipe description; no visible text. Reuse only for this dish and matching translations."
"/assets/img/kitchen/djiboutian-laxoox.webp","kitchen","placed","tools/afrokitchen/collections/breakfast-and-tea-table/index.html","800","600","93512","74c7e787c46da60a8a4d24e09a7c2baf796c2e555c9f9d3dc8d8bfb3e50674ac","","10","not-reviewed","false","en","Visual/text review pending; reference scan is not visual approval."
"/assets/img/kitchen/djouka-fonio-ml.webp","kitchen","placed","tools/afrokitchen/cuisine-intelligence-data.js","800","600","129656","bbf6e9a4e10f1f89817773fec75003b281a96edd38af7471c6201c29c3885fb5","","5","text-free-reviewed","true","en","Contact sheet reviewed against saved recipe description; no visible text. Reuse only for this dish and matching translations."
"/assets/img/kitchen/dobara-biskra-dz.webp","kitchen","placed","tools/afrokitchen/collections/vegetarian-african-classics/index.html","800","600","57018","c32efadb674842ce9607f0be8de796c2fb8926f9b24ef818bea4098e58ee317c","","10","not-reviewed","false","en","Visual/text review pending; reference scan is not visual approval."
"/assets/img/kitchen/domoda-gm.webp","kitchen","placed","tools/afrokitchen/collections/one-pot-family-meals/index.html","800","600","62924","afc108ac738ce67dde36a9b8085b950d95081884aca5b0cd584f6761bcf7068d","","15","not-reviewed","false","en","Visual/text review pending; reference scan is not visual approval."
"/assets/img/kitchen/doro-wat.webp","kitchen","placed","tools/afrokitchen/collections/across-africa-showstoppers/index.html","800","450","124014","811badad5a071f99b2c3560fbda783498b3ef24cd325aca5428e20031bec7c68","","21","not-reviewed","false","en","Visual/text review pending; reference scan is not visual approval."
"/assets/img/kitchen/dovi-zw.webp","kitchen","placed","tools/afrokitchen/collections/swallow-and-soup-table/index.html","800","600","66180","1744b5b816190720569e6cdc57658e8cf00d84810c3da60e81b0862d6460531e","","16","not-reviewed","false","en","Visual/text review pending; reference scan is not visual approval."
"/assets/img/kitchen/dumboy-lr.webp","kitchen","placed","tools/afrokitchen/countries/liberia/index.html","800","600","67156","a972a07f205b9f917e2cd9cacf80818ec811817bf4a796a56d2f6a898632c339","","8","not-reviewed","false","en","Visual/text review pending; reference scan is not visual approval."
"/assets/img/kitchen/edikang-ikong-ng.webp","kitchen","placed","tools/afrokitchen/cuisine-intelligence-data.js","800","600","145700","74e9a5f83b98e038805f5ad80739a5fc0592919e6e21c0a27d65b2bf43c2d2c8","","7","text-free-reviewed","true","en","Contact sheet reviewed against saved recipe description; no visible text. Reuse only for this dish and matching translations."
"/assets/img/kitchen/emasi-etinkhobe-sz.webp","kitchen","placed","tools/afrokitchen/countries/eswatini/index.html","800","600","64330","5a4349ff65734c45e7c22e4fbacc0bf2019d0ff8870fa271544897f94225962e","","12","not-reviewed","false","en","Visual/text review pending; reference scan is not visual approval."
"/assets/img/kitchen/eritrean-ful.webp","kitchen","placed","tools/afrokitchen/collections/breakfast-and-tea-table/index.html","800","600","75598","fd39145ac3794039a5456d342dbda91788df7bfc378dd5c6df8877ef6cbeeaf4","","18","not-reviewed","false","en","Visual/text review pending; reference scan is not visual approval."
"/assets/img/kitchen/eritrean-shiro.webp","kitchen","placed","tools/afrokitchen/collections/ethiopian-fasting-table/index.html","800","600","97420","9942347def2bb498fcf7b6d0058c884f348b19d90d9da0481445b1a2927e3006","","14","not-reviewed","false","en","Visual/text review pending; reference scan is not visual approval."
"/assets/img/kitchen/eru-cm.webp","kitchen","placed","tools/afrokitchen/countries/cameroon/index.html","800","600","71944","fa84f5d17b55fac5c575334f679f2524c622d2b26d1b0abfd198c5808700f60f","","11","not-reviewed","false","en","Visual/text review pending; reference scan is not visual approval."
"/assets/img/kitchen/fah-fah-dj.webp","kitchen","placed","tools/afrokitchen/countries/djibouti/index.html","800","600","51472","9a54552f1f3dc6e2232940ed7b06a9238e16dcf3598d9e231e591ba36d9b8395","","12","not-reviewed","false","en","Visual/text review pending; reference scan is not visual approval."
"/assets/img/kitchen/fah-fah.webp","kitchen","placed","tools/afrokitchen/countries/djibouti/index.html","800","600","99056","015c9c7474bfb34eb0c4c1e4f6098304cf46ac22dad605887ab2d4af8fd64599","","12","not-reviewed","false","en","Visual/text review pending; reference scan is not visual approval."
"/assets/img/kitchen/fakoye-ml.webp","kitchen","placed","tools/afrokitchen/countries/mali/index.html","800","600","120642","0f38f645e7eaa1d641101516aee22b83530a3e558dfa68d83b559f9cf619f207","","12","not-reviewed","false","en","Visual/text review pending; reference scan is not visual approval."
"/assets/img/kitchen/fangasou-td.webp","kitchen","placed","tools/afrokitchen/collections/breakfast-and-tea-table/index.html","800","600","93384","051985d68aef5c3c560b8dada234a1a136d49018489dbd4118a1aee22d3c86f2","","11","not-reviewed","false","en","Visual/text review pending; reference scan is not visual approval."
"/assets/img/kitchen/fataya-sn.webp","kitchen","placed","tools/afrokitchen/cuisine-intelligence-data.js","800","600","103576","c8f6cfa990d42d958530d85ac91b3f3711108999fdb4d7530fc94fc9927b6e64","","7","text-free-reviewed","true","en","Contact sheet reviewed against saved recipe description; no visible text. Reuse only for this dish and matching translations."
"/assets/img/kitchen/feteer-meshaltet-eg.webp","kitchen","placed","tools/afrokitchen/countries/egypt/index.html","800","600","81650","1c6c829107c8d880119ac104f4446adda15056f750a4c569fb3057b5f0a9feaf","","11","not-reviewed","false","en","Visual/text review pending; reference scan is not visual approval."
"/assets/img/kitchen/fouti-gn.webp","kitchen","placed","tools/afrokitchen/collections/quick-and-easy/index.html","800","600","94778","46aeb9b7ba097698df209823e7eef72882eb23d9e1972e9ce799a6009fc55dbe","","11","not-reviewed","false","en","Visual/text review pending; reference scan is not visual approval."
"/assets/img/kitchen/fouti-guinea-gn.webp","kitchen","placed","tools/afrokitchen/countries/guinea/index.html","800","600","55014","ba8005c070782fd0e5e3fd299bc95fa7f52df2764cbb8c1597bb928e4a59233d","","13","not-reviewed","false","en","Visual/text review pending; reference scan is not visual approval."
"/assets/img/kitchen/foutou-sauce-graine-ci.webp","kitchen","placed","tools/afrokitchen/countries/ivory-coast/index.html","800","600","58242","fa3306367dd7388348c2c603d410573881c1474fc293be5ad2ad03cc5c03deff","","8","not-reviewed","false","en","Visual/text review pending; reference scan is not visual approval."
"/assets/img/kitchen/fufu-light-soup-gh.webp","kitchen","placed","tools/afrokitchen/countries/ghana/index.html","800","600","34920","87b5e0598847979956de3faa27a6e9efad510b34aa1861f8eecff71b7b460a19","","9","not-reviewed","false","en","Visual/text review pending; reference scan is not visual approval."
"/assets/img/kitchen/ful-medames-eg.webp","kitchen","placed","tools/afrokitchen/collections/breakfast-and-tea-table/index.html","800","600","76510","5b1cf29982c498f7ee24964e0ae7c58178a8088d67faffd718a0d996d3e8a952","","17","not-reviewed","false","en","Visual/text review pending; reference scan is not visual approval."
"/assets/img/kitchen/ful-medames-sd.webp","kitchen","placed","tools/afrokitchen/collections/street-food/index.html","800","450","66812","da18017e6deb408c18e4275d8ac7e091c22afb49cd76f60b1ad39bd685e8500d","","17","not-reviewed","false","en","Visual/text review pending; reference scan is not visual approval."
"/assets/img/kitchen/fumbwa-cd.webp","kitchen","placed","tools/afrokitchen/countries/democratic-republic-of-congo/index.html","800","600","63108","90375d5e4d09e67c01bde13aba61495b9cfffb47d5a98d68f0862c53a324b304","","12","not-reviewed","false","en","Visual/text review pending; reference scan is not visual approval."
"/assets/img/kitchen/funge-de-bombo-ao.webp","kitchen","placed","tools/afrokitchen/collections/vegetarian-african-classics/index.html","800","600","30428","f0d82af6030c318373c6e01e4c098e9de33510affb44bf5c086920688e64b645","","8","not-reviewed","false","en","Visual/text review pending; reference scan is not visual approval."
"/assets/img/kitchen/futali-mw.webp","kitchen","placed","tools/afrokitchen/countries/malawi/index.html","800","600","78092","0773984a29264e45107058a2210c8c4ae517e7c73fd27e27a194d7d1be4d38ef","","9","not-reviewed","false","en","Visual/text review pending; reference scan is not visual approval."
"/assets/img/kitchen/ga-kenkey-fried-fish-gh.webp","kitchen","placed","tools/afrokitchen/countries/ghana/index.html","800","600","91718","492ca144bdd1c67e5a2244365be2cf1a01cf1717e1e7934cc3029cc1d8698081","","8","not-reviewed","false","en","Visual/text review pending; reference scan is not visual approval."
"/assets/img/kitchen/gaat-er.webp","kitchen","placed","tools/afrokitchen/countries/eritrea/index.html","800","600","73492","656a8c32d9152918b04dcc00f05fd80ac75e49d6da00cdbe3db19ec83b707d7c","","13","not-reviewed","false","en","Visual/text review pending; reference scan is not visual approval."
"/assets/img/kitchen/garba-ci.webp","kitchen","placed","tools/afrokitchen/countries/ivory-coast/index.html","800","600","74624","93b34b6dd6c6308b325dacc4d34c42de65acb6b355fa9891ec3d5306181dc6e5","","12","not-reviewed","false","en","Visual/text review pending; reference scan is not visual approval."
"/assets/img/kitchen/gateau-piment.webp","kitchen","placed","tools/afrokitchen/collections/street-food/index.html","800","600","92172","3b93f02f18c5822b6f63d06ae82c23a4f36252754986ddea86888096b9468182","","10","not-reviewed","false","en","Visual/text review pending; reference scan is not visual approval."
"/assets/img/kitchen/gateaux-piments-mu.webp","kitchen","placed","tools/afrokitchen/countries/mauritius/index.html","800","600","75608","9405396dd7385f98c4d79e91fc0547949fd2ab9d29c0cbe6cad9b631d51e374c","","13","not-reviewed","false","en","Visual/text review pending; reference scan is not visual approval."
"/assets/img/kitchen/gb-soup-lr.webp","kitchen","placed","tools/afrokitchen/countries/liberia/index.html","800","600","105468","7ac0e9ea2cd04eadc4a20c1e3f1708decb427139f976b3bc798c13400e37b883","","12","not-reviewed","false","en","Visual/text review pending; reference scan is not visual approval."
"/assets/img/kitchen/genfo-et.webp","kitchen","placed","tools/afrokitchen/collections/breakfast-and-tea-table/index.html","800","600","63912","28591c12da0b0ff948f137a9001dc58ccd17acbe0c7448cb696000ddf124a355","","9","not-reviewed","false","en","Visual/text review pending; reference scan is not visual approval."
"/assets/img/kitchen/ginger-juice-cf.webp","kitchen","placed","tools/afrokitchen/countries/central-african-republic/index.html","800","600","29132","9fade9743a0309eb6e75c1150f45adfd301d509637ba72e8b4818f12c5a3196b","","11","not-reviewed","false","en","Visual/text review pending; reference scan is not visual approval."
"/assets/img/kitchen/ginger-juice-gn.webp","kitchen","placed","tools/afrokitchen/countries/guinea/index.html","800","600","50880","e070fe8f2c5690af8c4725f78d58a72a357f8b5ebd97c42167c95a17eeaffb49","","11","not-reviewed","false","en","Visual/text review pending; reference scan is not visual approval."
"/assets/img/kitchen/ginger-pineapple-drink-gq.webp","kitchen","placed","tools/afrokitchen/countries/equatorial-guinea/index.html","800","600","49048","1484b3592b3c160df7a295bef9795e4ff86d65339eaaf984f7ff968be7f2ecea","","9","not-reviewed","false","en","Visual/text review pending; reference scan is not visual approval."
"/assets/img/kitchen/githeri-ke.webp","kitchen","placed","tools/afrokitchen/countries/kenya/index.html","800","600","86912","b56f35c2da3ed950430fc475fc722827a09f98805038af773223813eb8cd1ffe","","11","not-reviewed","false","en","Visual/text review pending; reference scan is not visual approval."
"/assets/img/kitchen/gomen-et.webp","kitchen","placed","tools/afrokitchen/collections/ethiopian-fasting-table/index.html","800","600","115272","7fe97305c5c76810676a50598e2cf94bea97134604caa169e65d0553f0835270","","16","not-reviewed","false","en","Visual/text review pending; reference scan is not visual approval."
"/assets/img/kitchen/gonre-bf.webp","kitchen","placed","tools/afrokitchen/collections/vegetarian-african-classics/index.html","800","600","50964","cd852396813ba7dce59fe8844293f135f4f8e26a791a542bbd734a8ff26813ec","","13","not-reviewed","false","en","Visual/text review pending; reference scan is not visual approval."
"/assets/img/kitchen/gozo-cf.webp","kitchen","placed","tools/afrokitchen/collections/quick-and-easy/index.html","800","450","90054","d3030d1d4431afee601416a3ba46f46471af6c102726d57b62822f40a036ac9f","","18","not-reviewed","false","en","Visual/text review pending; reference scan is not visual approval."
"/assets/img/kitchen/groundnut-soup-gh.webp","kitchen","placed","tools/afrokitchen/countries/ghana/index.html","800","600","68836","d22690e6eec6276a9916004d8bc2a8710149ec823b2c3ce822d7efb98e3190b1","","12","not-reviewed","false","en","Visual/text review pending; reference scan is not visual approval."
"/assets/img/kitchen/groundnut-stew-sl.webp","kitchen","placed","tools/afrokitchen/cuisine-intelligence-data.js","800","600","127588","dde03c2fb706bfe7e0e4268cfc4c5a58dcf803ea56bbeeed9d7bc0f600e5173d","","9","text-free-reviewed","true","en","Contact sheet reviewed against saved recipe description; no visible text. Reuse only for this dish and matching translations."
"/assets/img/kitchen/gurasa-sd.webp","kitchen","placed","tools/afrokitchen/cuisine-intelligence-data.js","800","600","132756","6d11a2744369d57a18f0b0d823873709fe7b1801469596c74fd083323058848f","","9","text-free-reviewed","true","en","Contact sheet reviewed against saved recipe description; no visible text. Reuse only for this dish and matching translations."
"/assets/img/kitchen/harira-ma.webp","kitchen","placed","tools/afrokitchen/collections/moroccan-salads-soups-and-breads/index.html","800","600","110928","10da207d360c44e5c4416a9ea056a9a2ece44abe61d05c9c49af52f1846bfcae","","11","not-reviewed","false","en","Visual/text review pending; reference scan is not visual approval."
"/assets/img/kitchen/hawawshi-eg.webp","kitchen","placed","tools/afrokitchen/countries/egypt/index.html","800","600","93748","9c9b412e9a2d32addd8a31be382a2d59d05b51b082f6a53d1b3203b01a8f35ac","","10","not-reviewed","false","en","Visual/text review pending; reference scan is not visual approval."
"/assets/img/kitchen/hraime-ly.webp","kitchen","placed","tools/afrokitchen/countries/libya/index.html","800","600","88442","fea7f0ff1b66edec7b1a222faeb0bec4419abddec48d8b7c9ba820064dc66d6f","","11","not-reviewed","false","en","Visual/text review pending; reference scan is not visual approval."
"/assets/img/kitchen/ibiharage-bi.webp","kitchen","placed","tools/afrokitchen/countries/burundi/index.html","800","600","62960","7f3dfeed6f0f91240c58392f4921a4af1b21481b9216d302fd5a9549d42b76ce","","10","not-reviewed","false","en","Visual/text review pending; reference scan is not visual approval."
"/assets/img/kitchen/igisafuria.webp","kitchen","placed","tools/afrokitchen/cuisine-intelligence-data.js","800","600","86676","f789b413b07e21937c2ee53b7ce2b76af556ac63d35870012f85137bd45bdfb1","","6","text-free-reviewed","true","en","Contact sheet reviewed against saved recipe description; no visible text. Reuse only for this dish and matching translations."
"/assets/img/kitchen/ikivuguto-bi.webp","kitchen","placed","tools/afrokitchen/countries/burundi/index.html","800","600","19602","51e761c969ff038cd815b285a2f3d68e268593f28df0bc9639d808591d9750d3","","10","not-reviewed","false","en","Visual/text review pending; reference scan is not visual approval."
"/assets/img/kitchen/incwancwa-sz.webp","kitchen","placed","tools/afrokitchen/collections/breakfast-and-tea-table/index.html","800","600","50328","9f469836ea10bf11638ccdc7e52b750c033d791a4b008638c7471dc9b190c82e","","14","not-reviewed","false","en","Visual/text review pending; reference scan is not visual approval."
"/assets/img/kitchen/injera.webp","kitchen","placed","tools/afrokitchen/collections/across-africa-showstoppers/index.html","800","600","88496","2cd6619cb7a2a6c734ff1907c4d418e9fa26c3fd13e374236f6122390596eac9","","12","not-reviewed","false","en","Visual/text review pending; reference scan is not visual approval."
"/assets/img/kitchen/isombe-peanut-bi.webp","kitchen","placed","tools/afrokitchen/countries/burundi/index.html","800","600","91660","a75e7315870b5c88a3b0c1e588c1f14fe59c37014d773927a0c27593e58ee277","","11","not-reviewed","false","en","Visual/text review pending; reference scan is not visual approval."
"/assets/img/kitchen/isombe.webp","kitchen","placed","tools/afrokitchen/cuisine-intelligence-data.js","800","600","139528","e1bb6a2688ea3b7e27b81b31b2eecba065996eda3cd13f34a1c715099d81743a","","10","text-free-reviewed","true","en","Contact sheet reviewed against saved recipe description; no visible text. Reuse only for this dish and matching translations."
"/assets/img/kitchen/jagacida-cv.webp","kitchen","placed","tools/afrokitchen/countries/cape-verde/index.html","800","600","48498","49036113b9cd63ad0b4bcd2ad7e7782b1b0c6e7620b3a3aac95f86871cc7b10f","","9","not-reviewed","false","en","Visual/text review pending; reference scan is not visual approval."
"/assets/img/kitchen/jarret-boeuf-td.webp","kitchen","placed","tools/afrokitchen/countries/chad/index.html","800","600","37032","c9f37f0d510879af46bc071317dc1484ea33902b2d2ccd0746c74c793c4c0d22","","8","not-reviewed","false","en","Visual/text review pending; reference scan is not visual approval."
"/assets/img/kitchen/jollof-rice-gh.webp","kitchen","placed","tools/afrokitchen/collections/one-pot-family-meals/index.html","800","450","118574","27f96433b6f88dfaeeb7e71dd0b2054f314533a832edfaf7281a367344313fe3","","21","not-reviewed","false","en","Visual/text review pending; reference scan is not visual approval."
"/assets/img/kitchen/jollof-rice-gq.webp","kitchen","placed","tools/afrokitchen/collections/one-pot-wonders/index.html","800","600","52318","660512a4ceaadfc31ef05f4e763b5c96777f9810e718bf62ec1d4771df1a3dfe","","12","not-reviewed","false","en","Visual/text review pending; reference scan is not visual approval."
"/assets/img/kitchen/jollof-rice-lr.webp","kitchen","placed","tools/afrokitchen/collections/one-pot-wonders/index.html","800","600","56700","6bc6c14c4884337b23dfda750d7ad349c75dd13a5a1250362a2064a0debcc23b","","12","not-reviewed","false","en","Visual/text review pending; reference scan is not visual approval."
"/assets/img/kitchen/jollof-rice-ng-1.webp","kitchen","placed","tools/afrokitchen/index.html","800","600","83948","711314647f120d6be06a5bf36dcf0d2266f4b84eb6e854e2b02f307c070e70e6","","6","not-reviewed","false","en","Visual/text review pending; reference scan is not visual approval."
"/assets/img/kitchen/jollof-rice-ng-2.webp","kitchen","placed","tools/afrokitchen/recipes/jollof-rice-ng/index.html","800","640","117540","34822137bb88c3b019bf62adc5f8f0d287fcf514e2fc5b6053e5538792857c68","","1","not-reviewed","false","en","Visual/text review pending; reference scan is not visual approval."
"/assets/img/kitchen/jollof-rice-ng.webp","kitchen","placed","engines/afrokitchen-engine.js","800","600","71694","48c66c3c692a5c664d589bcbd97ee29e349ba6264bead9904caed80cfa8e2ec6","","39","not-reviewed","false","en","Visual/text review pending; reference scan is not visual approval."
"/assets/img/kitchen/jus-tamarin-km.webp","kitchen","placed","tools/afrokitchen/countries/comoros/index.html","800","600","25048","dfc82e72485e5fbd3a2f03f0e4e7d343f148ba12c34431100eef436001ea56c0","","9","not-reviewed","false","en","Visual/text review pending; reference scan is not visual approval."
"/assets/img/kitchen/jus-tamarin-td.webp","kitchen","placed","tools/afrokitchen/countries/chad/index.html","800","600","35446","c1ab0d9300e499b7edbd902f28d3cf1c48bc83a0c9ce5770c4a0c1e014e4e055","","14","not-reviewed","false","en","Visual/text review pending; reference scan is not visual approval."
"/assets/img/kitchen/kanda-ti-nyma-cf.webp","kitchen","placed","tools/afrokitchen/countries/central-african-republic/index.html","800","600","91566","702499ca4b2b25ccd3fb13a7b20aa171acf372beed3289e12bec9813f3b28aed","","15","not-reviewed","false","en","Visual/text review pending; reference scan is not visual approval."
"/assets/img/kitchen/kapana-na.webp","kitchen","placed","tools/afrokitchen/cuisine-intelligence-data.js","800","600","167700","fdcaf3519084f8a6fff532242ede6332e21d5009832c6fcc5eff4d416a2fa671","","7","text-free-reviewed","true","en","Contact sheet reviewed against saved recipe description; no visible text. Reuse only for this dish and matching translations."
"/assets/img/kitchen/kapenta.webp","kitchen","placed","tools/afrokitchen/cuisine-intelligence-data.js","800","600","92148","5a06632853e4d37d95338fed62cf2c0b932d78bb697a5d85ce04c45d0103be8b","","8","text-free-reviewed","true","en","Contact sheet reviewed against saved recipe description; no visible text. Reuse only for this dish and matching translations."
"/assets/img/kitchen/karkanji-td.webp","kitchen","placed","tools/afrokitchen/countries/chad/index.html","800","600","54392","f5294cf90c9b76d999a7cf7c988cd90aba7c3253f21cc00faab33377773f03a4","","11","not-reviewed","false","en","Visual/text review pending; reference scan is not visual approval."
"/assets/img/kitchen/kedjenou-ci.webp","kitchen","placed","tools/afrokitchen/collections/across-africa-showstoppers/index.html","800","600","113322","87a5103f39fd4c347838c212d9cf646e8e2254f6de6c156ffc9ac35e043772ec","","16","not-reviewed","false","en","Visual/text review pending; reference scan is not visual approval."
"/assets/img/kitchen/kefta-tagine-ma.webp","kitchen","placed","tools/afrokitchen/collections/moroccan-salads-soups-and-breads/index.html","800","600","92522","0a70c2eb882373e2dd0be394cc69b0ee68f7a3b66f81b075e7e9ed2b3aa637da","","14","not-reviewed","false","en","Visual/text review pending; reference scan is not visual approval."
"/assets/img/kitchen/kelewele-gh.webp","kitchen","placed","tools/afrokitchen/collections/across-africa-showstoppers/index.html","800","600","93526","6616473054f9ceeec2a7095bdb21030d4b67009700433ec88144ec195585bf49","","14","not-reviewed","false","en","Visual/text review pending; reference scan is not visual approval."
"/assets/img/kitchen/kenyan-pilau.webp","kitchen","placed","tools/afrokitchen/collections/one-pot-wonders/index.html","800","600","64596","8d5552e1d37b5e25cf2d0526c5264cb22865caaf84b6b91d0d61c6ebb25cfa7e","","14","not-reviewed","false","en","Visual/text review pending; reference scan is not visual approval."
"/assets/img/kitchen/kik-alicha-et.webp","kitchen","placed","tools/afrokitchen/collections/ethiopian-fasting-table/index.html","800","600","80254","f4e15c646cc1b4fb08e5ad617fcd38d09312cb0d629a3fa09047d1c5aa462962","","10","not-reviewed","false","en","Visual/text review pending; reference scan is not visual approval."
"/assets/img/kitchen/kilishi-ne.webp","kitchen","placed","tools/afrokitchen/cuisine-intelligence-data.js","800","600","157818","4dc9d4b317104e58fa0a70335ec19a0e715f3cbb4aa10843b6afaaf8c31e5c78","","9","text-free-reviewed","true","en","Contact sheet reviewed against saved recipe description; no visible text. Reuse only for this dish and matching translations."
"/assets/img/kitchen/kisra-mulah.webp","kitchen","placed","tools/afrokitchen/cuisine-intelligence-data.js","800","600","138374","93ff9a940a25a156c61276702093d00151a10f2be9226f224fbafa878390e1d6","","6","text-free-reviewed","true","en","Contact sheet reviewed against saved recipe description; no visible text. Reuse only for this dish and matching translations."
"/assets/img/kitchen/kisra-mullah-sd.webp","kitchen","placed","tools/afrokitchen/cuisine-intelligence-data.js","800","600","150380","c11286a73c7fb6a2ff4006f3d60761141ceb24ecec7c716e90f0e4f8a425e26e","","6","text-free-reviewed","true","en","Contact sheet reviewed against saved recipe description; no visible text. Reuse only for this dish and matching translations."
"/assets/img/kitchen/kisser-td.webp","kitchen","placed","tools/afrokitchen/countries/chad/index.html","800","600","47444","fbc33b53612721155bd320ecb0884dbe0050facb63ade02297da68eb60565cb2","","9","not-reviewed","false","en","Visual/text review pending; reference scan is not visual approval."
"/assets/img/kitchen/kitfo.webp","kitchen","placed","tools/afrokitchen/collections/across-africa-showstoppers/index.html","800","600","62630","13dce60dd01950deb37957b815b324b4e426bde28a2c1acf14e1f620cdf33e69","","11","not-reviewed","false","en","Visual/text review pending; reference scan is not visual approval."
"/assets/img/kitchen/kizaka-ao.webp","kitchen","placed","tools/afrokitchen/collections/vegetarian-african-classics/index.html","800","600","31134","4f133b792babc117716dc1d516614197040e6b7fc25d09d4422ec090434121ef","","12","not-reviewed","false","en","Visual/text review pending; reference scan is not visual approval."
"/assets/img/kitchen/koeksisters-za.webp","kitchen","placed","tools/afrokitchen/cuisine-intelligence-data.js","800","600","99158","b64757f0927e464ab72dec621c968cbe2dd25e50af6739b0865ed44f5c6667d8","","5","text-free-reviewed","true","en","Contact sheet reviewed against saved recipe description; no visible text. Reuse only for this dish and matching translations."
"/assets/img/kitchen/koki-beans-cm-2.webp","kitchen","placed","tools/afrokitchen/recipes/koki-beans-cm/index.html","800","533","80628","02632ba53ae630159dcf49fba1201be9ef5232275596ef767488aa4e5b778ee2","","1","not-reviewed","false","en","Visual/text review pending; reference scan is not visual approval."
"/assets/img/kitchen/koki-beans-cm-3.webp","kitchen","placed","tools/afrokitchen/recipes/koki-beans-cm/index.html","800","600","85544","80545d5f047930eeca113909bcc236d717c12d7b3a6a9932efb6619f64ea0f93","","1","not-reviewed","false","en","Visual/text review pending; reference scan is not visual approval."
"/assets/img/kitchen/koki-beans-cm-4.webp","kitchen","placed","tools/afrokitchen/recipes/koki-beans-cm/index.html","800","533","74324","ad6417243529bf975cf03ea0efaffc78d54e01f45cfe8ee7e6ebba387409cadf","","1","not-reviewed","false","en","Visual/text review pending; reference scan is not visual approval."
"/assets/img/kitchen/koki-beans-cm-5.webp","kitchen","placed","tools/afrokitchen/recipes/koki-beans-cm/index.html","800","533","70460","d6bf0501ed6adda6ddf4725a3e6460321df4c4a93e9d89ba4ea08991b93792e0","","1","not-reviewed","false","en","Visual/text review pending; reference scan is not visual approval."
"/assets/img/kitchen/koki-beans-cm.webp","kitchen","placed","tools/afrokitchen/collections/vegetarian-africa/index.html","800","450","65982","2cee997f47bd7c42a8cef1b2446029693ca19db883a6cf4e92eb580249a3268d","","16","not-reviewed","false","en","Visual/text review pending; reference scan is not visual approval."
"/assets/img/kitchen/koklo-meme-tg.webp","kitchen","placed","tools/afrokitchen/collections/street-food/index.html","800","600","46784","1cf1e34234d86cdc7be04267c7a0930863070b2849a0c5cb644672925c3df7db","","13","not-reviewed","false","en","Visual/text review pending; reference scan is not visual approval."
"/assets/img/kitchen/koko-cassava-leaves-cf.webp","kitchen","placed","tools/afrokitchen/countries/central-african-republic/index.html","800","600","79748","02eb1ac6eab32d58f5f169b90e183ece63cec2d74ed8ea348179c5f9b38d0e72","","9","not-reviewed","false","en","Visual/text review pending; reference scan is not visual approval."
"/assets/img/kitchen/kondowole.webp","kitchen","placed","tools/afrokitchen/collections/vegetarian-africa/index.html","800","600","60476","1e29d32c3b20bb42752ea57580840d8af1abee626b23de26c53ddbf2e1e30db5","","14","text-free-reviewed","true","en","Visually reviewed for same-dish image alias kondowole-mw; no visible text."
"/assets/img/kitchen/konkoe-gn.webp","kitchen","placed","tools/afrokitchen/countries/guinea/index.html","800","600","83074","280e9c234580b0dcac8bf794a8ec7fb8f7db046ea0cc182f167405dd76fba49a","","8","not-reviewed","false","en","Visual/text review pending; reference scan is not visual approval."
"/assets/img/kitchen/kontomire-stew-gh.webp","kitchen","placed","tools/afrokitchen/countries/ghana/index.html","800","600","71832","be61696e64963e595850d205eb80ca1f1219d18c8aca7d80e4c0d25787a10641","","10","not-reviewed","false","en","Visual/text review pending; reference scan is not visual approval."
"/assets/img/kitchen/kopto-ne.webp","kitchen","placed","tools/afrokitchen/cuisine-intelligence-data.js","800","600","143106","b5d7e6e1ef536e1c95d094864cddb0600f660f0b1ddbb7e5279d2d087b57c472","","8","text-free-reviewed","true","en","Contact sheet reviewed against saved recipe description; no visible text. Reuse only for this dish and matching translations."
"/assets/img/kitchen/koshari-eg.webp","kitchen","placed","tools/afrokitchen/collections/across-africa-showstoppers/index.html","800","450","108216","ec31e6b3e59c873f5931f311590ca2cb991bb445254ac827ff5cba945195eeb3","","22","not-reviewed","false","en","Visual/text review pending; reference scan is not visual approval."
"/assets/img/kitchen/kuli-kuli-bj-2.webp","kitchen","placed","tools/afrokitchen/recipes/kuli-kuli-bj/index.html","800","600","93822","b0ed3025bcd347f3678a0e44697af950231f65df458fd86e588228ddda9d9cb1","","1","not-reviewed","false","en","Visual/text review pending; reference scan is not visual approval."
"/assets/img/kitchen/kuli-kuli-bj-3.webp","kitchen","placed","tools/afrokitchen/recipes/kuli-kuli-bj/index.html","800","600","82124","a6d7c982769a7739e7886f2376d1fc5e72e23b55352740cd42664eade74cd42f","","1","not-reviewed","false","en","Visual/text review pending; reference scan is not visual approval."
"/assets/img/kitchen/kuli-kuli-bj-5.webp","kitchen","placed","tools/afrokitchen/recipes/kuli-kuli-bj/index.html","800","533","54276","138b33bc1523f973257e11074bde611b6c5813bbf0625ed7202d707f16a6d051","","1","not-reviewed","false","en","Visual/text review pending; reference scan is not visual approval."
"/assets/img/kitchen/kuli-kuli-bj.webp","kitchen","placed","tools/afrokitchen/collections/street-food/index.html","1200","628","58110","156c63d4d6d8df2c91bd2836e2954b1b546369c3b2e44fd79085bd363d709eb2","","17","not-reviewed","false","en","Visual/text review pending; reference scan is not visual approval."
"/assets/img/kitchen/kwacoco-bible-cm.webp","kitchen","placed","tools/afrokitchen/countries/cameroon/index.html","800","600","68942","7a2d43a513438974a5ca8b086f449a05260cd22b2283724b2728c84aa60438ad","","9","not-reviewed","false","en","Visual/text review pending; reference scan is not visual approval."
"/assets/img/kitchen/la-bouillie-td.webp","kitchen","placed","tools/afrokitchen/collections/breakfast-and-tea-table/index.html","800","600","49158","17de10246faacc61a2e317e5bfbfea39e329bc89ae29c9b935d2a9e5881a5460","","14","not-reviewed","false","en","Visual/text review pending; reference scan is not visual approval."
"/assets/img/kitchen/lablabi-tn.webp","kitchen","placed","tools/afrokitchen/collections/across-africa-showstoppers/index.html","800","450","65556","b54795f58deed8f1957f2aeb37f5391e944bb5c667cd099b2fbe9f723a57cc90","","19","not-reviewed","false","en","Visual/text review pending; reference scan is not visual approval."
"/assets/img/kitchen/ladob.webp","kitchen","placed","tools/afrokitchen/cuisine-intelligence-data.js","800","600","83744","047ef8be6195957046a20e2b1c733d612bbf1d21ea409d4f304af24a7ac3921d","","8","text-free-reviewed","true","en","Contact sheet reviewed against saved recipe description; no visible text. Reuse only for this dish and matching translations."
"/assets/img/kitchen/lahoh-dj.webp","kitchen","placed","tools/afrokitchen/countries/djibouti/index.html","800","600","57388","226d939f05112a6e0a51882f722b497a5b616bd9963ff509ac34a2fa5580c68c","","13","not-reviewed","false","en","Visual/text review pending; reference scan is not visual approval."
"/assets/img/kitchen/lakh-mr.webp","kitchen","placed","tools/afrokitchen/collections/vegetarian-africa/index.html","800","600","57936","f080338f24ee2d2257368b0c0b26858671e3fdb1ab79442838ad634d309f7dcf","","12","not-reviewed","false","en","Visual/text review pending; reference scan is not visual approval."
"/assets/img/kitchen/lamb-tagine-prunes-almonds-ma.webp","kitchen","placed","tools/afrokitchen/collections/moroccan-salads-soups-and-breads/index.html","800","600","99776","0c3b96643621de154bc36f6f0e5cfb30deffebfeb2a4e08298a95379106be113","","12","not-reviewed","false","en","Visual/text review pending; reference scan is not visual approval."
"/assets/img/kitchen/langouste-vanille-km.webp","kitchen","placed","tools/afrokitchen/countries/comoros/index.html","800","600","54312","c7c7bfb62251edb324621f569cba61b722b4b1eb7c789c1c8d50b06bde7c522d","","14","not-reviewed","false","en","Visual/text review pending; reference scan is not visual approval."
"/assets/img/kitchen/langouste-vanille.webp","kitchen","placed","tools/afrokitchen/collections/across-africa-showstoppers/index.html","800","600","90666","40ab32e3bfcdc1539ccf492a299d6c6bdf11c7374790edbb5dd1fe94d3aa56a2","","14","not-reviewed","false","en","Visual/text review pending; reference scan is not visual approval."
"/assets/img/kitchen/lasary-voatabia-mg.webp","kitchen","placed","tools/afrokitchen/countries/madagascar/index.html","800","600","61718","8e9880012acde1115346c4807ee688a7af36209be5a2676a38edd86b8f30ef8e","","8","not-reviewed","false","en","Visual/text review pending; reference scan is not visual approval."
"/assets/img/kitchen/liboke-ya-mbika-cd.webp","kitchen","placed","tools/afrokitchen/collections/vegetarian-africa/index.html","800","600","119004","63bed9a97eb634d9637a73b8a494f257edd9b476e1aa24f4ba38b691aef71b63","","14","not-reviewed","false","en","Visual/text review pending; reference scan is not visual approval."
"/assets/img/kitchen/likhobe-ls.webp","kitchen","placed","tools/afrokitchen/countries/lesotho/index.html","800","600","96950","b6b22bf02e4ebc8cb3ccda7665e4c5a8aba840bc5615e3bdb299546ba4e29c12","","10","not-reviewed","false","en","Visual/text review pending; reference scan is not visual approval."
"/assets/img/kitchen/luwombo.webp","kitchen","placed","tools/afrokitchen/cuisine-intelligence-data.js","800","600","136498","74b4d9eef263d7c8b45434ebe8ce4e78f1a300ace0ed4f3b124cc78ccbd72c1e","","9","text-free-reviewed","true","en","Contact sheet reviewed against saved recipe description; no visible text. Reuse only for this dish and matching translations."
"/assets/img/kitchen/maakouda-ma.webp","kitchen","placed","tools/afrokitchen/collections/moroccan-salads-soups-and-breads/index.html","800","600","58936","ffb615b2db891660153630cd2d5bb7c35d8487ee0c5ca85d3a820131c7fb728d","","12","not-reviewed","false","en","Visual/text review pending; reference scan is not visual approval."
"/assets/img/kitchen/madora.webp","kitchen","placed","tools/afrokitchen/cuisine-intelligence-data.js","800","600","132270","6447fec00c6d3a165ca5809592295f1cdab60f82610aced466b20b6a863acbfa","","8","text-free-reviewed","true","en","Contact sheet reviewed against saved recipe description; no visible text. Reuse only for this dish and matching translations."
"/assets/img/kitchen/mafe-sn.webp","kitchen","placed","tools/afrokitchen/cuisine-intelligence-data.js","800","600","128852","c510d0853f1d1042065859aae97fbecfe6cfc1d87714400e8f286b6ee7f36217","","10","text-free-reviewed","true","en","Contact sheet reviewed against saved recipe description; no visible text. Reuse only for this dish and matching translations."
"/assets/img/kitchen/mahshi-eg.webp","kitchen","placed","tools/afrokitchen/collections/vegetarian-african-classics/index.html","800","600","76450","0416f3a3059b1ec0a8fdb972dd20dfd37e88c648ff4b6256e363e65c3ec96779","","8","not-reviewed","false","en","Visual/text review pending; reference scan is not visual approval."
"/assets/img/kitchen/makara-banana-fritters-cf.webp","kitchen","placed","tools/afrokitchen/collections/breakfast-and-tea-table/index.html","800","600","62542","e6532deb41b5a9cb4a0cf8db9d7cd7f8b4c047d39093405ab664961b5f6de4f0","","12","not-reviewed","false","en","Visual/text review pending; reference scan is not visual approval."
"/assets/img/kitchen/makayabu-cd.webp","kitchen","placed","tools/afrokitchen/countries/democratic-republic-of-congo/index.html","800","600","100520","da0b2016b1cd6d27a1214a03fc715426436462f5aa6345e343a179adf25999a4","","12","not-reviewed","false","en","Visual/text review pending; reference scan is not visual approval."
"/assets/img/kitchen/makroud-dz.webp","kitchen","placed","tools/afrokitchen/collections/breakfast-and-tea-table/index.html","800","600","82680","941a2d50a7062ab05c3f160b7fd108c240d23b1ccd4728a27678e55f7ab2278a","","13","not-reviewed","false","en","Visual/text review pending; reference scan is not visual approval."
"/assets/img/kitchen/makroudh-tn.webp","kitchen","placed","tools/afrokitchen/cuisine-intelligence-data.js","800","600","152726","ac9922848b1005424a820aa49b7fc729ec4e2010ff169fb8089e56c22722a19b","","5","text-free-reviewed","true","en","Contact sheet reviewed against saved recipe description; no visible text. Reuse only for this dish and matching translations."
"/assets/img/kitchen/malamba-gq.webp","kitchen","placed","tools/afrokitchen/countries/equatorial-guinea/index.html","800","600","34728","690e15a0103c725a5a2b8bcbecb09cc6b8097dc136ac80af831ef875e4b332e1","","10","not-reviewed","false","en","Visual/text review pending; reference scan is not visual approval."
"/assets/img/kitchen/mandasi-malawi-mw.webp","kitchen","placed","tools/afrokitchen/collections/breakfast-and-tea-table/index.html","800","600","53288","d4bb67fd49549f18f303098b7b1d0bdd1cced10b6afec110c45c4f1e1e0fbd68","","13","not-reviewed","false","en","Visual/text review pending; reference scan is not visual approval."
"/assets/img/kitchen/mandasi.webp","kitchen","placed","tools/afrokitchen/cuisine-intelligence-data.js","800","600","139164","af3306528d8e126afbbc262a1fc2876b773b56dfe8da97ccc492d99802fffe9a","","6","text-free-reviewed","true","en","Contact sheet reviewed against saved recipe description; no visible text. Reuse only for this dish and matching translations."
"/assets/img/kitchen/mapopo-candy-zw.webp","kitchen","placed","tools/afrokitchen/cuisine-intelligence-data.js","800","600","131222","90b9378a6f5d48a423fe8d5e30e11f1d0824b44196263cf2bcbd1521ba673683","","6","text-free-reviewed","true","en","Contact sheet reviewed against saved recipe description; no visible text. Reuse only for this dish and matching translations."
"/assets/img/kitchen/maru-we-llham-mr.webp","kitchen","placed","tools/afrokitchen/countries/mauritania/index.html","800","600","97558","a6fbd668bd831d9a67ef4adc88b11512367e111456cdfb11c3ecb13d434d7075","","10","not-reviewed","false","en","Visual/text review pending; reference scan is not visual approval."
"/assets/img/kitchen/masa-waina-ng.webp","kitchen","placed","tools/afrokitchen/cuisine-intelligence-data.js","800","600","117114","178d5c712413cae6cda6927738b0775e7724840c7b98e709858b13f21bd39da6","","7","text-free-reviewed","true","en","Contact sheet reviewed against saved recipe description; no visible text. Reuse only for this dish and matching translations."
"/assets/img/kitchen/mataba-comoros-km.webp","kitchen","placed","tools/afrokitchen/countries/comoros/index.html","800","600","93010","37c28273c63b037ac505b984b0a58db75bf14b8b3c2bc79b991f4d5e5fce307c","","11","not-reviewed","false","en","Visual/text review pending; reference scan is not visual approval."
"/assets/img/kitchen/matapa.webp","kitchen","placed","tools/afrokitchen/cuisine-intelligence-data.js","800","600","133364","b0c722b9ff2f2ebb9d5f3d6cb4cf3a1e7d755af809bce4628d3d1e4fb1e62452","","8","text-free-reviewed","true","en","Contact sheet reviewed against saved recipe description; no visible text. Reuse only for this dish and matching translations."
"/assets/img/kitchen/matoke.webp","kitchen","placed","tools/afrokitchen/cuisine-intelligence-data.js","800","600","121540","414b94728af4bba309ed0ef51c08a18dfce1adb2167686e4ef0d42897f15ef1a","","9","text-free-reviewed","true","en","Contact sheet reviewed against saved recipe description; no visible text. Reuse only for this dish and matching translations."
"/assets/img/kitchen/mauritian-biryani-mu.webp","kitchen","placed","tools/afrokitchen/countries/mauritius/index.html","800","600","94360","adf05373ca7b712db4a88886d4b113d00c586e02a814db919b3a33fe1ffbffd9","","14","not-reviewed","false","en","Visual/text review pending; reference scan is not visual approval."
"/assets/img/kitchen/mazondo-zw.webp","kitchen","placed","tools/afrokitchen/cuisine-intelligence-data.js","800","600","125876","535f9e2028c75f3f6a90b4b1c84e251ecfc50c509fa3b7a9ec1c9507c2362747","","6","text-free-reviewed","true","en","Contact sheet reviewed against saved recipe description; no visible text. Reuse only for this dish and matching translations."
"/assets/img/kitchen/mbakbaka-ly.webp","kitchen","placed","tools/afrokitchen/countries/libya/index.html","800","600","72352","b5a6fde838865f40e6749959d8ef62de5081ae5a3e4754dfa98482992b12c9ba","","14","not-reviewed","false","en","Visual/text review pending; reference scan is not visual approval."
"/assets/img/kitchen/mbatten-ly.webp","kitchen","placed","tools/afrokitchen/collections/breakfast-and-tea-table/index.html","800","600","72294","c3d9098f4e0c4d514f5fd8c0b22becf4fc85f8a821dc5b4c268dee1435a8969a","","13","not-reviewed","false","en","Visual/text review pending; reference scan is not visual approval."
"/assets/img/kitchen/mbongo-tchobi-cm.webp","kitchen","placed","tools/afrokitchen/countries/cameroon/index.html","800","600","74738","90591b65cbdeb3935cc7686b34d5cd224ba81e3c619e09c2b77e90ffb8a2f5d0","","8","not-reviewed","false","en","Visual/text review pending; reference scan is not visual approval."
"/assets/img/kitchen/mechoui-mr.webp","kitchen","placed","tools/afrokitchen/collections/sunday-specials/index.html","800","600","130074","d966afc0aaf556a726a83dd3ecf39bb3096524a5175012a16bd9282a5af3dd46","","12","not-reviewed","false","en","Visual/text review pending; reference scan is not visual approval."
"/assets/img/kitchen/mhadjeb-dz.webp","kitchen","placed","tools/afrokitchen/countries/algeria/index.html","800","600","69340","4668339b36e0f89bc0b6bcfab2ef264a34946d2f1897726ddbb772ec3267f5c4","","10","not-reviewed","false","en","Visual/text review pending; reference scan is not visual approval."
"/assets/img/kitchen/milk-tart-za.webp","kitchen","placed","tools/afrokitchen/cuisine-intelligence-data.js","800","600","79344","25b90b4d15fb4885a039bca96fe89abf4caa1220a9df9a677297028d3b201abd","","7","text-free-reviewed","true","en","Contact sheet reviewed against saved recipe description; no visible text. Reuse only for this dish and matching translations."
"/assets/img/kitchen/misir-wat-et.webp","kitchen","placed","tools/afrokitchen/collections/ethiopian-fasting-table/index.html","800","600","107070","aef52bed9c98e8a77a34a76794eb5afc1900d0ce232b45de215d129a6f005a69","","12","not-reviewed","false","en","Visual/text review pending; reference scan is not visual approval."
"/assets/img/kitchen/mkatra-foutra.webp","kitchen","placed","tools/afrokitchen/collections/breakfast-and-tea-table/index.html","800","600","69268","5d756dc690b61e6021e013e63c44305855c1090d10b39e3ddd4d8eca38c9ad3a","","12","not-reviewed","false","en","Visual/text review pending; reference scan is not visual approval."
"/assets/img/kitchen/mkatra-siniya-km.webp","kitchen","placed","tools/afrokitchen/countries/comoros/index.html","800","600","75128","db51ce319d1cdeb2aba6852635a9d566f7bd722e07481b344878092cea4651f4","","14","not-reviewed","false","en","Visual/text review pending; reference scan is not visual approval."
"/assets/img/kitchen/moambe-chicken-cd.webp","kitchen","placed","tools/afrokitchen/collections/across-africa-showstoppers/index.html","800","600","93706","35cca1339cad8a0683f26dba3518e6cd3cbc0ba743495e39e40cb66cdeda8c6c","","16","not-reviewed","false","en","Visual/text review pending; reference scan is not visual approval."
"/assets/img/kitchen/mofo-gasy.webp","kitchen","placed","tools/afrokitchen/collections/breakfast-and-tea-table/index.html","800","600","35018","f6a02478d9c60c8aaa37bfe795396c43242f79abd4307dbe0b064d65bf30e906","","16","not-reviewed","false","en","Visual/text review pending; reference scan is not visual approval."
"/assets/img/kitchen/molokhia-eg.webp","kitchen","placed","tools/afrokitchen/countries/egypt/index.html","800","600","97060","49ca2a4bae60638056255c7b7de33ab9db945070a4fe24cdf283853f63066d39","","15","not-reviewed","false","en","Visual/text review pending; reference scan is not visual approval."
"/assets/img/kitchen/morogo-bw.webp","kitchen","placed","tools/afrokitchen/collections/vegetarian-africa/index.html","800","1067","148108","6d2f658f41894f8c69d7c333798df8e9f44cb6534e546c459746d90db264f7cd","","12","not-reviewed","false","en","Visual/text review pending; reference scan is not visual approval."
"/assets/img/kitchen/motoho-ls.webp","kitchen","placed","tools/afrokitchen/collections/breakfast-and-tea-table/index.html","800","600","53644","745ddc9c68dc6ca3ac4c69ff65b43e9a9cab4af02e435bfc9b05b9b8ac605d8a","","13","not-reviewed","false","en","Visual/text review pending; reference scan is not visual approval."
"/assets/img/kitchen/msemen-ma.webp","kitchen","placed","tools/afrokitchen/collections/moroccan-salads-soups-and-breads/index.html","800","600","95620","fec747a1ddbe2e2414cd4a3754cfb0f1eab48966308e032600291c39a461309f","","13","not-reviewed","false","en","Visual/text review pending; reference scan is not visual approval."
"/assets/img/kitchen/muamba-de-galinha-ao.webp","kitchen","placed","tools/afrokitchen/countries/angola/index.html","800","600","71946","824a13f76fbac5aa29c3f38c3525a79c2c313324ce06ced8e8ffdef4cbf238ca","","12","not-reviewed","false","en","Visual/text review pending; reference scan is not visual approval."
"/assets/img/kitchen/mufete-ao.webp","kitchen","placed","tools/afrokitchen/countries/angola/index.html","800","600","45002","de4850d22cafa7651042ef300b175a796ec485105cfe8f85e99feba5ded5d08a","","12","not-reviewed","false","en","Visual/text review pending; reference scan is not visual approval."
"/assets/img/kitchen/mukeke.webp","kitchen","placed","tools/afrokitchen/countries/burundi/index.html","800","600","83458","57ebb40f4c2e874f756c08d5eae021c111295e813260e45667a1c1fec2514855","","11","not-reviewed","false","en","Visual/text review pending; reference scan is not visual approval."
"/assets/img/kitchen/mukimo-ke.webp","kitchen","placed","tools/afrokitchen/countries/kenya/index.html","800","600","74270","7218c7ea4c1bc27320299bec06708678d9e19fc66c363d0f4b9f0357631f5b01","","11","not-reviewed","false","en","Visual/text review pending; reference scan is not visual approval."
"/assets/img/kitchen/mullah-ahmar-tagalia-sd.webp","kitchen","placed","tools/afrokitchen/cuisine-intelligence-data.js","800","600","133410","f4e05c46538ad77b29627fd961e703051553806fd0706a9c3037451c55e1a6e3","","7","text-free-reviewed","true","en","Contact sheet reviewed against saved recipe description; no visible text. Reuse only for this dish and matching translations."
"/assets/img/kitchen/ndole-cm-2.webp","kitchen","placed","tools/afrokitchen/recipes/ndole-cm/index.html","800","533","85318","40ada62ec5b22d2e2192697f9f6ab123c1d71b2842c7f9252ace858e0e86bfd9","","1","not-reviewed","false","en","Visual/text review pending; reference scan is not visual approval."
"/assets/img/kitchen/ndole-cm-3.webp","kitchen","placed","tools/afrokitchen/recipes/ndole-cm/index.html","800","533","93624","87bc7acc3b90c1341874f42e26abf22103a7cf9a8090e39657c0da36698f0dfd","","1","not-reviewed","false","en","Visual/text review pending; reference scan is not visual approval."
"/assets/img/kitchen/ndole-cm.webp","kitchen","placed","tools/afrokitchen/collections/across-africa-showstoppers/index.html","800","450","67634","d2e8d61d1beed08ef9e2fc0b14f006630ce078e8a0dfc98c00afb2bde1d4c202","","18","not-reviewed","false","en","Visual/text review pending; reference scan is not visual approval."
"/assets/img/kitchen/nshima-ifisashi.webp","kitchen","placed","tools/afrokitchen/cuisine-intelligence-data.js","800","600","102912","bb3f1fb22e5d90015d0b714ae72611892bc86e19a9a967fae1b7189f257cc121","","9","text-free-reviewed","true","en","Contact sheet reviewed against saved recipe description; no visible text. Reuse only for this dish and matching translations."
"/assets/img/kitchen/ntaba-cd.webp","kitchen","placed","tools/afrokitchen/countries/democratic-republic-of-congo/index.html","800","600","66832","0b883e5c390a94eadf855df378bf9b47395a5ecd10197a489c7e1a0ebfc11f54","","12","not-reviewed","false","en","Visual/text review pending; reference scan is not visual approval."
"/assets/img/kitchen/nthochi-bread-mw.webp","kitchen","placed","tools/afrokitchen/countries/malawi/index.html","800","600","93622","053c46942b4eb1f18f915d9663a84bdfcf7ae25b6b870179cc99927295e609d3","","10","not-reviewed","false","en","Visual/text review pending; reference scan is not visual approval."
"/assets/img/kitchen/nyama-choma.webp","kitchen","placed","tools/afrokitchen/collections/across-africa-showstoppers/index.html","800","600","57498","a5aebb4f974a4986a15b473edfc50afb2bdca1f31b66e2619ba4f4d06b828c5e","","14","not-reviewed","false","en","Visual/text review pending; reference scan is not visual approval."
"/assets/img/kitchen/nyekoe-ls.webp","kitchen","placed","tools/afrokitchen/collections/vegetarian-africa/index.html","800","600","76628","ba19f2d3c429357c812ab7ea8e3817c15c8a021c8650dcccbefba25d14fa75fb","","12","not-reviewed","false","en","Visual/text review pending; reference scan is not visual approval."
"/assets/img/kitchen/nyembwe-chicken-ga.webp","kitchen","placed","tools/afrokitchen/collections/one-pot-family-meals/index.html","800","600","106616","c0cd1a0349c7d477fd28ae1c8e22b3f028b267e8ce01b1fac591de45526f407a","","15","not-reviewed","false","en","Visual/text review pending; reference scan is not visual approval."
"/assets/img/kitchen/odika-chicken-ga.webp","kitchen","placed","tools/afrokitchen/countries/gabon/index.html","800","600","74076","0e75c38d5708c6f393eb68d960106cd066a0c034c9ee6602dfe0459ff42dcdaa","","9","not-reviewed","false","en","Visual/text review pending; reference scan is not visual approval."
"/assets/img/kitchen/oshifima-na.webp","kitchen","placed","tools/afrokitchen/cuisine-intelligence-data.js","800","600","88984","ff87085e97cd11a1f850d6a3b5080902641d9c991d9c1d23218ebd48c44228df","","7","text-free-reviewed","true","en","Contact sheet reviewed against saved recipe description; no visible text. Reuse only for this dish and matching translations."
"/assets/img/kitchen/palava-sauce-lr.webp","kitchen","placed","tools/afrokitchen/countries/liberia/index.html","800","600","106060","52e75a56e1157804f4ed8d93d0067e5a16bf131f1bd43eef340d007a7353163a","","12","not-reviewed","false","en","Visual/text review pending; reference scan is not visual approval."
"/assets/img/kitchen/palm-butter-soup-lr.webp","kitchen","placed","tools/afrokitchen/collections/swallow-and-soup-table/index.html","800","600","105360","55d737cb89a33294952c52fea0fb73e16465cc8862573bb5834bea0e3698f738","","14","not-reviewed","false","en","Visual/text review pending; reference scan is not visual approval."
"/assets/img/kitchen/palm-nut-chicken-cf.webp","kitchen","placed","tools/afrokitchen/countries/central-african-republic/index.html","800","600","72002","da24443d473c6e3f7cbe4677205b53f612ba3bba48979b0cd7099a03ea0479e2","","9","not-reviewed","false","en","Visual/text review pending; reference scan is not visual approval."
"/assets/img/kitchen/papa-le-moroho-ls.webp","kitchen","placed","tools/afrokitchen/collections/one-pot-family-meals/index.html","800","600","64140","21a783b15b45fde4c934763a674ea91c0393539cc1a12f3e5b56f7ad0770cd4e","","15","not-reviewed","false","en","Visual/text review pending; reference scan is not visual approval."
"/assets/img/kitchen/pastel-diablo-cv.webp","kitchen","placed","tools/afrokitchen/collections/street-food/index.html","800","600","81398","b9e65f209f175d0f404cbff642a6ee9fe65f1c5da2879ec3fb702094a139930a","","15","not-reviewed","false","en","Visual/text review pending; reference scan is not visual approval."
"/assets/img/kitchen/pepesoup-gq.webp","kitchen","placed","tools/afrokitchen/countries/equatorial-guinea/index.html","800","600","54142","caccb70dc71392e1d1e1e4812aa3a12d2601c10dc418f7b9c8e2a64008918f96","","14","not-reviewed","false","en","Visual/text review pending; reference scan is not visual approval."
"/assets/img/kitchen/pescado-cacahuete-gq.webp","kitchen","placed","tools/afrokitchen/countries/equatorial-guinea/index.html","800","600","116158","4f45c8d5b2a0772fa242dc3b9757e7da9c689cb361613acab7d2b0cbf4568cbf","","7","not-reviewed","false","en","Visual/text review pending; reference scan is not visual approval."
"/assets/img/kitchen/phane-bw.webp","kitchen","placed","tools/afrokitchen/countries/botswana/index.html","800","600","74738","386af406fe9c9fd9794cce00477db8c2a1cf460a77587e55b190b36a0b95e668","","12","not-reviewed","false","en","Visual/text review pending; reference scan is not visual approval."
"/assets/img/kitchen/pilao-comorien-km.webp","kitchen","placed","tools/afrokitchen/countries/comoros/index.html","800","600","85940","b811ff4e760600c8b6205f5551ced4f1f596652513ea4ca454bb52de5c584d46","","11","not-reviewed","false","en","Visual/text review pending; reference scan is not visual approval."
"/assets/img/kitchen/pilao-nazi.webp","kitchen","placed","tools/afrokitchen/collections/one-pot-wonders/index.html","800","600","85692","a08f07c0a7864e2f67731b7ead45ef6674f114172883fa1095ca606550bf0772","","13","not-reviewed","false","en","Visual/text review pending; reference scan is not visual approval."
"/assets/img/kitchen/placali-sauce-kope-ci.webp","kitchen","placed","tools/afrokitchen/countries/ivory-coast/index.html","800","600","49532","94fb352955d2d7e460268f096da5d0c06ca0bcff7caf61829a05497a14be7946","","12","not-reviewed","false","en","Visual/text review pending; reference scan is not visual approval."
"/assets/img/kitchen/plasas-gm.webp","kitchen","placed","tools/afrokitchen/countries/gambia/index.html","800","600","103478","dbf4beca8e71255801fb2e8de89e23304ac1cea737f5bb4c7ddb47d5b06c06b4","","10","not-reviewed","false","en","Visual/text review pending; reference scan is not visual approval."
"/assets/img/kitchen/poisson-fume-plantain-ga.webp","kitchen","placed","tools/afrokitchen/countries/gabon/index.html","800","600","77854","64cd440bac2fde10573e099bd668ce4796bed8da32424f0302004b2ccf43fa07","","13","not-reviewed","false","en","Visual/text review pending; reference scan is not visual approval."
"/assets/img/kitchen/poisson-moyo-bj.webp","kitchen","placed","tools/afrokitchen/countries/benin/index.html","800","600","58760","64b28769a05df98527912d866636801b5f0f40dfa947fadd002103b626cf18fa","","12","not-reviewed","false","en","Visual/text review pending; reference scan is not visual approval."
"/assets/img/kitchen/potjiekos-na.webp","kitchen","placed","tools/afrokitchen/collections/one-pot-family-meals/index.html","800","600","34340","2762fc9da1e1bf994e62b24a4a0c81101f68155da40dd2de11f1925291406010","","15","not-reviewed","false","en","Visual/text review pending; reference scan is not visual approval."
"/assets/img/kitchen/poulet-bicyclette-bf.webp","kitchen","placed","tools/afrokitchen/countries/burkina-faso/index.html","800","600","85886","612a856bc26980edb2699c6e582008e8ff4142bd7a3447496e1399f5d10ef4fc","","13","not-reviewed","false","en","Visual/text review pending; reference scan is not visual approval."
"/assets/img/kitchen/poulet-dg-cm.webp","kitchen","placed","tools/afrokitchen/countries/cameroon/index.html","800","600","75830","053c3ca0ac427878eae1a524c286f7db7b315b803c008b17900998904d71972f","","13","not-reviewed","false","en","Visual/text review pending; reference scan is not visual approval."
"/assets/img/kitchen/poulet-moutarde-ga.webp","kitchen","placed","tools/afrokitchen/collections/one-pot-family-meals/index.html","800","600","78098","71b2eaf730cb4396bcf117d1bfa25230eeece5d60cac1ea675e998f3c0d4ec2f","","14","not-reviewed","false","en","Visual/text review pending; reference scan is not visual approval."
"/assets/img/kitchen/poulet-muambe-cg.webp","kitchen","placed","tools/afrokitchen/collections/one-pot-family-meals/index.html","800","600","82724","e244a8275a9a4ca7150692eb4b3e9b6bed5175fecb5853f47794d46e662704b9","","14","not-reviewed","false","en","Visual/text review pending; reference scan is not visual approval."
"/assets/img/kitchen/poulet-yassa-gn.webp","kitchen","placed","tools/afrokitchen/collections/one-pot-family-meals/index.html","800","600","86868","be9f4a3b47a85bf702d927c50f6e52ced2294e2c66394f270736b4be5d54ab78","","15","not-reviewed","false","en","Visual/text review pending; reference scan is not visual approval."
"/assets/img/kitchen/ranonapango-mg.webp","kitchen","placed","tools/afrokitchen/countries/madagascar/index.html","800","600","55940","a50573be39f3c6cbf97c28233828c549c3ad3eac9835878056de4955820ae4b4","","8","not-reviewed","false","en","Visual/text review pending; reference scan is not visual approval."
"/assets/img/kitchen/ravitoto.webp","kitchen","placed","tools/afrokitchen/countries/madagascar/index.html","800","600","58174","a0de0a15ab92a13de4f44c6b63d2ff5f2df69f9b195053b2613051e4ef8d86fe","","8","not-reviewed","false","en","Visual/text review pending; reference scan is not visual approval."
"/assets/img/kitchen/rechta-algeroise-dz.webp","kitchen","placed","tools/afrokitchen/countries/algeria/index.html","800","600","78074","7f9ec1e1917901d268119c676e1be18c3102251c1292fc95721696e3803a3cf6","","10","not-reviewed","false","en","Visual/text review pending; reference scan is not visual approval."
"/assets/img/kitchen/red-red-gh.webp","kitchen","placed","tools/afrokitchen/countries/ghana/index.html","800","600","57044","e4695ac40033ae23b9a7a617725b90df4b0ff43f09eff423aa8e7ff2833e5714","","14","not-reviewed","false","en","Visual/text review pending; reference scan is not visual approval."
"/assets/img/kitchen/rfissa-ma.webp","kitchen","placed","tools/afrokitchen/collections/moroccan-salads-soups-and-breads/index.html","800","600","105690","c373b809c82ede67b282d88013e425c35e8336eb8422ba2bd87b8ed3a417a911","","9","not-reviewed","false","en","Visual/text review pending; reference scan is not visual approval."
"/assets/img/kitchen/rishta-kiskas-ly.webp","kitchen","placed","tools/afrokitchen/countries/libya/index.html","800","600","68466","b23720bdf3ff1d035e1c7d3c38590bf3839f0c6455a879eaad116b1bc7dbfd53","","9","not-reviewed","false","en","Visual/text review pending; reference scan is not visual approval."
"/assets/img/kitchen/riz-gras-bf-2.webp","kitchen","placed","tools/afrokitchen/recipes/riz-gras-bf/index.html","800","640","95752","ed9120f55ed7e9abf4feea8a9a0fb2497e2ffd7c4d7e452cd8a1a84cdcb14f73","","1","not-reviewed","false","en","Visual/text review pending; reference scan is not visual approval."
"/assets/img/kitchen/riz-gras-bf-3.webp","kitchen","placed","tools/afrokitchen/recipes/riz-gras-bf/index.html","800","533","85364","832a662f8cebb3f50f8b476a947062075585597b2763d5e043d30982e4e6c9b2","","1","not-reviewed","false","en","Visual/text review pending; reference scan is not visual approval."
"/assets/img/kitchen/riz-gras-bf-5.webp","kitchen","placed","tools/afrokitchen/recipes/riz-gras-bf/index.html","800","640","88480","8beca1ca66c819adee03a93e8d5bda73ed70d750f96e60e541a511ff477cc837","","1","not-reviewed","false","en","Visual/text review pending; reference scan is not visual approval."
"/assets/img/kitchen/riz-gras-bf.webp","kitchen","placed","tools/afrokitchen/collections/one-pot-family-meals/index.html","800","450","64232","237a8a1bb649edcfe1807b55136f9a6902c7fb158eb564b3af641826932738d7","","15","not-reviewed","false","en","Visual/text review pending; reference scan is not visual approval."
"/assets/img/kitchen/roasted-mealie-sz.webp","kitchen","placed","tools/afrokitchen/collections/breakfast-and-tea-table/index.html","800","600","88016","92d97f77faf93df9e29c0845e171c22ea163af7991e4baf9504ff5185dfe210f","","10","not-reviewed","false","en","Visual/text review pending; reference scan is not visual approval."
"/assets/img/kitchen/rolex-uganda.webp","kitchen","placed","tools/afrokitchen/cuisine-intelligence-data.js","800","600","94258","d12f3e6e8f2ff432b7fbf8bcc6fb8a976d51b3db026bd3844c4cde1fb87b7649","","9","text-free-reviewed","true","en","Contact sheet reviewed against saved recipe description; no visible text. Reuse only for this dish and matching translations."
"/assets/img/kitchen/romazava.webp","kitchen","placed","tools/afrokitchen/countries/madagascar/index.html","800","600","75440","4d8da4389cfd0f10a22e09b35e44da11484179e2614d2f287a1371190df18e52","","14","not-reviewed","false","en","Visual/text review pending; reference scan is not visual approval."
"/assets/img/kitchen/rougaille.webp","kitchen","placed","tools/afrokitchen/countries/mauritius/index.html","800","600","85712","2d4400e880943dbd4d5f090a59f884bca34e0fbae42aa0de3a67fa4ad48f5671","","13","not-reviewed","false","en","Visual/text review pending; reference scan is not visual approval."
"/assets/img/kitchen/rwandan-brochettes.webp","kitchen","placed","tools/afrokitchen/cuisine-intelligence-data.js","800","600","148360","1684c3a9bccdb154549ebc150d2f59867f9d31436f5c91fe5b9fe48436be8e73","","9","text-free-reviewed","true","en","Contact sheet reviewed against saved recipe description; no visible text. Reuse only for this dish and matching translations."
"/assets/img/kitchen/sadza-muriwo.webp","kitchen","placed","tools/afrokitchen/cuisine-intelligence-data.js","800","600","94668","8198e7bfd11cad75e381e108d52ddcbfb397c35d666d8465c1d53664f1e7fb8a","","7","text-free-reviewed","true","en","Contact sheet reviewed against saved recipe description; no visible text. Reuse only for this dish and matching translations."
"/assets/img/kitchen/sadza-nenyama-zw.webp","kitchen","placed","tools/afrokitchen/collections/swallow-and-soup-table/index.html","800","600","43786","7e4a07ca7132c046311f515a99e05fc6793b030bda4989ac4a38e542f836cb59","","16","not-reviewed","false","en","Visual/text review pending; reference scan is not visual approval."
"/assets/img/kitchen/sahrawi-camel-stew-eh.webp","kitchen","placed","tools/afrokitchen/collections/swallow-and-soup-table/index.html","800","600","36620","d238ae06449990332876238492f060c300aad9cde661257d9327adddf6650c4c","","13","not-reviewed","false","en","Visual/text review pending; reference scan is not visual approval."
"/assets/img/kitchen/sahrawi-mint-tea-eh.webp","kitchen","placed","tools/afrokitchen/collections/breakfast-and-tea-table/index.html","800","450","63660","71caa53cc1d67d4efad509b261062df62c69d40d53524a048c344a0f1d0cc309","","15","not-reviewed","false","en","Visual/text review pending; reference scan is not visual approval."
"/assets/img/kitchen/saka-saka-cd.webp","kitchen","placed","tools/afrokitchen/countries/democratic-republic-of-congo/index.html","800","600","125218","5bd72c555d630c0b5880d4c57a01e70e61e628500710e487dd2aa545b5ad8fbc","","8","not-reviewed","false","en","Visual/text review pending; reference scan is not visual approval."
"/assets/img/kitchen/sauce-feuille-gn.webp","kitchen","placed","tools/afrokitchen/countries/guinea/index.html","800","600","64402","c9ff89085f7853abf51fc8ba93f2542b1e0439593c519badee93fab0aea9866d","","12","not-reviewed","false","en","Visual/text review pending; reference scan is not visual approval."
"/assets/img/kitchen/sauce-graine-cf.webp","kitchen","placed","tools/afrokitchen/countries/central-african-republic/index.html","800","600","78630","56c758aab5671ca8f46d6fb0b831e5192c816dc4a73a5ff6ad70b5546838b081","","12","not-reviewed","false","en","Visual/text review pending; reference scan is not visual approval."
"/assets/img/kitchen/sayadeya-eg.webp","kitchen","placed","tools/afrokitchen/countries/egypt/index.html","800","600","95100","64fd186363818dd79a0e979e28efec641b09a081d364e321d7acec98667f2f30","","11","not-reviewed","false","en","Visual/text review pending; reference scan is not visual approval."
"/assets/img/kitchen/seswaa-bw-2.webp","kitchen","placed","tools/afrokitchen/recipes/seswaa-bw/index.html","800","533","58976","361699f95f678d2c9edad6d6333e630f1db1973c5c0adf2c277bec7ea426146b","","1","not-reviewed","false","en","Visual/text review pending; reference scan is not visual approval."
"/assets/img/kitchen/seswaa-bw-3.webp","kitchen","placed","tools/afrokitchen/recipes/seswaa-bw/index.html","800","533","88012","08df4254a0daf407ac5fcae838c1436ddf7abc7097109f75abd83e1ff685d3d5","","1","not-reviewed","false","en","Visual/text review pending; reference scan is not visual approval."
"/assets/img/kitchen/seswaa-bw-5.webp","kitchen","placed","tools/afrokitchen/recipes/seswaa-bw/index.html","800","533","73878","f81ba4b8868a7d72dc8661c5bb6fd37eece34ee4203e8c868c7de0cd151eec6b","","1","not-reviewed","false","en","Visual/text review pending; reference scan is not visual approval."
"/assets/img/kitchen/seswaa-bw.webp","kitchen","placed","tools/afrokitchen/collections/one-pot-family-meals/index.html","800","600","112128","e0f69eb4b6ef61ca6b1d190959c8c5992de4265a55a49a5cade8db82e906e78f","","15","not-reviewed","false","en","Visual/text review pending; reference scan is not visual approval."
"/assets/img/kitchen/shaah-cadays-dj.webp","kitchen","placed","tools/afrokitchen/countries/djibouti/index.html","800","600","82268","ce36ad900831e0987b250c2eb3153ebf6719ee117e1d9b1886426bf95ef431e8","","8","not-reviewed","false","en","Visual/text review pending; reference scan is not visual approval."
"/assets/img/kitchen/shahan-ful-er.webp","kitchen","placed","tools/afrokitchen/collections/breakfast-and-tea-table/index.html","800","600","72366","b977f96f71495d6bf4ddda44e588bd8479ddd3f0927bd4962f21c1bc23da0240","","10","not-reviewed","false","en","Visual/text review pending; reference scan is not visual approval."
"/assets/img/kitchen/sharba-libiya-ly.webp","kitchen","placed","tools/afrokitchen/countries/libya/index.html","800","600","97338","68fad96aeb99a11737f31887e75bdabe44b00ac66efd766a240c66171b476166","","14","not-reviewed","false","en","Visual/text review pending; reference scan is not visual approval."
"/assets/img/kitchen/shiro-wat-et.webp","kitchen","placed","tools/afrokitchen/collections/ethiopian-fasting-table/index.html","800","600","70790","56409ca89fd5fe75514676a61d33f1932152e4991b8045bb379fbfa9089dba61","","14","not-reviewed","false","en","Visual/text review pending; reference scan is not visual approval."
"/assets/img/kitchen/sidvudvu-sz.webp","kitchen","placed","tools/afrokitchen/countries/eswatini/index.html","800","600","67988","cfa8d9271ed58af730281e175cfa02baee3af816eb566e08a244de113f20c4e0","","8","not-reviewed","false","en","Visual/text review pending; reference scan is not visual approval."
"/assets/img/kitchen/siphuphe-setindlubu-sz.webp","kitchen","placed","tools/afrokitchen/countries/eswatini/index.html","800","600","63834","90b3f249965098ee69e069e0f70ba2b68ae7fbfb8c5092836a9328c176c17348","","8","not-reviewed","false","en","Visual/text review pending; reference scan is not visual approval."
"/assets/img/kitchen/sishwala-emasi-sz.webp","kitchen","placed","tools/afrokitchen/collections/one-pot-family-meals/index.html","800","450","58096","6bb1432db1906dcdd006dccde530d7e6391d4c7c4908cf80e13fd771cfa6e9cd","","18","not-reviewed","false","en","Visual/text review pending; reference scan is not visual approval."
"/assets/img/kitchen/skoudehkaris.webp","kitchen","placed","tools/afrokitchen/collections/one-pot-wonders/index.html","800","600","83084","69b7a534738a752fcbe9365ca8ce8800a4f63047690fef5b85e207559d6a66a0","","15","not-reviewed","false","en","Visual/text review pending; reference scan is not visual approval."
"/assets/img/kitchen/succotash-gq.webp","kitchen","placed","tools/afrokitchen/collections/one-pot-family-meals/index.html","800","533","133098","077ee146050e7d09a3eaca5c06293e768abab1413e5051ec5ad59ecfb126ab37","","19","not-reviewed","false","en","Visual/text review pending; reference scan is not visual approval."
"/assets/img/kitchen/suwa-er.webp","kitchen","placed","tools/afrokitchen/countries/eritrea/index.html","800","600","33130","40bb3512b07d51a5b5caf1ea40b1f8f44306bd492dc61ee9ad4c7436361b352a","","10","not-reviewed","false","en","Visual/text review pending; reference scan is not visual approval."
"/assets/img/kitchen/suya-ng.webp","kitchen","placed","tools/afrokitchen/cuisine-intelligence-data.js","800","600","161262","065767f5da4186c0939ad5b6ce9d16258f0d311eb8ba5c5ff359548aa1be349b","","7","text-free-reviewed","true","en","Contact sheet reviewed against saved recipe description; no visible text. Reuse only for this dish and matching translations."
"/assets/img/kitchen/taameya-eg.webp","kitchen","placed","tools/afrokitchen/collections/breakfast-and-tea-table/index.html","800","600","97610","03fbd4c0fd0209eaa0897516f41e9ffac79a1b57a5ded34b62b21ee7f266033f","","12","not-reviewed","false","en","Visual/text review pending; reference scan is not visual approval."
"/assets/img/kitchen/taita-er.webp","kitchen","placed","tools/afrokitchen/countries/eritrea/index.html","800","600","117778","8c25172be633585858407c8a7b57de9968f8481463504f00567c747c3fdff9f8","","13","not-reviewed","false","en","Visual/text review pending; reference scan is not visual approval."
"/assets/img/kitchen/tajine-zitoun-dz.webp","kitchen","placed","tools/afrokitchen/countries/algeria/index.html","800","600","51796","30149c3af126b4d92a4015efcff12750825b26bb855046c3aeb9ac7cbd1bf6d3","","11","not-reviewed","false","en","Visual/text review pending; reference scan is not visual approval."
"/assets/img/kitchen/thieboudienne-mr.webp","kitchen","placed","tools/afrokitchen/collections/one-pot-family-meals/index.html","800","450","98052","4de03fb12fa6b725f30875e6a6cb128a0c5c38293a7fe6c2d7c8a600a68acaac","","14","not-reviewed","false","en","Visual/text review pending; reference scan is not visual approval."
"/assets/img/kitchen/thieboudienne-sn.webp","kitchen","placed","tools/afrokitchen/collections/across-africa-showstoppers/index.html","800","450","80498","2bc0a5f1e3d1206130838c432bad7f3f4f6d4453dd3369f9a73c8961a75f267c","","22","not-reviewed","false","en","Visual/text review pending; reference scan is not visual approval."
"/assets/img/kitchen/thobwa-mw.webp","kitchen","placed","tools/afrokitchen/countries/malawi/index.html","800","600","48842","d1fc3f251d8fe1afe6012f7561f6c42c86cf3c51e54edd4c044e39e726fdb635","","11","not-reviewed","false","en","Visual/text review pending; reference scan is not visual approval."
"/assets/img/kitchen/tibs-et.webp","kitchen","placed","tools/afrokitchen/countries/ethiopia/index.html","800","600","105824","06826295f137e8dde75e2e2db38446831fbca568d92423929ac708833628f0cc","","9","not-reviewed","false","en","Visual/text review pending; reference scan is not visual approval."
"/assets/img/kitchen/tigadegena-ml.webp","kitchen","placed","tools/afrokitchen/collections/one-pot-family-meals/index.html","800","600","57942","4b48dbaa0f5a3d496ff8ad8217246bf267d1ea97344edf6e2076cc6e0bff1e49","","14","not-reviewed","false","en","Visual/text review pending; reference scan is not visual approval."
"/assets/img/kitchen/toh-ml.webp","kitchen","placed","tools/afrokitchen/collections/quick-and-easy/index.html","800","600","70196","39198d62a77a46bb556066f98427ffedb1381547a2c1385a86c552435fc9dc1d","","14","not-reviewed","false","en","Visual/text review pending; reference scan is not visual approval."
"/assets/img/kitchen/torborgee-lr.webp","kitchen","placed","tools/afrokitchen/collections/one-pot-family-meals/index.html","800","600","104680","e41f3ee6b72138db100c06b8a401a134de97a1a2caea5f809d7943eb8274c0a8","","15","not-reviewed","false","en","Visual/text review pending; reference scan is not visual approval."
"/assets/img/kitchen/tuo-zaafi-gh.webp","kitchen","placed","tools/afrokitchen/countries/ghana/index.html","800","600","77830","5d17c4c2602378984e074a5de55e621287a93fd9a2506e0e0c2abe458f07d25c","","10","not-reviewed","false","en","Visual/text review pending; reference scan is not visual approval."
"/assets/img/kitchen/tuwo-masara-ne.webp","kitchen","placed","tools/afrokitchen/cuisine-intelligence-data.js","800","600","101932","ba85e27b8069f065cfef9b3f0e00031be37077b00ae73ce6d397017a173646aa","","9","text-free-reviewed","true","en","Contact sheet reviewed against saved recipe description; no visible text. Reuse only for this dish and matching translations."
"/assets/img/kitchen/ubugari.webp","kitchen","placed","tools/afrokitchen/collections/quick-and-easy/index.html","800","600","57900","b097cf697ebe0e1d6d22ef4e86413df9e9acd48b1f2c4476c59171674e06538c","","13","not-reviewed","false","en","Visual/text review pending; reference scan is not visual approval."
"/assets/img/kitchen/ugali-na-sukuma-wiki.webp","kitchen","placed","tools/afrokitchen/collections/one-pot-family-meals/index.html","800","450","72680","10ce557562c65034665eab66402f8a24e9e333d012bdd82982e9717ca10535b1","","16","not-reviewed","false","en","Visual/text review pending; reference scan is not visual approval."
"/assets/img/kitchen/umbhidvo-wetintsanga-sz.webp","kitchen","placed","tools/afrokitchen/collections/swallow-and-soup-table/index.html","800","450","94744","d1b687b7e0aa8276d877a66b97c8c8dfd86c2fbbaa0d5d9418d10b0c9438b3cd","","18","not-reviewed","false","en","Visual/text review pending; reference scan is not visual approval."
"/assets/img/kitchen/umcombotsi-sz.webp","kitchen","placed","tools/afrokitchen/countries/eswatini/index.html","800","600","54856","efaca02f6ecd1fc8c04181344cb92722f40cc99fa3aa27e6f0d95869ff5ee120","","12","not-reviewed","false","en","Visual/text review pending; reference scan is not visual approval."
"/assets/img/kitchen/umm-ali-eg.webp","kitchen","placed","tools/afrokitchen/collections/breakfast-and-tea-table/index.html","800","600","64116","2a0922e187c33c189a5f9b5c66473b5186c28aa92e74e4958687df8553f77a3f","","10","not-reviewed","false","en","Visual/text review pending; reference scan is not visual approval."
"/assets/img/kitchen/usban-ly.webp","kitchen","placed","tools/afrokitchen/countries/libya/index.html","800","600","75924","bd29fd2e6ab5e795d3fd705a897d903e1f415f478484836abf1a4d8bc6470e1f","","7","not-reviewed","false","en","Visual/text review pending; reference scan is not visual approval."
"/assets/img/kitchen/vetkoek-bw.webp","kitchen","placed","tools/afrokitchen/collections/breakfast-and-tea-table/index.html","800","640","129152","8bb6f00ab10164f1abb4d63d0e9ff1ea1add7bd2372b0d43e5f4ded75658ed89","","15","not-reviewed","false","en","Visual/text review pending; reference scan is not visual approval."
"/assets/img/kitchen/vindaye-poisson-mu.webp","kitchen","placed","tools/afrokitchen/countries/mauritius/index.html","800","600","102478","635e9173fee3a490a95598ac7b63a9f6dd1ad00a298a73ca3138f29aec5949ed","","11","not-reviewed","false","en","Visual/text review pending; reference scan is not visual approval."
"/assets/img/kitchen/vinho-caju-gw.webp","kitchen","placed","tools/afrokitchen/countries/guinea-bissau/index.html","800","600","55170","eddb13b06b9608b70b4bec8332abd632454a6208c0415a5e19e3e6001c58055f","","9","not-reviewed","false","en","Visual/text review pending; reference scan is not visual approval."
"/assets/img/kitchen/waakye-gh.webp","kitchen","placed","tools/afrokitchen/countries/ghana/index.html","800","600","70110","3f39b913ae93339bf3cc8a4c9071843c56d0918df9ef36568b31cfe9a2daa51a","","11","not-reviewed","false","en","Visual/text review pending; reference scan is not visual approval."
"/assets/img/kitchen/wagasi-grille-bj.webp","kitchen","placed","tools/afrokitchen/collections/quick-and-easy/index.html","800","600","98490","3202681a089d572823af12ee1b77ef56df505db7db8092058adb486cf3ccd997","","16","not-reviewed","false","en","Visual/text review pending; reference scan is not visual approval."
"/assets/img/kitchen/xerem-cv.webp","kitchen","placed","tools/afrokitchen/countries/cape-verde/index.html","800","600","66278","c4547b878b8f6239b4f16e259517cd40bd98e73fd519554717b811e4a82886eb","","12","not-reviewed","false","en","Visual/text review pending; reference scan is not visual approval."
"/assets/img/kitchen/yassa-poulet-sn.webp","kitchen","placed","tools/afrokitchen/cuisine-intelligence-data.js","800","600","129126","47cf4ab1b2d5b01e4832c6ec75b642b8c36e8f0beaf13e667e5957b6387c0413","","6","text-free-reviewed","true","en","Contact sheet reviewed against saved recipe description; no visible text. Reuse only for this dish and matching translations."
"/assets/img/kitchen/zamne-bf.webp","kitchen","placed","tools/afrokitchen/countries/burkina-faso/index.html","800","600","71712","b867d5f3011d54fcf15580b8fe1fa5f9e5a0171528acab8a95152c1275b51573","","7","not-reviewed","false","en","Visual/text review pending; reference scan is not visual approval."
"/assets/img/kitchen/zigini.webp","kitchen","placed","tools/afrokitchen/countries/eritrea/index.html","800","600","102874","e248abe8cd8b3428febce1b1655070fe2209850b6b2820d8364e32bdd2329ca0","","10","not-reviewed","false","en","Visual/text review pending; reference scan is not visual approval."
"/assets/img/logo-dark.svg","brand-and-banners","retired-alternative","index.html","280","68","1419","860cbbff922fe1be7182180ce3a13345bd7a7e4180383217ea797ca74dbee7fb","","0","contains-text","false","","Legacy logo/social design retained for history; current logo-mark and social metadata remain canonical."
"/assets/img/logo-mark.svg","brand-and-banners","placed","404.html","64","64","715","62c2e27fa0aaff7014deaacc24548c4fc40e96c2ba0367fdc86e37a871ddb7ef","","3545","not-reviewed","false","en; fr; ha; sw; yo","Visual/text review pending; reference scan is not visual approval."
"/assets/img/logo.svg","brand-and-banners","retired-alternative","index.html","280","68","1405","a23a757855b83535d2b00cb047821c423a5328c8c671f1af0dc1d8b36c2484d0","","0","contains-text","false","","Legacy logo/social design retained for history; current logo-mark and social metadata remain canonical."
"/assets/img/matchday/flags/ar.png","matchday","archived-product","scripts/build-dist.js#BLOCKED_RELATIVE_DIRS","80","50","335","6350038be1f1cd0b67c22cbd02f08bcc0fef2c23b59d5c657c75ab23363cee16","","0","not-reviewed","false","","Flag belongs to archived Matchday assets, already excluded from production. Retain with that product; this image task does not relaunch Matchday."
"/assets/img/matchday/flags/at.png","matchday","archived-product","scripts/build-dist.js#BLOCKED_RELATIVE_DIRS","80","53","109","6db2a0734919d8c19430b79af8b2682be3a6cb878162aaff1c9c2a47b7660953","","0","not-reviewed","false","","Flag belongs to archived Matchday assets, already excluded from production. Retain with that product; this image task does not relaunch Matchday."
"/assets/img/matchday/flags/au.png","matchday","placed","tools/study-abroad-cost/study-abroad-customer-simplify.css","80","40","592","eb3cd6aba81315a7db38b55a555938f3d4c1553342eafb3a37e13d4d1fe76450","","1","not-reviewed","false","en","Visual/text review pending; reference scan is not visual approval."
"/assets/img/matchday/flags/ba.png","matchday","archived-product","scripts/build-dist.js#BLOCKED_RELATIVE_DIRS","80","40","346","65458f3db09cabf5e23ceb4e27463f3ced69fa3bdd65ff1107a0dbfec2281c97","","0","not-reviewed","false","","Flag belongs to archived Matchday assets, already excluded from production. Retain with that product; this image task does not relaunch Matchday."
"/assets/img/matchday/flags/be.png","matchday","archived-product","scripts/build-dist.js#BLOCKED_RELATIVE_DIRS","80","69","127","4bb0a14682b00ccb8912a25aee9a44a5129362d0c09e3cfdb5257879bd23adb3","","0","not-reviewed","false","","Flag belongs to archived Matchday assets, already excluded from production. Retain with that product; this image task does not relaunch Matchday."
"/assets/img/matchday/flags/br.png","matchday","archived-product","scripts/build-dist.js#BLOCKED_RELATIVE_DIRS","80","56","816","c9ea019c610713d111f4c81d97f5c0df2caf7ae4c9bda6079f414916dcada975","","0","not-reviewed","false","","Flag belongs to archived Matchday assets, already excluded from production. Retain with that product; this image task does not relaunch Matchday."
"/assets/img/matchday/flags/ca.png","matchday","placed","tools/study-abroad-cost/study-abroad-customer-simplify.css","80","40","404","c6a0b1b087f62170a41cd9d0b35bd532df0286608cc7c1c5a8c3639937b6c867","","1","not-reviewed","false","en","Visual/text review pending; reference scan is not visual approval."
"/assets/img/matchday/flags/cd.png","matchday","archived-product","scripts/build-dist.js#BLOCKED_RELATIVE_DIRS","80","60","447","c90de0651604a09bc297cd1f6bdbbab88ad51e65ef0aa933bb3191c943b69acc","","0","not-reviewed","false","","Flag belongs to archived Matchday assets, already excluded from production. Retain with that product; this image task does not relaunch Matchday."
"/assets/img/matchday/flags/ch.png","matchday","archived-product","scripts/build-dist.js#BLOCKED_RELATIVE_DIRS","80","80","135","c0238ceffa2927c670890712efe6eafdce019fa68e9118486ac08c2651ae4a4c","","0","not-reviewed","false","","Flag belongs to archived Matchday assets, already excluded from production. Retain with that product; this image task does not relaunch Matchday."
"/assets/img/matchday/flags/ci.png","matchday","archived-product","scripts/build-dist.js#BLOCKED_RELATIVE_DIRS","80","53","122","827734ef91f84698ef5764b62df02de108effe041b90c6fbb8d766b1ea3626e6","","0","not-reviewed","false","","Flag belongs to archived Matchday assets, already excluded from production. Retain with that product; this image task does not relaunch Matchday."
"/assets/img/matchday/flags/co.png","matchday","archived-product","scripts/build-dist.js#BLOCKED_RELATIVE_DIRS","80","53","125","cc204eef36e8d922b38b794cd00000b9cfefeb7964c914d5c15d432b27cb0771","","0","not-reviewed","false","","Flag belongs to archived Matchday assets, already excluded from production. Retain with that product; this image task does not relaunch Matchday."
"/assets/img/matchday/flags/cv.png","matchday","archived-product","scripts/build-dist.js#BLOCKED_RELATIVE_DIRS","80","47","334","aee4766f9fe89db9ac48e1d0b2645c800fe1026026e19a99a455f1a2b339bb43","","0","not-reviewed","false","","Flag belongs to archived Matchday assets, already excluded from production. Retain with that product; this image task does not relaunch Matchday."
"/assets/img/matchday/flags/cw.png","matchday","archived-product","scripts/build-dist.js#BLOCKED_RELATIVE_DIRS","80","53","239","ed92c7ec21ad6e5b72150cb2b4af2fe915eb953be0cf2ccb893dbdebb138a363","","0","not-reviewed","false","","Flag belongs to archived Matchday assets, already excluded from production. Retain with that product; this image task does not relaunch Matchday."
"/assets/img/matchday/flags/cz.png","matchday","archived-product","scripts/build-dist.js#BLOCKED_RELATIVE_DIRS","80","53","363","2b1d29778294d45d3678cd7fdc240de70a16a638dd752be4a212401389dd44e5","","0","not-reviewed","false","","Flag belongs to archived Matchday assets, already excluded from production. Retain with that product; this image task does not relaunch Matchday."
"/assets/img/matchday/flags/de.png","matchday","placed","tools/study-abroad-cost/study-abroad-customer-simplify.css","80","48","105","5eb33c86a8f1cd43cbbd990aee89e4ce4fabf7efdece1529be66fb1becf29fc9","","1","not-reviewed","false","en","Visual/text review pending; reference scan is not visual approval."
"/assets/img/matchday/flags/dz.png","matchday","archived-product","scripts/build-dist.js#BLOCKED_RELATIVE_DIRS","80","53","399","15e7ef69c144fa4d9d57ef9c6761a23c5dc1e2f2506c0c77a847139ca6663039","","0","not-reviewed","false","","Flag belongs to archived Matchday assets, already excluded from production. Retain with that product; this image task does not relaunch Matchday."
"/assets/img/matchday/flags/ec.png","matchday","archived-product","scripts/build-dist.js#BLOCKED_RELATIVE_DIRS","80","53","933","767a69f140ef4f9a28bdba99a149b53cf1768e6896893b58b3e3ac7a444a515e","","0","not-reviewed","false","","Flag belongs to archived Matchday assets, already excluded from production. Retain with that product; this image task does not relaunch Matchday."
"/assets/img/matchday/flags/eg.png","matchday","archived-product","scripts/build-dist.js#BLOCKED_RELATIVE_DIRS","80","53","291","650c5df8ef5e0d1c2267b67caeac0fb8643a5fb4e55df3117e4aa8b1a5861a77","","0","not-reviewed","false","","Flag belongs to archived Matchday assets, already excluded from production. Retain with that product; this image task does not relaunch Matchday."
"/assets/img/matchday/flags/es.png","matchday","archived-product","scripts/build-dist.js#BLOCKED_RELATIVE_DIRS","80","53","673","cfd46911c2d8a218317ecfa94d776ca3784def0212332b2c230d0a7cfeb6be41","","0","not-reviewed","false","","Flag belongs to archived Matchday assets, already excluded from production. Retain with that product; this image task does not relaunch Matchday."
"/assets/img/matchday/flags/fr.png","matchday","archived-product","scripts/build-dist.js#BLOCKED_RELATIVE_DIRS","80","53","123","2a539c1a42f160aab68730f4caaa322bd6fbccf42145015bb7544961671a9cbd","","0","not-reviewed","false","","Flag belongs to archived Matchday assets, already excluded from production. Retain with that product; this image task does not relaunch Matchday."
"/assets/img/matchday/flags/gb-eng.png","matchday","archived-product","scripts/build-dist.js#BLOCKED_RELATIVE_DIRS","80","48","123","51fab4e1b9edf84a4798756f8984c5d767d5d6326dd3614c59de3893bcbeb62e","","0","not-reviewed","false","","Flag belongs to archived Matchday assets, already excluded from production. Retain with that product; this image task does not relaunch Matchday."
"/assets/img/matchday/flags/gb-sct.png","matchday","archived-product","scripts/build-dist.js#BLOCKED_RELATIVE_DIRS","80","48","433","e2fa0198019f3448ed6886da80043a93dc51538fd6eb17ddd21ddb3c67e06db9","","0","not-reviewed","false","","Flag belongs to archived Matchday assets, already excluded from production. Retain with that product; this image task does not relaunch Matchday."
"/assets/img/matchday/flags/gh.png","matchday","archived-product","scripts/build-dist.js#BLOCKED_RELATIVE_DIRS","80","53","267","df792a38cf9620fd3ac55b759de8f54b9ddf4c3f90ff558445f024524f29f42b","","0","not-reviewed","false","","Flag belongs to archived Matchday assets, already excluded from production. Retain with that product; this image task does not relaunch Matchday."
"/assets/img/matchday/flags/hr.png","matchday","archived-product","scripts/build-dist.js#BLOCKED_RELATIVE_DIRS","80","40","639","37700c20552eff5509370aa315cab83f84a878f3ca47c39f65bb280ef0c99422","","0","not-reviewed","false","","Flag belongs to archived Matchday assets, already excluded from production. Retain with that product; this image task does not relaunch Matchday."
"/assets/img/matchday/flags/ht.png","matchday","archived-product","scripts/build-dist.js#BLOCKED_RELATIVE_DIRS","80","48","871","ab0c955b1ce98b43984fa9c00d6e3002cc677893638b26066b9534230be27de3","","0","not-reviewed","false","","Flag belongs to archived Matchday assets, already excluded from production. Retain with that product; this image task does not relaunch Matchday."
"/assets/img/matchday/flags/iq.png","matchday","archived-product","scripts/build-dist.js#BLOCKED_RELATIVE_DIRS","80","53","319","cd95b18f6ade141eabd5f00d4f420f49c64eadfb5320dcfcdb6d68bb0e554d03","","0","not-reviewed","false","","Flag belongs to archived Matchday assets, already excluded from production. Retain with that product; this image task does not relaunch Matchday."
"/assets/img/matchday/flags/ir.png","matchday","archived-product","scripts/build-dist.js#BLOCKED_RELATIVE_DIRS","80","46","451","2b08721b074f09dd599539aae078ca6b5a59c2b7f18c493b0124bce28daf4f8e","","0","not-reviewed","false","","Flag belongs to archived Matchday assets, already excluded from production. Retain with that product; this image task does not relaunch Matchday."
"/assets/img/matchday/flags/jo.png","matchday","archived-product","scripts/build-dist.js#BLOCKED_RELATIVE_DIRS","80","40","287","e56000f765062306350e6138c41ee7d3f4ba18e60709f4b803aa90af47065cb3","","0","not-reviewed","false","","Flag belongs to archived Matchday assets, already excluded from production. Retain with that product; this image task does not relaunch Matchday."
"/assets/img/matchday/flags/jp.png","matchday","archived-product","scripts/build-dist.js#BLOCKED_RELATIVE_DIRS","80","53","353","25c1ac6db4fa0b5e6b79b4efe546683c8589cf060f5f848b27be02944fad8114","","0","not-reviewed","false","","Flag belongs to archived Matchday assets, already excluded from production. Retain with that product; this image task does not relaunch Matchday."
"/assets/img/matchday/flags/kr.png","matchday","archived-product","scripts/build-dist.js#BLOCKED_RELATIVE_DIRS","80","53","972","8a0e8db363c5177c129bdc1140f5c219f17014153a5da592877c4b4c718c248f","","0","not-reviewed","false","","Flag belongs to archived Matchday assets, already excluded from production. Retain with that product; this image task does not relaunch Matchday."
"/assets/img/matchday/flags/ma.png","matchday","archived-product","scripts/build-dist.js#BLOCKED_RELATIVE_DIRS","80","53","304","2c5b318cf6fef7f438edc4bf43507a50b782ac57191b6069fe367ee5151c1b0d","","0","not-reviewed","false","","Flag belongs to archived Matchday assets, already excluded from production. Retain with that product; this image task does not relaunch Matchday."
"/assets/img/matchday/flags/mx.png","matchday","archived-product","scripts/build-dist.js#BLOCKED_RELATIVE_DIRS","80","46","562","c0fdb027d455efda31d165351dbac9b2145fdca51aa1f9c9410a346b43bf1f2f","","0","not-reviewed","false","","Flag belongs to archived Matchday assets, already excluded from production. Retain with that product; this image task does not relaunch Matchday."
"/assets/img/matchday/flags/nl.png","matchday","archived-product","scripts/build-dist.js#BLOCKED_RELATIVE_DIRS","80","53","127","2551bcd6a2ea816da99fd646a6f68feef0e3b2897216b1afca88a6e4283ee42f","","0","not-reviewed","false","","Flag belongs to archived Matchday assets, already excluded from production. Retain with that product; this image task does not relaunch Matchday."
"/assets/img/matchday/flags/no.png","matchday","archived-product","scripts/build-dist.js#BLOCKED_RELATIVE_DIRS","80","58","192","f58edc8912be7c7f5a462809dae326895a9b529bd841475a4aedf0ccf26e6d7f","","0","not-reviewed","false","","Flag belongs to archived Matchday assets, already excluded from production. Retain with that product; this image task does not relaunch Matchday."
"/assets/img/matchday/flags/nz.png","matchday","archived-product","scripts/build-dist.js#BLOCKED_RELATIVE_DIRS","80","40","536","2a69d660a346b756b26e5faba477f8033901b76b2ccf35d00463620be4a794c4","","0","not-reviewed","false","","Flag belongs to archived Matchday assets, already excluded from production. Retain with that product; this image task does not relaunch Matchday."
"/assets/img/matchday/flags/pa.png","matchday","archived-product","scripts/build-dist.js#BLOCKED_RELATIVE_DIRS","80","53","361","5b7c11938c58bc8160d12f608dd0bc6acff113fe165c5c45b46ee1d5a4a1f71e","","0","not-reviewed","false","","Flag belongs to archived Matchday assets, already excluded from production. Retain with that product; this image task does not relaunch Matchday."
"/assets/img/matchday/flags/pt.png","matchday","archived-product","scripts/build-dist.js#BLOCKED_RELATIVE_DIRS","80","53","893","0006bee743a0d81fc4dcea7ae2fdc2bb17e560792b9939fb10ec05d76dd828ef","","0","not-reviewed","false","","Flag belongs to archived Matchday assets, already excluded from production. Retain with that product; this image task does not relaunch Matchday."
"/assets/img/matchday/flags/py.png","matchday","archived-product","scripts/build-dist.js#BLOCKED_RELATIVE_DIRS","80","44","287","3791bcf57ecc71e23b15b941b026ac807470e9fc5b97a624aaef0df74e2d0684","","0","not-reviewed","false","","Flag belongs to archived Matchday assets, already excluded from production. Retain with that product; this image task does not relaunch Matchday."
"/assets/img/matchday/flags/qa.png","matchday","archived-product","scripts/build-dist.js#BLOCKED_RELATIVE_DIRS","80","31","201","ab007ed48922bf300c3a76462aa8a40ccdb2bf9a06276e3acde96a6b6296bbbc","","0","not-reviewed","false","","Flag belongs to archived Matchday assets, already excluded from production. Retain with that product; this image task does not relaunch Matchday."
"/assets/img/matchday/flags/sa.png","matchday","archived-product","scripts/build-dist.js#BLOCKED_RELATIVE_DIRS","80","53","566","279bc6e2da48470081c4c754c9c6b880465fa425d70319fcc786b06a4e01821b","","0","not-reviewed","false","","Flag belongs to archived Matchday assets, already excluded from production. Retain with that product; this image task does not relaunch Matchday."
"/assets/img/matchday/flags/se.png","matchday","archived-product","scripts/build-dist.js#BLOCKED_RELATIVE_DIRS","80","50","100","e8433ddb96b727f2b2420f21f588feb88a5f3984b0c2fe65e97e0b5285f3a2ef","","0","not-reviewed","false","","Flag belongs to archived Matchday assets, already excluded from production. Retain with that product; this image task does not relaunch Matchday."
"/assets/img/matchday/flags/sn.png","matchday","archived-product","scripts/build-dist.js#BLOCKED_RELATIVE_DIRS","80","53","241","858bcf6fe5da87f2b9affb7492ef06482b6ad0b475b70203d38f4fbb0fbaa7e8","","0","not-reviewed","false","","Flag belongs to archived Matchday assets, already excluded from production. Retain with that product; this image task does not relaunch Matchday."
"/assets/img/matchday/flags/tn.png","matchday","archived-product","scripts/build-dist.js#BLOCKED_RELATIVE_DIRS","80","53","466","cf2f658f340f1c9e8071a05990dc3bd6790b381aac25c6662187857c28026370","","0","not-reviewed","false","","Flag belongs to archived Matchday assets, already excluded from production. Retain with that product; this image task does not relaunch Matchday."
"/assets/img/matchday/flags/tr.png","matchday","archived-product","scripts/build-dist.js#BLOCKED_RELATIVE_DIRS","80","53","377","1cacb57e7a84e9305b482108bfbd5af019dbb5268d55f8533ee651065cea9f85","","0","not-reviewed","false","","Flag belongs to archived Matchday assets, already excluded from production. Retain with that product; this image task does not relaunch Matchday."
"/assets/img/matchday/flags/us.png","matchday","placed","tools/study-abroad-cost/study-abroad-customer-simplify.css","80","42","430","59ac434b97e6db8b4fcee5c8e1996995562747e76875625f0886f1936488b7c9","","1","not-reviewed","false","en","Visual/text review pending; reference scan is not visual approval."
"/assets/img/matchday/flags/uy.png","matchday","archived-product","scripts/build-dist.js#BLOCKED_RELATIVE_DIRS","80","53","504","f446f4d253f26719bdee356b97231594bc2c01577cb7ddc26cca1652b0b330c1","","0","not-reviewed","false","","Flag belongs to archived Matchday assets, already excluded from production. Retain with that product; this image task does not relaunch Matchday."
"/assets/img/matchday/flags/uz.png","matchday","archived-product","scripts/build-dist.js#BLOCKED_RELATIVE_DIRS","80","40","242","25570b17f4a0c3ae9de90db0714fe74e1efb87963cdbf143587df2aec36a6e10","","0","not-reviewed","false","","Flag belongs to archived Matchday assets, already excluded from production. Retain with that product; this image task does not relaunch Matchday."
"/assets/img/matchday/flags/za.png","matchday","archived-product","scripts/build-dist.js#BLOCKED_RELATIVE_DIRS","80","53","543","ed7056cd01ca444344dd15379189fe9da0f6b500f0f1049d5442cee9fe6ea65e","","0","not-reviewed","false","","Flag belongs to archived Matchday assets, already excluded from production. Retain with that product; this image task does not relaunch Matchday."
"/assets/img/matchday/world-cup-hero-banner.webp","matchday","placed","assets/css/matchday-worldcup-hero.css","1916","821","132986","1f2b7657f3b65d551ffe3ef7a2d801fe0111d0c515d2da791e32258b29659ebd","","8","not-reviewed","false","en","Visual/text review pending; reference scan is not visual approval."
"/assets/img/new/dounguouri-soko-ne.webp","new","needs-review","Library review queue: new","800","600","79940","cc2636c3424b3c2483d0f596d545e15b9c9d5700fc3f765cfec4a5228869b2e7","","0","text-free-reviewed","false","","Visual mismatch: chicken/vegetable stew resembles Igisafuliya; catalog requires white beans and lamb."
"/assets/img/new/malva-pudding-za.webp","new","needs-review","Library review queue: new","800","600","106634","df3377b212f945f8e817d34bf3d01fb8c6bed0493f76a9955e13a79078682305","","0","text-free-reviewed","false","","Visual mismatch: leaf-wrapped savoury food, not the catalogued sauce-soaked apricot sponge pudding."
"/assets/img/new/sahrawi-couscous-eh.webp","new","needs-review","Library review queue: new","80","60","2434","a79d058e4ed31498a41c6a090667b811e60a6ae081b271db418cd477106dd9d8","","0","text-free-reviewed","false","","Severely pixelated thumbnail; insufficient resolution for a recipe hero."
"/assets/img/og-default.png","brand-and-banners","placed","404.html","1200","630","49048","7c226017023272f3bda0f7586f2f336efe3d606c242d8d96e92ef1b62cc4f6d4","","2964","not-reviewed","false","en; fr; ha; sw; yo","Visual/text review pending; reference scan is not visual approval."
"/assets/img/og-home.png","brand-and-banners","placed","blog/index.html","1200","630","51178","7a225369b9b75ce433989d6f9efced515b746e2dc4c1bc10233d927fc7b27d96","","3","not-reviewed","false","en; fr","Visual/text review pending; reference scan is not visual approval."
"/assets/img/og-home.svg","brand-and-banners","retired-alternative","index.html","1200","630","2148","0fae4f5396507b77b13c749f83eb5d1626458fc10902235bf9b321f14d2a3c66","","0","contains-text","false","","Legacy logo/social design retained for history; current logo-mark and social metadata remain canonical."
"/assets/img/og/afrojamb-hub.webp","og","unassigned","Library review queue: og","600","400","13898","3d1803c4740adfd4addc08480923d5b97b91291324b8a8fbb1c1e59b3b8885b8","","0","not-reviewed","false","","Visual/text review pending; reference scan is not visual approval."
"/assets/img/og/countries/country-ao.webp","og","rejected-artwork","scripts/apply-og-fallbacks.js","1200","630","112044","af25d3339ff23320ee57f4af488c114c128715411006dab31a5568f22d314bb7","","0","embedded-text-or-unverified-details","false","","Visual review: promotional collage or mock interface, embedded copy, or unverified map/currency/UI details. Reject for automatic public placement and translated reuse; retain original in the design archive."
"/assets/img/og/countries/country-bf.webp","og","rejected-artwork","scripts/apply-og-fallbacks.js","1200","630","117038","7bc6fcb047c1391a818cd7df647e189bd22ea369ddd41a19c6f7d8ec1687548e","","0","embedded-text-or-unverified-details","false","","Visual review: promotional collage or mock interface, embedded copy, or unverified map/currency/UI details. Reject for automatic public placement and translated reuse; retain original in the design archive."
"/assets/img/og/countries/country-bi.webp","og","rejected-artwork","scripts/apply-og-fallbacks.js","1200","630","57646","2b0802914843f6cb045d843a92104db4693aa5815e4091b96153cb14227d95e6","","0","embedded-text-or-unverified-details","false","","Visual review: promotional collage or mock interface, embedded copy, or unverified map/currency/UI details. Reject for automatic public placement and translated reuse; retain original in the design archive."
"/assets/img/og/countries/country-bj.webp","og","rejected-artwork","scripts/apply-og-fallbacks.js","1200","630","202508","a91f1a1a80730aa80ff4be080b471202b33cc86d1eda3de30be23cac1c91811d","","0","embedded-text-or-unverified-details","false","","Visual review: promotional collage or mock interface, embedded copy, or unverified map/currency/UI details. Reject for automatic public placement and translated reuse; retain original in the design archive."
"/assets/img/og/countries/country-bw.webp","og","rejected-artwork","scripts/apply-og-fallbacks.js","1200","630","166356","533666a388e12d0112954d3e33ea50a107a848770dbcaff6a254cac14f35f0a8","","0","embedded-text-or-unverified-details","false","","Visual review: promotional collage or mock interface, embedded copy, or unverified map/currency/UI details. Reject for automatic public placement and translated reuse; retain original in the design archive."
"/assets/img/og/countries/country-cd.webp","og","rejected-artwork","scripts/apply-og-fallbacks.js","1200","630","206276","16bee3be8ee38b1c6619ca0f0cdb07b3723ad589d8aa21812cc79abf3bfe7f8a","","0","embedded-text-or-unverified-details","false","","Visual review: promotional collage or mock interface, embedded copy, or unverified map/currency/UI details. Reject for automatic public placement and translated reuse; retain original in the design archive."
"/assets/img/og/countries/country-cf.webp","og","rejected-artwork","scripts/apply-og-fallbacks.js","1200","630","175922","976c8fa2e5832f99e81e7c96946058163bf9e0a9f5103034a1b14d22b933b2e1","","0","embedded-text-or-unverified-details","false","","Visual review: promotional collage or mock interface, embedded copy, or unverified map/currency/UI details. Reject for automatic public placement and translated reuse; retain original in the design archive."
"/assets/img/og/countries/country-cg.webp","og","rejected-artwork","scripts/apply-og-fallbacks.js","1200","630","155252","8da0fb407955b0eb4afab35d9c76eec63f24a5cee7aa0b1580b5e7abb0e03fec","","0","embedded-text-or-unverified-details","false","","Visual review: promotional collage or mock interface, embedded copy, or unverified map/currency/UI details. Reject for automatic public placement and translated reuse; retain original in the design archive."
"/assets/img/og/countries/country-ci.webp","og","rejected-artwork","scripts/apply-og-fallbacks.js","1200","630","197420","f7f3e5304f43d9873c9458e951e5ba31163eafc3cb61ded0034928b99c37bb46","","0","embedded-text-or-unverified-details","false","","Visual review: promotional collage or mock interface, embedded copy, or unverified map/currency/UI details. Reject for automatic public placement and translated reuse; retain original in the design archive."
"/assets/img/og/countries/country-cm.webp","og","rejected-artwork","scripts/apply-og-fallbacks.js","1200","630","128724","f8e172998811d205689986ff73efeb343199773a959d6ee4618f7f78a02fdcc0","","0","embedded-text-or-unverified-details","false","","Visual review: promotional collage or mock interface, embedded copy, or unverified map/currency/UI details. Reject for automatic public placement and translated reuse; retain original in the design archive."
"/assets/img/og/countries/country-cv.webp","og","rejected-artwork","scripts/apply-og-fallbacks.js","1200","630","170314","de125ad4a7df6303fa67c6522eb65dc4052616bddbfc33ef48a42a7249eea110","","0","embedded-text-or-unverified-details","false","","Visual review: promotional collage or mock interface, embedded copy, or unverified map/currency/UI details. Reject for automatic public placement and translated reuse; retain original in the design archive."
"/assets/img/og/countries/country-dj.webp","og","rejected-artwork","scripts/apply-og-fallbacks.js","1200","630","158050","e9659a0cd39ceaf167bbfb671afa6d644d64a6d3c89bdb823fed83b21c0531e9","","0","embedded-text-or-unverified-details","false","","Visual review: promotional collage or mock interface, embedded copy, or unverified map/currency/UI details. Reject for automatic public placement and translated reuse; retain original in the design archive."
"/assets/img/og/countries/country-dz.webp","og","rejected-artwork","scripts/apply-og-fallbacks.js","1200","630","166530","e38a5c088c1956c5d5abe76c0dff97a4dac92c5428854ec069663cff8e9b5a89","","0","embedded-text-or-unverified-details","false","","Visual review: promotional collage or mock interface, embedded copy, or unverified map/currency/UI details. Reject for automatic public placement and translated reuse; retain original in the design archive."
"/assets/img/og/countries/country-eg.webp","og","rejected-artwork","scripts/apply-og-fallbacks.js","1200","630","100206","cad0e4e613f8c4b28a7af5b92d2e135f8d00a0f0b8826ec2d35d5f962544c917","","0","embedded-text-or-unverified-details","false","","Visual review: promotional collage or mock interface, embedded copy, or unverified map/currency/UI details. Reject for automatic public placement and translated reuse; retain original in the design archive."
"/assets/img/og/countries/country-er.webp","og","rejected-artwork","scripts/apply-og-fallbacks.js","1200","630","177376","61c77e2da82e4bb496b7e69d3981954edb2f6018740d8334b29aea0033473fdf","","0","embedded-text-or-unverified-details","false","","Visual review: promotional collage or mock interface, embedded copy, or unverified map/currency/UI details. Reject for automatic public placement and translated reuse; retain original in the design archive."
"/assets/img/og/countries/country-et.webp","og","rejected-artwork","scripts/apply-og-fallbacks.js","1200","630","78610","47c5313e6537c233e08633323ee2dc00bd32490131f0925664ff43bc3e3684ca","","0","embedded-text-or-unverified-details","false","","Visual review: promotional collage or mock interface, embedded copy, or unverified map/currency/UI details. Reject for automatic public placement and translated reuse; retain original in the design archive."
"/assets/img/og/countries/country-ga.webp","og","rejected-artwork","scripts/apply-og-fallbacks.js","1200","630","176244","1bd676d31f59bfb7d29819ef1fb7bcfafb54af28766e0d1a14c01bfba863f14b","","0","embedded-text-or-unverified-details","false","","Visual review: promotional collage or mock interface, embedded copy, or unverified map/currency/UI details. Reject for automatic public placement and translated reuse; retain original in the design archive."
"/assets/img/og/countries/country-gh.webp","og","rejected-artwork","scripts/apply-og-fallbacks.js","1200","630","164320","fe6e3d55951b62135ff8799262a1f9b4daf9e706fcc8a7bd168ebebb31971c7c","","0","embedded-text-or-unverified-details","false","","Visual review: promotional collage or mock interface, embedded copy, or unverified map/currency/UI details. Reject for automatic public placement and translated reuse; retain original in the design archive."
"/assets/img/og/countries/country-gm.webp","og","rejected-artwork","scripts/apply-og-fallbacks.js","1200","630","179554","767676ea3a6b1e6abc24bce7910ee7299328c7ada8e8f01f733e07b6017d1180","","0","embedded-text-or-unverified-details","false","","Visual review: promotional collage or mock interface, embedded copy, or unverified map/currency/UI details. Reject for automatic public placement and translated reuse; retain original in the design archive."
"/assets/img/og/countries/country-gn.webp","og","rejected-artwork","scripts/apply-og-fallbacks.js","1200","630","196290","07c4db64bc9dd0e0b964f0aeb13266e14f1ed39da0828ffbb3010354c6f33b1b","","0","embedded-text-or-unverified-details","false","","Visual review: promotional collage or mock interface, embedded copy, or unverified map/currency/UI details. Reject for automatic public placement and translated reuse; retain original in the design archive."
"/assets/img/og/countries/country-gq.webp","og","rejected-artwork","scripts/apply-og-fallbacks.js","1200","630","174706","47659fb5508e8d6eaaffac4d98b56197037383a68a71ae998ad1f5bfe04aec30","","0","embedded-text-or-unverified-details","false","","Visual review: promotional collage or mock interface, embedded copy, or unverified map/currency/UI details. Reject for automatic public placement and translated reuse; retain original in the design archive."
"/assets/img/og/countries/country-gw.webp","og","rejected-artwork","scripts/apply-og-fallbacks.js","1200","630","174382","5d39bb1f4bfec236cf9845424c9334866fcdb8f9e72ae639102b11e818f230bd","","0","embedded-text-or-unverified-details","false","","Visual review: promotional collage or mock interface, embedded copy, or unverified map/currency/UI details. Reject for automatic public placement and translated reuse; retain original in the design archive."
"/assets/img/og/countries/country-ke.webp","og","rejected-artwork","scripts/apply-og-fallbacks.js","1200","630","177564","80f305eda0281a781c0e1f828e2b9382f35b3323e819dff337cc30d02af982fd","","0","embedded-text-or-unverified-details","false","","Visual review: promotional collage or mock interface, embedded copy, or unverified map/currency/UI details. Reject for automatic public placement and translated reuse; retain original in the design archive."
"/assets/img/og/countries/country-km.webp","og","rejected-artwork","scripts/apply-og-fallbacks.js","1200","630","176090","e2ad1b41e6f3385b6961b61d4bbf6174a6f83e770a1db37e34c0f9cd73f04d00","","0","embedded-text-or-unverified-details","false","","Visual review: promotional collage or mock interface, embedded copy, or unverified map/currency/UI details. Reject for automatic public placement and translated reuse; retain original in the design archive."
"/assets/img/og/countries/country-lr.webp","og","rejected-artwork","scripts/apply-og-fallbacks.js","1200","630","192832","65216740ad6845862557eb03ff611a317b3be89d1ef4d9f4efedcff937330721","","0","embedded-text-or-unverified-details","false","","Visual review: promotional collage or mock interface, embedded copy, or unverified map/currency/UI details. Reject for automatic public placement and translated reuse; retain original in the design archive."
"/assets/img/og/countries/country-ls.webp","og","rejected-artwork","scripts/apply-og-fallbacks.js","1200","630","185066","63a3741940dd1424e7fd6026cd7de658d7f926ceb980c1e6bdb4007675db023b","","0","embedded-text-or-unverified-details","false","","Visual review: promotional collage or mock interface, embedded copy, or unverified map/currency/UI details. Reject for automatic public placement and translated reuse; retain original in the design archive."
"/assets/img/og/countries/country-ly.webp","og","rejected-artwork","scripts/apply-og-fallbacks.js","1200","630","161498","bc8f43b16c72b01c10be1bd3bcec4a6274cd64c28bf19bbbb3348cffd6d7ead0","","0","embedded-text-or-unverified-details","false","","Visual review: promotional collage or mock interface, embedded copy, or unverified map/currency/UI details. Reject for automatic public placement and translated reuse; retain original in the design archive."
"/assets/img/og/countries/country-ma.webp","og","rejected-artwork","scripts/apply-og-fallbacks.js","1200","630","144280","21853f61abfac0a48cbcfe09d8cdd576d90ede846b355786eb66d55e730393c7","","0","embedded-text-or-unverified-details","false","","Visual review: promotional collage or mock interface, embedded copy, or unverified map/currency/UI details. Reject for automatic public placement and translated reuse; retain original in the design archive."
"/assets/img/og/countries/country-mg.webp","og","rejected-artwork","scripts/apply-og-fallbacks.js","1200","630","181156","4620324825f7f83a0a1bce01046396a5a556ad3f1cce38b8de9974799c11dee5","","0","embedded-text-or-unverified-details","false","","Visual review: promotional collage or mock interface, embedded copy, or unverified map/currency/UI details. Reject for automatic public placement and translated reuse; retain original in the design archive."
"/assets/img/og/countries/country-ml.webp","og","rejected-artwork","scripts/apply-og-fallbacks.js","1200","630","186140","65b01813a9d1ea63804e6313b20bdf1535a30ae4bb7567ef7c55ddde6ccdd293","","0","embedded-text-or-unverified-details","false","","Visual review: promotional collage or mock interface, embedded copy, or unverified map/currency/UI details. Reject for automatic public placement and translated reuse; retain original in the design archive."
"/assets/img/og/countries/country-mr.webp","og","rejected-artwork","scripts/apply-og-fallbacks.js","1200","630","162598","fca4d2e9c25fa37c3ad88832778ed106d10dd568a5938705139ddc3e0bdb3262","","0","embedded-text-or-unverified-details","false","","Visual review: promotional collage or mock interface, embedded copy, or unverified map/currency/UI details. Reject for automatic public placement and translated reuse; retain original in the design archive."
"/assets/img/og/countries/country-mu.webp","og","rejected-artwork","scripts/apply-og-fallbacks.js","1200","630","167014","0b586c28095da58acfa369dd94daaa7a349a7da6e2638b5372f96aa45a4d5771","","0","embedded-text-or-unverified-details","false","","Visual review: promotional collage or mock interface, embedded copy, or unverified map/currency/UI details. Reject for automatic public placement and translated reuse; retain original in the design archive."
"/assets/img/og/countries/country-mw.webp","og","rejected-artwork","scripts/apply-og-fallbacks.js","1200","630","173530","7b7a6cf37b8130e10c2ecac3a8b431d46378286b50e1eff88f10f281eab6b90a","","0","embedded-text-or-unverified-details","false","","Visual review: promotional collage or mock interface, embedded copy, or unverified map/currency/UI details. Reject for automatic public placement and translated reuse; retain original in the design archive."
"/assets/img/og/countries/country-mz.webp","og","rejected-artwork","scripts/apply-og-fallbacks.js","1200","630","191082","cb655519025fae9c09b7c3e8a3393256640fdeea989f81f86a693026c42819c5","","0","embedded-text-or-unverified-details","false","","Visual review: promotional collage or mock interface, embedded copy, or unverified map/currency/UI details. Reject for automatic public placement and translated reuse; retain original in the design archive."
"/assets/img/og/countries/country-na.webp","og","rejected-artwork","scripts/apply-og-fallbacks.js","1200","630","184466","0d3d36d2caa9eea5556ae4237980175eb4f20a28c2f726dc7e4c179ad8881b30","","0","embedded-text-or-unverified-details","false","","Visual review: promotional collage or mock interface, embedded copy, or unverified map/currency/UI details. Reject for automatic public placement and translated reuse; retain original in the design archive."
"/assets/img/og/countries/country-ne.webp","og","rejected-artwork","scripts/apply-og-fallbacks.js","1200","630","175012","0900422634ba201a3b97bea0d925eaf25ea6386cd2952522b0ed773565843a80","","0","embedded-text-or-unverified-details","false","","Visual review: promotional collage or mock interface, embedded copy, or unverified map/currency/UI details. Reject for automatic public placement and translated reuse; retain original in the design archive."
"/assets/img/og/countries/country-ng.webp","og","placed","ha/najeriya/index.html","1200","630","189128","55ec275ea0bc9ad827d2da7cf66f7cf96b1ae35a72d722e725af5c5f075cc446","","2","not-reviewed","false","ha; yo","Visual/text review pending; reference scan is not visual approval."
"/assets/img/og/countries/country-rw.webp","og","rejected-artwork","scripts/apply-og-fallbacks.js","1200","630","157408","9245f17f2d10d42359a5cd978648bb1ff5b7eeedc2656dfc7065ec8413e86cd0","","0","embedded-text-or-unverified-details","false","","Visual review: promotional collage or mock interface, embedded copy, or unverified map/currency/UI details. Reject for automatic public placement and translated reuse; retain original in the design archive."
"/assets/img/og/countries/country-sc.webp","og","rejected-artwork","scripts/apply-og-fallbacks.js","1200","630","157264","e6005c078ac8968c69fbaab12f32facc06b6f455a2e313b863144e6bce2abba4","","0","embedded-text-or-unverified-details","false","","Visual review: promotional collage or mock interface, embedded copy, or unverified map/currency/UI details. Reject for automatic public placement and translated reuse; retain original in the design archive."
"/assets/img/og/countries/country-sd.webp","og","rejected-artwork","scripts/apply-og-fallbacks.js","1200","630","177632","4a452719a6ddcdd102ca39d8113d7f2bb74b0d9d5f0b5f828a732c254d534f52","","0","embedded-text-or-unverified-details","false","","Visual review: promotional collage or mock interface, embedded copy, or unverified map/currency/UI details. Reject for automatic public placement and translated reuse; retain original in the design archive."
"/assets/img/og/countries/country-sl.webp","og","rejected-artwork","scripts/apply-og-fallbacks.js","1200","630","61798","c8dcbff476162e1f85aebc17de7e1418df3b370737b065661c52d823eb0bc016","","0","embedded-text-or-unverified-details","false","","Visual review: promotional collage or mock interface, embedded copy, or unverified map/currency/UI details. Reject for automatic public placement and translated reuse; retain original in the design archive."
"/assets/img/og/countries/country-sn.webp","og","rejected-artwork","scripts/apply-og-fallbacks.js","1200","630","116726","e76a5f2afa033ab87ddd5f6e438f6680e924380dceabc6829916e6743675aa06","","0","embedded-text-or-unverified-details","false","","Visual review: promotional collage or mock interface, embedded copy, or unverified map/currency/UI details. Reject for automatic public placement and translated reuse; retain original in the design archive."
"/assets/img/og/countries/country-so.webp","og","rejected-artwork","scripts/apply-og-fallbacks.js","1200","630","176162","2de3377583010d29a1ff1a81cc2a74593793f09f49d89815aed14623d591ea09","","0","embedded-text-or-unverified-details","false","","Visual review: promotional collage or mock interface, embedded copy, or unverified map/currency/UI details. Reject for automatic public placement and translated reuse; retain original in the design archive."
"/assets/img/og/countries/country-ss.webp","og","rejected-artwork","scripts/apply-og-fallbacks.js","1200","630","171830","7c28ffb5972d12998b7769cd6d3fb33decc1f661e809ef10993388bccc1a9382","","0","embedded-text-or-unverified-details","false","","Visual review: promotional collage or mock interface, embedded copy, or unverified map/currency/UI details. Reject for automatic public placement and translated reuse; retain original in the design archive."
"/assets/img/og/countries/country-st.webp","og","rejected-artwork","scripts/apply-og-fallbacks.js","1200","630","183966","e4b55d22265f6c70b83e0ede61abc3813151aece756db53c7c8c5593fc4cd75a","","0","embedded-text-or-unverified-details","false","","Visual review: promotional collage or mock interface, embedded copy, or unverified map/currency/UI details. Reject for automatic public placement and translated reuse; retain original in the design archive."
"/assets/img/og/countries/country-sz.webp","og","rejected-artwork","scripts/apply-og-fallbacks.js","1200","630","204324","14bfedbc7592b0ebf85a1369a9ad77c58d3309f4303637c4e5d27c0f1c258e00","","0","embedded-text-or-unverified-details","false","","Visual review: promotional collage or mock interface, embedded copy, or unverified map/currency/UI details. Reject for automatic public placement and translated reuse; retain original in the design archive."
"/assets/img/og/countries/country-td.webp","og","rejected-artwork","scripts/apply-og-fallbacks.js","1200","630","162552","42ed16aa308423c491c89a5ceb9b5fd3e6afac6938ecf4592bc9bc681519a532","","0","embedded-text-or-unverified-details","false","","Visual review: promotional collage or mock interface, embedded copy, or unverified map/currency/UI details. Reject for automatic public placement and translated reuse; retain original in the design archive."
"/assets/img/og/countries/country-tg.webp","og","rejected-artwork","scripts/apply-og-fallbacks.js","1200","630","168886","75c310d7098a1d760d6849134550938cc4a5bfb3dbf8fde191530c4409fdcc39","","0","embedded-text-or-unverified-details","false","","Visual review: promotional collage or mock interface, embedded copy, or unverified map/currency/UI details. Reject for automatic public placement and translated reuse; retain original in the design archive."
"/assets/img/og/countries/country-tn.webp","og","rejected-artwork","scripts/apply-og-fallbacks.js","1200","630","186562","b2e65a46d3fcc13c5283d5a262d0848ae30e1d8274785d7a1245f29c314ca04f","","0","embedded-text-or-unverified-details","false","","Visual review: promotional collage or mock interface, embedded copy, or unverified map/currency/UI details. Reject for automatic public placement and translated reuse; retain original in the design archive."
"/assets/img/og/countries/country-tz.webp","og","rejected-artwork","scripts/apply-og-fallbacks.js","1200","630","194032","6141753d856dd60dd62945e6303edf52316bcbaede8b6895b4d5b1e71c5f14bf","","0","embedded-text-or-unverified-details","false","","Visual review: promotional collage or mock interface, embedded copy, or unverified map/currency/UI details. Reject for automatic public placement and translated reuse; retain original in the design archive."
"/assets/img/og/countries/country-ug.webp","og","rejected-artwork","scripts/apply-og-fallbacks.js","1200","630","209818","3c01264120eaa6ca0f978db7543e4787da785833dd31268e5a1d64e8b8b9171f","","0","embedded-text-or-unverified-details","false","","Visual review: promotional collage or mock interface, embedded copy, or unverified map/currency/UI details. Reject for automatic public placement and translated reuse; retain original in the design archive."
"/assets/img/og/countries/country-za.webp","og","rejected-artwork","scripts/apply-og-fallbacks.js","1200","630","204530","53a7ad9503195faace73b1838c4f005b88b31c6ac85d34f2b1cce5456481a16c","","0","embedded-text-or-unverified-details","false","","Visual review: promotional collage or mock interface, embedded copy, or unverified map/currency/UI details. Reject for automatic public placement and translated reuse; retain original in the design archive."
"/assets/img/og/countries/country-zm.webp","og","rejected-artwork","scripts/apply-og-fallbacks.js","1200","630","191742","35d1bcfa669896f079d56d199a83835a01e3dd76e28ae42df3358595282d3c3e","","0","embedded-text-or-unverified-details","false","","Visual review: promotional collage or mock interface, embedded copy, or unverified map/currency/UI details. Reject for automatic public placement and translated reuse; retain original in the design archive."
"/assets/img/og/countries/country-zw.webp","og","rejected-artwork","scripts/apply-og-fallbacks.js","1200","630","216390","6ea3518d43271d3c4d8f1843767deaac5383576e70caf0545407d985f2d6e741","","0","embedded-text-or-unverified-details","false","","Visual review: promotional collage or mock interface, embedded copy, or unverified map/currency/UI details. Reject for automatic public placement and translated reuse; retain original in the design archive."
"/assets/img/og/og-afroatlas.webp","og","rejected-artwork","scripts/apply-og-fallbacks.js","1200","631","62146","baa6b0083d24460556c9b5501bbddd64a4a42b72dcd424d32fd8bbcd2581fce4","","0","embedded-text-or-unverified-details","false","","Visual review: promotional collage or mock interface, embedded copy, or unverified map/currency/UI details. Reject for automatic public placement and translated reuse; retain original in the design archive."
"/assets/img/og/og-afrokitchen.webp","og","rejected-artwork","scripts/apply-og-fallbacks.js","1200","630","145750","5fbca62362b19551d67ac8faebc9d16f1b66abf08c6f5e24ff41b90612315cc5","","0","embedded-text-or-unverified-details","false","","Visual review: promotional collage or mock interface, embedded copy, or unverified map/currency/UI details. Reject for automatic public placement and translated reuse; retain original in the design archive."
"/assets/img/og/og-afrostream.webp","og","rejected-artwork","scripts/apply-og-fallbacks.js","1200","630","63928","305f47c4a62fcf4575066938416d2d8619c46ebdeba2b56d74b3f4e4360f85f4","","0","embedded-text-or-unverified-details","false","","Visual review: promotional collage or mock interface, embedded copy, or unverified map/currency/UI details. Reject for automatic public placement and translated reuse; retain original in the design archive."
"/assets/img/og/og-business-tools.webp","og","placed","ai/business/index.html","800","533","56990","5063a81d93c9499b654e35c4a363d74832757279c39632810fffbc054e704a9c","","3","not-reviewed","false","en","Visual/text review pending; reference scan is not visual approval."
"/assets/img/og/og-cars-directory.webp","og","rejected-artwork","scripts/apply-og-fallbacks.js","1200","630","60098","2bec6ab96b9dd9b972a286a5248cfb1031503dfae6366e536e2e16ba86a3f3fd","","0","embedded-text-or-unverified-details","false","","Visual review: promotional collage or mock interface, embedded copy, or unverified map/currency/UI details. Reject for automatic public placement and translated reuse; retain original in the design archive."
"/assets/img/og/og-cars.webp","og","placed","cars/algeria/ford/index.html","600","400","30056","02885376f8389a7ccd94cad5c842766fc7fb586f6bd26f8934c15f225990458e","","1581","not-reviewed","false","en","Visual/text review pending; reference scan is not visual approval."
"/assets/img/og/og-default.png","og","placed","assets/js/lib/seo.js","1200","630","49048","7c226017023272f3bda0f7586f2f336efe3d606c242d8d96e92ef1b62cc4f6d4","/assets/img/og-default.png","3","not-reviewed","false","en; fr; sw","Visual/text review pending; reference scan is not visual approval."
"/assets/img/og/og-home-v2.webp","og","placed","fr/about/index.html","800","533","68758","4552ed93855345ae845e3d8bc70d0df8ab2ad1e95d89e631ab0a43b618e947c5","","20","not-reviewed","false","en; fr; ha; sw; yo","Visual/text review pending; reference scan is not visual approval."
"/assets/img/og/og-investment-tools.webp","og","rejected-artwork","scripts/apply-og-fallbacks.js","800","533","66040","7eaca864e140d471bc8a32c6ac4536496ae759481d889d8c70336168621bb356","","0","embedded-text-or-unverified-details","false","","Visual review: promotional collage or mock interface, embedded copy, or unverified map/currency/UI details. Reject for automatic public placement and translated reuse; retain original in the design archive."
"/assets/img/og/og-salary-tools.webp","og","placed","ha/albashi-da-haraji/index.html","800","533","61124","58523033d8c9f8f3bd58d30748aca71dd741e3faf1e9f161c8860385d1c47738","","3","not-reviewed","false","en; ha; yo","Visual/text review pending; reference scan is not visual approval."
"/assets/img/og/og-tax-tools.webp","og","placed","ha/kasuwanci-da-haraji/index.html","800","533","61566","f04137c34b999b7c74f674261cdad362f4faa3efee5a92f85ffdce23936a8182","","3","not-reviewed","false","en; ha; yo","Visual/text review pending; reference scan is not visual approval."
"/assets/img/partners/wise-wordmark.svg","partners","retired-alternative","assets/img/partners","80","24","239","36419ac168477db1adac29496620b71d0bf6e6c0efbf5f7f1d2e4ac0572df3d4","","0","contains-text","false","","Unused partner wordmark. Retain in partner brand assets; no new endorsement or placement is implied."
"/assets/img/pdf-workspace-hero-banner.webp","brand-and-banners","rejected-artwork","index.html","800","440","48770","9af52bfe52a0fc5503c2be140e7c735989c3e26e2eb519909f1c04326907a351","","0","embedded-text-or-unverified-details","false","","Visual review: promotional collage or mock interface, embedded copy, or unverified map/currency/UI details. Reject for automatic public placement and translated reuse; retain original in the design archive."
"/assets/img/tools/50-30-20-budget.webp","tools","placed","blog/50-30-20-budget-irregular-income-africa/index.html","800","450","26104","afac7666e87fea9e4eb39d950d649001d6fe020f8d7a7e10c0ebe4ad291eb5ca","","19","not-reviewed","false","en; fr; sw","Visual/text review pending; reference scan is not visual approval."
"/assets/img/tools/afcfta-tracker.webp","tools","placed","fr/tools/suivi-zlecaf/index.html","800","450","21672","0127bb3f18ddc278c7dccd6234c7a95911a09a0c4b6bbbb474bbf34cf72f5398","","5","not-reviewed","false","en; fr; sw","Visual/text review pending; reference scan is not visual approval."
"/assets/img/tools/afcon-predictor.webp","tools","placed","data/localization/sw-sports-travel-parity-manifest.json","800","450","39098","94f6797508679a648c3d8cf186f9351518a0bf831b73dda31be46a912f58f098","","9","not-reviewed","false","en; fr; sw","Visual/text review pending; reference scan is not visual approval."
"/assets/img/tools/affidavit-generator.webp","tools","placed","data/registry/french-mortgage-property.json","800","450","15754","2f7c81d80f6989c94b9450d02521098307c332b6118b1020f13b82c3cb96baf2","","9","not-reviewed","false","en; fr; sw","Visual/text review pending; reference scan is not visual approval."
"/assets/img/tools/africa-conflict.webp","tools","placed","data/localization/fr-uniquely-african-parity-manifest.json","800","450","17256","53e40a7258620e52c2fa2c5a3a2d63dbdce6126f8daacb77cc3c91124721ae10","","10","not-reviewed","false","en; fr; sw","Visual/text review pending; reference scan is not visual approval."
"/assets/img/tools/africa-election-tracker.webp","tools","placed","fr/tools/suivi-elections-afrique/index.html","800","450","40974","08b86a4452fac1081c44acde8fe8923d46c67bbd98b95d9d5019540cfc73eb42","","3","not-reviewed","false","en; fr; sw","Visual/text review pending; reference scan is not visual approval."
"/assets/img/tools/africa-flight.webp","tools","placed","data/localization/sw-sports-travel-parity-manifest.json","800","450","19222","7282e7148277889a9b8ada78ce54ab6b21b1936b91c72c13cf1fbfec4f392010","","9","not-reviewed","false","en; fr; sw","Visual/text review pending; reference scan is not visual approval."
"/assets/img/tools/african-api-directory.webp","tools","placed","data/localization/fr-developer-parity-manifest.json","800","450","11728","67edaf4415535d8758121dc1ea5f6e7b88c527cc168fd0216f41f2a880b3ede6","","7","not-reviewed","false","en; fr; sw","Visual/text review pending; reference scan is not visual approval."
"/assets/img/tools/african-domains.webp","tools","placed","data/localization/fr-developer-parity-manifest.json","800","450","11118","aebf2504e1538e1ee85d18ca819b213272a860579a755e69f8825dce758f6bae","","8","not-reviewed","false","en; fr; sw","Visual/text review pending; reference scan is not visual approval."
"/assets/img/tools/african-meal-plan.webp","tools","placed","fr/health/index.html","800","450","35620","d9bcba215578ee400e15ec6ba190f542e59b85b177f5daafbbbe4824fdf9cc13","","10","not-reviewed","false","en; fr; ha; sw","Visual/text review pending; reference scan is not visual approval."
"/assets/img/tools/african-name-meaning-fr.webp","tools","retired-alternative","assets/js/components/tool-registry.js#african-name-meaning-fr","800","450","61874","64c1c7850458f821a3282e31e9dbc03667d857c2b4871928406ef7262b500da3","","0","not-reviewed","false","","Unused alternate illustration. Existing tool/card artwork remains canonical; retain this variant under its original subject, without creating duplicate locale artwork bindings."
"/assets/img/tools/african-name-meaning.svg","tools","retired-alternative","/assets/img/tools/african-name-meaning.webp","600","400","1506","8cd9a5712f4fc7acd159b0986fffa20516da54c4b82444e60f571c70bc9fbfd0","","0","contains-text","false","","Legacy English text card. Retain as an old design variant; current shared registry owns discovery artwork. Do not share embedded English headings across translated pages."
"/assets/img/tools/african-name-meaning.webp","tools","placed","fr/tools/signification-prenoms-africains/index.html","600","400","12564","4150b79248b808eb75e4fceafb29e094d1fa42321778eb21fae4476528e87d8e","","5","not-reviewed","false","en; fr; sw","Visual/text review pending; reference scan is not visual approval."
"/assets/img/tools/african-palette.webp","tools","placed","data/localization/sw-creative-parity-manifest.json","800","450","20044","e0a0d12e1e8b35800752f690faf9da7e5bbc2e5dd52b23a86f078956291189ef","","8","not-reviewed","false","en; fr; sw","Visual/text review pending; reference scan is not visual approval."
"/assets/img/tools/african-proverbs.webp","tools","placed","data/localization/fr-religious-cultural-parity.json","800","450","22320","a36dc848ef3b0a9b3036310802537b287b55f6ef484ebe84c3b6c864363da43c","","9","not-reviewed","false","en; fr; sw","Visual/text review pending; reference scan is not visual approval."
"/assets/img/tools/afroatlas.webp","tools","placed","data/localization/fr-uniquely-african-parity-manifest.json","600","400","19798","9612c808701e499c01a31ac628b38798c05230ab7f41a97a7dd27900b7eb0c6b","","11","not-reviewed","false","en; fr; sw","Visual/text review pending; reference scan is not visual approval."
"/assets/img/tools/afrodraft.svg","tools","retired-alternative","/assets/img/tools/afrodraft.webp","600","400","1499","184628c3d6548c1e960105006d0da73b8d927c59b3af2189dfc76f69b3911e83","","0","contains-text","false","","Legacy English text card. Retain as an old design variant; current shared registry owns discovery artwork. Do not share embedded English headings across translated pages."
"/assets/img/tools/afrodraft.webp","tools","placed","engineering/afrodraft/index.html","600","400","10500","36c5be10273241e351ff73126f99e80009c6a5ff04a2498df60fff64b10950ac","","8","not-reviewed","false","en; fr; sw","Visual/text review pending; reference scan is not visual approval."
"/assets/img/tools/afrokitchen.webp","tools","placed","blog/index.html","600","400","17812","5cdabc6a36b3ba7ac78e8c2dda7fd6e8411068eba8970e7c26b535b077c236b0","","84","not-reviewed","false","en; fr; sw","Visual/text review pending; reference scan is not visual approval."
"/assets/img/tools/afroplan-floor-planner.webp","tools","placed","ai/construction/index.html","800","450","17456","f08ccdc9644ba6d14c7f31fdcf85b371bf42feccab08c054eb6f4cc8886163a5","","8","not-reviewed","false","en; fr; sw","Visual/text review pending; reference scan is not visual approval."
"/assets/img/tools/afropoints.webp","tools","placed","data/localization/fr-uniquely-african-parity-manifest.json","600","400","18382","1021c649709d8669e2817d7d6f5e2ffbdca332eb50a0ed44b428a0a95a8769d7","","10","not-reviewed","false","en; fr; sw","Visual/text review pending; reference scan is not visual approval."
"/assets/img/tools/afroprices.webp","tools","placed","data/localization/fr-uniquely-african-parity-manifest.json","600","400","18792","f3793e89cab5e3b26434208e174cc00027e84354e7d1348f22d241cfcbc32f47","","10","not-reviewed","false","en; fr; sw","Visual/text review pending; reference scan is not visual approval."
"/assets/img/tools/afrorates.svg","tools","placed","data/localization/sw-financial-shard-a-candidate.json","600","400","1657","c602896c0a2874f9542cfdff5cea7a430579d3c8801d5c5bb45385c7f7dc1dc4","","1","contains-text","false","en","Visual/text review pending; reference scan is not visual approval."
"/assets/img/tools/afrorates.webp","tools","placed","data/localization/sw-financial-shard-a-candidate.json","600","400","14910","a409bd1c8ee66a4049795e690290b6ff0c4eb05b4de9d9d93176712b6030f0f6","","8","not-reviewed","false","en; fr; sw","Visual/text review pending; reference scan is not visual approval."
"/assets/img/tools/afrostream.webp","tools","placed","assets/js/pages/creative/afrostream-fr-native.js","600","400","13688","43bc302c7c4fc82f0dd3d792a58e74ded41b6fb44a4cfd4acca25d41083093d4","","21","not-reviewed","false","en; fr; sw","Visual/text review pending; reference scan is not visual approval."
"/assets/img/tools/afrotools-pro.svg","tools","retired-alternative","/assets/img/tools/afrotools-pro.webp","600","400","1506","69db4ffd9e7c097bbe3bd547b2555840101258f0f46965d95deece193fdead55","","0","contains-text","false","","Legacy English text card. Retain as an old design variant; current shared registry owns discovery artwork. Do not share embedded English headings across translated pages."
"/assets/img/tools/afrotools-pro.webp","tools","placed","pro/index.html","800","450","9246","e43a11094a43ac912107d27975653e2480703ccb12c800410cd5d76668d60b87","","8","not-reviewed","false","en; sw; yo","Visual/text review pending; reference scan is not visual approval."
"/assets/img/tools/age-calculator-african.webp","tools","placed","data/localization/fr-religious-cultural-parity.json","800","450","24804","70d80cef1a27a64a152f14f661f9e59bad97bb113995d867f99c78e454ee1704","","8","not-reviewed","false","en; fr; sw","Visual/text review pending; reference scan is not visual approval."
"/assets/img/tools/age-calculator.svg","tools","placed","fr/tools/calculateur-age/index.html","600","400","1509","7cdb9af0f60bbede6f6875a01b909f19e8110dcd7c88c12e998b78db9b23d043","","3","contains-text","false","en; fr; sw","Visual/text review pending; reference scan is not visual approval."
"/assets/img/tools/age-calculator.webp","tools","placed","data/localization/fr-business-roi-parity.json","800","450","31696","f5c60220cd92853151b672874c6f1b321aa1468e929e029953f50ef45ecbc93c","","6","not-reviewed","false","en; fr; sw","Visual/text review pending; reference scan is not visual approval."
"/assets/img/tools/agent-commission.webp","tools","placed","data/registry/french-mortgage-property.json","800","450","34052","83ccb531a7902fd0e45ae86d6cf065e1784c6388c3641c240fe4f2484762b1c7","","9","not-reviewed","false","en; fr; sw","Visual/text review pending; reference scan is not visual approval."
"/assets/img/tools/agric-profit.svg","tools","retired-alternative","/assets/img/tools/agric-profit.webp","600","400","1650","8f1b9ab2a3f6090778ab672b93a4448b3d21a002367b9710f8c177270d57a60d","","0","contains-text","false","","Legacy English text card. Retain as an old design variant; current shared registry owns discovery artwork. Do not share embedded English headings across translated pages."
"/assets/img/tools/agric-profit.webp","tools","placed","data/localization/fr-agriculture-parity-manifest.json","600","400","11970","09e681b0dc7151154f4939d06958906e8a66168f1f6639f7bf8ec197f583ef75","","10","not-reviewed","false","en; fr; sw","Visual/text review pending; reference scan is not visual approval."
"/assets/img/tools/air-quality.webp","tools","placed","data/localization/fr-climate-parity-manifest.json","800","450","18482","efed9e72a78a5f078594c81fa44cf58549381faa5eb7f8a1070a6c0efc9f83c6","","7","not-reviewed","false","en; fr; sw","Visual/text review pending; reference scan is not visual approval."
"/assets/img/tools/airbnb-vs-hotel.webp","tools","placed","data/localization/sw-sports-travel-parity-manifest.json","800","450","21264","dd706516182de38561bfe7fa01553b83bf694893d7b89768c54f7b2f5286f1bb","","9","not-reviewed","false","en; fr; sw","Visual/text review pending; reference scan is not visual approval."
"/assets/img/tools/airport-transfer.webp","tools","placed","data/localization/sw-sports-travel-parity-manifest.json","800","450","33888","b957e9c2f76ff8e1131b38800a6499d4a43d4fdfd947cd10ce1d35aa64b47d26","","9","not-reviewed","false","en; fr; sw","Visual/text review pending; reference scan is not visual approval."
"/assets/img/tools/ajo-chama-calc.webp","tools","placed","data/localization/fr-uniquely-african-parity-manifest.json","800","450","52390","037f1a2a4a73b6ced6be8e26ee3ba0f0ff08ba19efcc6b9fd89602371fd18ab9","","10","not-reviewed","false","en; fr; sw","Visual/text review pending; reference scan is not visual approval."
"/assets/img/tools/ajo-chama.svg","tools","retired-alternative","/assets/img/tools/ajo-chama.webp","600","400","1647","aa119e936e65bf4a36d49ae4bd680f7e671b1a13a7e06db22eb30621de4b1216","","0","contains-text","false","","Legacy English text card. Retain as an old design variant; current shared registry owns discovery artwork. Do not share embedded English headings across translated pages."
"/assets/img/tools/ajo-chama.webp","tools","placed","blog/index.html","600","400","16314","b1d92373ef2f810fc7d6f79cced4c935cd28ac191b8faa0d8648070382c1536f","","12","not-reviewed","false","en; fr; sw","Visual/text review pending; reference scan is not visual approval."
"/assets/img/tools/ajo-interest.svg","tools","placed","blog/index.html","600","400","1646","0ff7445349993f7612d3ce634e495a820bd525f3dcbd5b1134fd7ac527ba3a51","","1","contains-text","false","en","Visual/text review pending; reference scan is not visual approval."
"/assets/img/tools/ajo-interest.webp","tools","placed","data/localization/fr-uniquely-african-parity-manifest.json","800","450","16902","9aa3326dce14c9bbde633462ddc6d6450dfd7c9c4dd516685c15f9c59cd5460f","","10","not-reviewed","false","en; fr; sw","Visual/text review pending; reference scan is not visual approval."
"/assets/img/tools/album-budget.webp","tools","placed","data/localization/sw-personal-finance-parity-manifest.json","800","450","13834","26bd06a2a3a6034e807e7d4b53c6327675c1027304ab751396ae9d2d2fbd5c59","","12","not-reviewed","false","en; fr; sw","Visual/text review pending; reference scan is not visual approval."
"/assets/img/tools/algebra-solver.svg","tools","retired-alternative","/assets/img/tools/algebra-solver.webp","600","400","1504","3f93dfb8567381c968abd6821885226a88fe5ebff572b6a5c2a5a999feb6e70a","","0","contains-text","false","","Legacy English text card. Retain as an old design variant; current shared registry owns discovery artwork. Do not share embedded English headings across translated pages."
"/assets/img/tools/algebra-solver.webp","tools","placed","data/localization/fr-education-parity.json","600","400","20544","ff8d743f99def5b46fb37f8cf91afaa34cde316f9859e4a6ee251b6d3bde6f9f","","8","not-reviewed","false","en; fr; sw","Visual/text review pending; reference scan is not visual approval."
"/assets/img/tools/amharic-translator.svg","tools","placed","fr/tools/traducteur-amharique/index.html","600","400","1502","4b7abee808ef60e97eebb08e3cc038bf376b422de26019e58af304295fdab3d2","","3","contains-text","false","en; fr; sw","Visual/text review pending; reference scan is not visual approval."
"/assets/img/tools/amharic-translator.webp","tools","placed","fr/tools/traducteur-amharique/index.html","800","450","18690","c6b1144e07aa18a1978488edc66f76d5531bc85466659af2b2192033f9087fcd","","3","not-reviewed","false","en; fr; sw","Visual/text review pending; reference scan is not visual approval."
"/assets/img/tools/amount-words-gh.svg","tools","placed","blog/index.html","600","400","1503","b70f74c7ad8fdef4ec6b6b6f977b0e343a8130201af4f82749f1247882c53d55","","4","contains-text","false","en; fr; sw","Visual/text review pending; reference scan is not visual approval."
"/assets/img/tools/amount-words-gh.webp","tools","placed","data/localization/fr-uniquely-african-parity-manifest.json","800","450","22968","aefafcfe8219f6363a9979b0c5c98a6160881b879809b708b14144bd9282ce44","","8","not-reviewed","false","en; fr; sw","Visual/text review pending; reference scan is not visual approval."
"/assets/img/tools/amount-words-ke.svg","tools","placed","blog/index.html","600","400","1503","c9e7b306d12d60d7bc0dcaeffc8a8173184b990f9256b8964e1e44dc26620269","","4","contains-text","false","en; fr; sw","Visual/text review pending; reference scan is not visual approval."
"/assets/img/tools/amount-words-ke.webp","tools","placed","data/localization/fr-uniquely-african-parity-manifest.json","800","450","11664","ca4f95630cd6f89a839b8f7c3acd24db6dd0b34417f732506801b460b7d01550","","9","not-reviewed","false","en; fr; sw","Visual/text review pending; reference scan is not visual approval."
"/assets/img/tools/ankara-kente-cost.webp","tools","placed","data/localization/fr-uniquely-african-parity-manifest.json","800","450","41776","8d0f06cfdd58cdfe5bb46058d23aeb312d65a6bacac11d5ee80650aa09c9aca2","","10","not-reviewed","false","en; fr; sw","Visual/text review pending; reference scan is not visual approval."
"/assets/img/tools/annual-returns.webp","tools","placed","data/registry/french-mortgage-property.json","800","450","27438","299ba28dacbdcff6c5df62cbb91119db532a1f7860d0e88b0d84298213cd72a7","","6","not-reviewed","false","en; fr; sw","Visual/text review pending; reference scan is not visual approval."
"/assets/img/tools/ao-paye.webp","tools","placed","angola/ao-paye.html","600","400","11912","5b65aa0997b0815645eb5afb3f3db411cd0b4bb85624043254cbe9c87be31593","","9","not-reviewed","false","en; fr; sw","Visual/text review pending; reference scan is not visual approval."
"/assets/img/tools/ao-vat.webp","tools","placed","angola/ao-vat.html","600","400","19742","8c4a2952e37b2fcf300816d24d2576096f769fce21014dae865b7ee1782faa37","","10","not-reviewed","false","en; fr; sw","Visual/text review pending; reference scan is not visual approval."
"/assets/img/tools/api-tester.svg","tools","retired-alternative","/assets/img/tools/api-tester.webp","600","400","1506","9adf9cda54b8c9a9ce839cb24c12938332dc749fdca2da289d627744f98d00d9","","0","contains-text","false","","Legacy English text card. Retain as an old design variant; current shared registry owns discovery artwork. Do not share embedded English headings across translated pages."
"/assets/img/tools/api-tester.webp","tools","placed","data/localization/fr-developer-parity-manifest.json","800","450","16202","9d238c502dc9f69df3ab12c1ef8e0edc10c2d1618e0682a2b5d182347ffdc8c2","","7","not-reviewed","false","en; fr; sw","Visual/text review pending; reference scan is not visual approval."
"/assets/img/tools/appliance-power.webp","tools","placed","blog/household-appliance-electricity-audit-africa/index.html","800","450","17662","2a8bfda4417bb029cbb579f2aedda575455a937e24905ad332125b512025b881","","10","not-reviewed","false","en; fr; sw","Visual/text review pending; reference scan is not visual approval."
"/assets/img/tools/arabic-calc.svg","tools","placed","fr/tools/chiffres-arabes/index.html","600","400","1503","4e3ff1a807b235b36df52b7d64295cc4d952dd6c09565b7411f65f553b5499a5","","2","contains-text","false","en; fr","Visual/text review pending; reference scan is not visual approval."
"/assets/img/tools/arabic-calc.webp","tools","placed","fr/tools/chiffres-arabes/index.html","800","450","12656","f9a3dfe3591d817b39364f6bf2501cfa37d5093a777913b5ba12a9508960f8fc","","3","not-reviewed","false","en; fr; sw","Visual/text review pending; reference scan is not visual approval."
"/assets/img/tools/architectural-fee.webp","tools","placed","fr/ingenierie/index.html","800","450","32066","d73bdfc66247300f5c53afd091a2c1a12c914c364bf66ba5b3a15bd2214434d8","","7","not-reviewed","false","en; fr; sw","Visual/text review pending; reference scan is not visual approval."
"/assets/img/tools/art-commission.webp","tools","placed","data/localization/sw-creative-parity-manifest.json","800","450","68004","be8f989a3a21afceb1005a825e3a2fd477f66a03275429e68fe9f47990bd357e","","8","not-reviewed","false","en; fr; sw","Visual/text review pending; reference scan is not visual approval."
"/assets/img/tools/artisanal-mining-income.webp","tools","placed","fr/mining/index.html","1200","1200","269060","327c6544bad3b311357ff8f593599bdcad5a05fbf33f4b897de8e3f3cfba198e","","7","text-free-reviewed","true","en; fr; sw","Visual contact-sheet review. These existing conceptual tool illustrations have no visible language-specific headings; labels belong in the page. Reuse for the same tool only."
"/assets/img/tools/aso-ebi-cost.webp","tools","placed","data/localization/fr-religious-cultural-parity.json","800","450","46128","7587750e1100180b91ec92f77af67161913c4173adc64eec926b1fb9542e8bbf","","9","not-reviewed","false","en; fr; sw","Visual/text review pending; reference scan is not visual approval."
"/assets/img/tools/asset-finance.webp","tools","placed","data/localization/fr-fintech-banking-pages/asset-finance.html","800","450","19618","0871b57e86a94da14e67dabfdd4ac516e5bd4318c5d5bbc569a4d6152e915566","","9","not-reviewed","false","en; fr; sw","Visual/text review pending; reference scan is not visual approval."
"/assets/img/tools/athlete-earnings.webp","tools","placed","data/localization/sw-sports-travel-parity-manifest.json","800","450","23082","0a2df7dec229cda484e205b85cf41e80b3db4e49f94f999b53b6c60b668f56ce","","8","not-reviewed","false","en; fr; sw","Visual/text review pending; reference scan is not visual approval."
"/assets/img/tools/b2b-payment.webp","tools","placed","data/localization/fr-fintech-banking-pages/b2b-payment.html","800","450","24754","a98b137af3d97418f51e4bdd41d53eaab33b77319fd5d76f899a218bbdaebee3","","9","not-reviewed","false","en; fr; sw","Visual/text review pending; reference scan is not visual approval."
"/assets/img/tools/baby-name-generator.webp","tools","placed","data/localization/fr-religious-cultural-parity.json","800","450","36128","0609a832a668413e52616b8b9ad5d7c0674332e592b1c5ba1972f2ec3769272e","","9","not-reviewed","false","en; fr; sw","Visual/text review pending; reference scan is not visual approval."
"/assets/img/tools/background-remover.svg","tools","placed","fr/tools/supprimer-arriere-plan/index.html","600","400","1510","60b3623c08e21cab632ab0305e8448b64ac531fd1baa7daead4d63091792b2ac","","3","contains-text","false","en; fr; sw","Visual/text review pending; reference scan is not visual approval."
"/assets/img/tools/background-remover.webp","tools","placed","blog/index.html","800","450","20938","79ddbd26894fe1c4e7d5b293059b2364070e1ced1c8c706943ac39014335d2de","","10","not-reviewed","false","en; fr; sw","Visual/text review pending; reference scan is not visual approval."
"/assets/img/tools/backup-duration.webp","tools","placed","blog/battery-backup-runtime-inverter-guide-africa/index.html","800","450","32810","1a81d9fb28f3ad1f4005d546ea661c840e9734e3b564e1fc71b79dd09106e2c8","","10","not-reviewed","false","en; fr; sw","Visual/text review pending; reference scan is not visual approval."
"/assets/img/tools/backup-power-costs.webp","tools","placed","data/localization/sw-financial-shard-a-candidate.json","800","450","17506","ce9991b9c2df5dbbbaf01fe7beb7f0715fbc1f6b08ccc25cec2f2055735799fa","","8","not-reviewed","false","en; fr; sw","Visual/text review pending; reference scan is not visual approval."
"/assets/img/tools/bail-calculator.webp","tools","placed","data/registry/french-mortgage-property.json","800","450","31138","03a2a141d0644c5f36d7537b9f6c2d69effb8670ec924507af3b35d54c48aa93","","9","not-reviewed","false","en; fr; sw","Visual/text review pending; reference scan is not visual approval."
"/assets/img/tools/bank-charges.svg","tools","placed","blog/best-high-yield-savings-africa-2026/index.html","600","400","1504","c08ccb363e7c78e4f2fd04293b90a2e927abe2dc1f4b704e8d2a446259d01329","","3","contains-text","false","en","Visual/text review pending; reference scan is not visual approval."
"/assets/img/tools/bank-charges.webp","tools","placed","data/registry/french-finance-tax-market-data.json","800","450","17776","c9d944290b96cfb7a1cd848e74ad30a13c658afc2adab1d829db18ca365c270e","","9","not-reviewed","false","en; fr; ha; sw","Visual/text review pending; reference scan is not visual approval."
"/assets/img/tools/base64.svg","tools","retired-alternative","/assets/img/tools/base64.webp","600","400","1503","6dd28d03473824b43cd695abedff51847ae1dbbf43b42e3f777ada9e56eb925a","","0","contains-text","false","","Legacy English text card. Retain as an old design variant; current shared registry owns discovery artwork. Do not share embedded English headings across translated pages."
"/assets/img/tools/base64.webp","tools","placed","data/localization/fr-developer-parity-manifest.json","800","450","20324","9336b8a63a69c12825a42c08dee314b0765af7ee1f775373c37bc665616d6d94","","7","not-reviewed","false","en; fr; sw","Visual/text review pending; reference scan is not visual approval."
"/assets/img/tools/battery-sizing.webp","tools","placed","blog/battery-backup-hours-calculator-ghana/index.html","800","450","17050","20f4d44b1f80a49ca00bc52e6d78b114f11defd11a1e427e463798924f3a6a37","","10","not-reviewed","false","en; fr; sw","Visual/text review pending; reference scan is not visual approval."
"/assets/img/tools/beach-holiday-budget.webp","tools","placed","data/localization/sw-sports-travel-parity-manifest.json","800","450","36902","68d53816af4632d91a15ff55ec5c42ba2474b4889499180e811621ab77d061ad","","9","not-reviewed","false","en; fr; sw","Visual/text review pending; reference scan is not visual approval."
"/assets/img/tools/betting-odds.webp","tools","placed","data/localization/sw-sports-travel-parity-manifest.json","800","450","32598","6213a2b2d1863f8104480a81b5db2abb69a0b0f3c26024a9ad6f7104a09245dc","","8","not-reviewed","false","en; fr; sw","Visual/text review pending; reference scan is not visual approval."
"/assets/img/tools/betting-tax.webp","tools","placed","data/localization/sw-sports-travel-parity-manifest.json","800","450","21774","7f53f4941e80d4fa0702c311e4e501527c18554e5773b57eb6c6414fb8e4ea8d","","8","not-reviewed","false","en; fr; sw","Visual/text review pending; reference scan is not visual approval."
"/assets/img/tools/bf-paye.webp","tools","placed","burkina-faso/bf-paye.html","600","400","12490","5e4f0a9f0af05a85e8cb1e749dd7373a4c536e0b82432eb44a87d250f6a7c004","","12","not-reviewed","false","en; fr; sw","Visual/text review pending; reference scan is not visual approval."
"/assets/img/tools/bf-vat.webp","tools","placed","burkina-faso/bf-vat.html","600","400","18480","0db1eeba2d1e28b53d43b9597671683058e59a1a684a717d81fca6d1b684895e","","7","not-reviewed","false","en; fr; sw","Visual/text review pending; reference scan is not visual approval."
"/assets/img/tools/bi-paye.webp","tools","placed","burundi/bi-paye.html","600","400","13250","e5a5971821c8d661fbf603018d94d4cf2c2522b9ac17c776ec8e5de25c49a12e","","9","not-reviewed","false","en; fr; sw","Visual/text review pending; reference scan is not visual approval."
"/assets/img/tools/bi-vat.webp","tools","placed","burundi/bi-vat.html","600","400","19198","616e542abf0d299f95d590fd6ac52523244005fb188cfa9b12d94db002790271","","7","not-reviewed","false","en; fr; sw","Visual/text review pending; reference scan is not visual approval."
"/assets/img/tools/bill-split.webp","tools","placed","data/localization/fr-fintech-banking-pages/bill-split.html","800","450","31208","fac31e4e55077e6b7650e2b46c03b4940ccef2973de3760ba886b170a9c787ef","","6","not-reviewed","false","en; fr; sw","Visual/text review pending; reference scan is not visual approval."
"/assets/img/tools/binary-converter.svg","tools","retired-alternative","/assets/img/tools/binary-converter.webp","600","400","1502","c3756a36e95f03e142312140a2159edea0df994fd05e120ba23a704e42585eb0","","0","contains-text","false","","Legacy English text card. Retain as an old design variant; current shared registry owns discovery artwork. Do not share embedded English headings across translated pages."
"/assets/img/tools/binary-converter.webp","tools","placed","data/localization/fr-education-parity.json","600","400","7836","c0b765d5aa6f6fa550801bf7d05a6e777abb51aa7c12ec8735fed25dae6baeaa","","8","not-reviewed","false","en; fr; sw","Visual/text review pending; reference scan is not visual approval."
"/assets/img/tools/biogas-roi.webp","tools","placed","fr/energy/index.html","800","450","33172","6406bde6b8ee0e824ec6ad23613362c04cf2163e22c59064621575b0565826b6","","8","not-reviewed","false","en; fr; sw","Visual/text review pending; reference scan is not visual approval."
"/assets/img/tools/birth-death-cert.webp","tools","placed","blog/index.html","800","450","26834","8d8fdb72f6a47d1694b55c2d8a17df5f33de908a9bd10e4cfcadf8d1588b0e24","","10","not-reviewed","false","en; fr; sw","Visual/text review pending; reference scan is not visual approval."
"/assets/img/tools/bj-paye.webp","tools","placed","benin/bj-paye.html","600","400","12662","811e518ad57cfd629589471a5a7403914a68c090ed9595afdf550e19500ff780","","12","not-reviewed","false","en; fr; sw","Visual/text review pending; reference scan is not visual approval."
"/assets/img/tools/bj-vat.webp","tools","placed","benin/bj-vat.html","600","400","19434","6c8657867c45454810fdf5ec91252ca47d196d1d212ce31c718d031bb1b0a3ef","","10","not-reviewed","false","en; fr; sw","Visual/text review pending; reference scan is not visual approval."
"/assets/img/tools/blood-group.webp","tools","placed","fr/health/index.html","800","450","15532","f9a2af71f5a70c116467ebfa2027f8983709686e3599f47ac92d9600c5d013a8","","8","not-reviewed","false","en; fr; sw","Visual/text review pending; reference scan is not visual approval."
"/assets/img/tools/blood-pressure.svg","tools","retired-alternative","/assets/img/tools/blood-pressure.webp","600","400","1501","adbb82df1c9b874aac55f44597fc7179e46d87966db214fb179886ffd0bc2db9","","0","contains-text","false","","Legacy English text card. Retain as an old design variant; current shared registry owns discovery artwork. Do not share embedded English headings across translated pages."
"/assets/img/tools/blood-pressure.webp","tools","placed","blog/index.html","800","450","27758","286faf2b72da3fc34e658babf9e3244eedcca81bf5162a8e5d7074847c2173c6","","10","not-reviewed","false","en; fr; sw","Visual/text review pending; reference scan is not visual approval."
"/assets/img/tools/bmi-calc-tools.webp","tools","placed","fr/health/index.html","800","439","26504","40f37527761cbcbe920f0fa710d5c68886d8fdc0ccfb38a96fbbe938e9a0711a","","6","not-reviewed","false","en; fr; sw","Visual/text review pending; reference scan is not visual approval."
"/assets/img/tools/bmi-calculator.webp","tools","placed","fr/health/bmi-calculator/index.html","600","400","6328","4cf46ce575869e3291f5071af9f5aa29e029b759e4bb9d87ecb409c47d7f7de4","","11","not-reviewed","false","en; fr; sw; yo","Visual/text review pending; reference scan is not visual approval."
"/assets/img/tools/bnpl-calc.webp","tools","placed","data/localization/fr-fintech-banking-pages/bnpl-calc.html","800","450","34174","0c167d4cc2964a6d8aaa80e0dcef1a8fdede3376f97ca83901b7e33dcbb887d8","","9","not-reviewed","false","en; fr; sw","Visual/text review pending; reference scan is not visual approval."
"/assets/img/tools/board-resolution.webp","tools","placed","data/registry/french-mortgage-property.json","800","450","23012","3a0eff61141db1afb1eab02e1eebc26ba3f9cfbf51e705e77d8a3b4c8eff9556","","9","not-reviewed","false","en; fr; sw","Visual/text review pending; reference scan is not visual approval."
"/assets/img/tools/boarding-school.webp","tools","placed","data/localization/fr-education-parity.json","800","450","52420","f377a79232df65d947d5578f054f323b464d7108002d283558f6618bac69d140","","8","not-reviewed","false","en; fr; sw","Visual/text review pending; reference scan is not visual approval."
"/assets/img/tools/boda-income.webp","tools","placed","fr/tools/revenu-boda/index.html","800","450","23014","5394fff9d5533c6241075ceeebc54afae2be87cfc5a825acd2410aaecb2fc5ea","","6","not-reviewed","false","en; fr; sw","Visual/text review pending; reference scan is not visual approval."
"/assets/img/tools/bol-generator.webp","tools","placed","fr/tools/generateur-connaissement/index.html","800","450","22856","8866abd9113db3f4d6301a17fd3fe195b2d89afdd3b0c12b0059ea7df7a25873","","5","not-reviewed","false","en; fr; sw","Visual/text review pending; reference scan is not visual approval."
"/assets/img/tools/bond-yield.webp","tools","placed","fr/tools/rendement-obligations/index.html","600","400","11624","34e8cd438f60274ca94e60afbc7b84860187d5ce847efd202de1ca6c4273a021","","6","not-reviewed","false","en; fr; sw","Visual/text review pending; reference scan is not visual approval."
"/assets/img/tools/book-publishing-cost.webp","tools","placed","data/localization/sw-creative-parity-manifest.json","800","450","19116","87aad107e745356f75bc085066bdcd04a30b7c934334e4b25c84728c5bd6fa9e","","8","not-reviewed","false","en; fr; sw","Visual/text review pending; reference scan is not visual approval."
"/assets/img/tools/boq-gen.webp","tools","placed","data/localization/fr-final-free-app-parity.json","800","450","42086","d30e03d7312b68a8b0946afce42672ca07384c93a4ea5d7f750d40a00bc50198","","8","not-reviewed","false","en; fr; sw","Visual/text review pending; reference scan is not visual approval."
"/assets/img/tools/boq-generator.svg","tools","retired-alternative","/assets/img/tools/boq-generator.webp","600","400","1511","37bd331537a1e093f3635602d4e066895c8989589ec2ef70b7d9bd6720f94909","","0","contains-text","false","","Legacy English text card. Retain as an old design variant; current shared registry owns discovery artwork. Do not share embedded English headings across translated pages."
"/assets/img/tools/boq-generator.webp","tools","placed","fr/ingenierie/index.html","600","338","17580","cfdfd622856c48d549427f47ad5b51a011b67db1b07687026e60ef31fe1ea708","","6","not-reviewed","false","en; fr; sw","Visual/text review pending; reference scan is not visual approval."
"/assets/img/tools/borehole-cost.svg","tools","retired-alternative","/assets/img/tools/borehole-cost.webp","600","400","1509","1d7e7f458deb9c0491b843a74ff6f2d3978dfc4510be0bcff3386d5646aa5d56","","0","contains-text","false","","Legacy English text card. Retain as an old design variant; current shared registry owns discovery artwork. Do not share embedded English headings across translated pages."
"/assets/img/tools/borehole-cost.webp","tools","placed","fr/ingenierie/index.html","600","400","24982","7118570cc247fe8a667c98baf3f35ad96008747bfb09f42749f451a25aa04c6f","","7","not-reviewed","false","en; fr; sw","Visual/text review pending; reference scan is not visual approval."
"/assets/img/tools/brand-collab-roi.webp","tools","placed","data/localization/fr-small-business-parity.json","800","450","24660","cdc661d7c60b2d3a23ba97bbdc505e170e21f49ca2e86269e206bd5b155fbbfb","","8","not-reviewed","false","en; fr; sw","Visual/text review pending; reference scan is not visual approval."
"/assets/img/tools/breach-notification.webp","tools","placed","data/registry/french-mortgage-property.json","800","450","34448","8587d0ec718f8d76167b68c2fc7d2b032de1085eadfd59a1a8be7649a59a920a","","9","not-reviewed","false","en; fr; sw","Visual/text review pending; reference scan is not visual approval."
"/assets/img/tools/break-even.svg","tools","retired-alternative","/assets/img/tools/break-even.webp","600","400","1505","1a40caf8614ef805913b297f30760d74365b5b910f91fbd70902fe76436765ab","","0","contains-text","false","","Legacy English text card. Retain as an old design variant; current shared registry owns discovery artwork. Do not share embedded English headings across translated pages."
"/assets/img/tools/break-even.webp","tools","placed","blog/break-even-calculator-small-business-africa/index.html","600","400","21752","4616dd9cd131eb58ad35beb5364669c03369812ea3dc0d1f28497496a1216ff4","","15","not-reviewed","false","en; fr; ha; sw","Visual/text review pending; reference scan is not visual approval."
"/assets/img/tools/breastfeeding-tracker.webp","tools","placed","fr/health/index.html","800","450","25126","8fe636e790a20ce04a963f24edb683153f78e629a64363afe5b2a3a04ab719a8","","8","not-reviewed","false","en; fr; sw","Visual/text review pending; reference scan is not visual approval."
"/assets/img/tools/brideprice-advisor.svg","tools","retired-alternative","/assets/img/tools/brideprice-advisor.webp","600","400","1497","6424214c9b55d0dedead9357b227a9d687370faa37d870b8d8fef49d6d1c6d78","","0","contains-text","false","","Legacy English text card. Retain as an old design variant; current shared registry owns discovery artwork. Do not share embedded English headings across translated pages."
"/assets/img/tools/brideprice-advisor.webp","tools","placed","data/localization/fr-uniquely-african-parity-manifest.json","600","400","21342","b99f2a6f74ff830cac52099da86911611e178eb686306a5ff4b444606784f24a","","11","not-reviewed","false","en; fr; sw","Visual/text review pending; reference scan is not visual approval."
"/assets/img/tools/budget-comparator.webp","tools","placed","fr/tools/comparateur-budget-public/index.html","800","450","28774","5167c68844dd3c870996395b8a36c8f762cbdd76874858ef8189f8a0d3ff6bfb","","6","not-reviewed","false","en; fr; sw","Visual/text review pending; reference scan is not visual approval."
"/assets/img/tools/budget-planner.svg","tools","retired-alternative","/assets/img/tools/budget-planner.webp","600","400","1517","d5bbe4ad1133a34e0cd6a5cf4ccaa7e53a2215023e45a7cde9bf5c9389754ca6","","0","contains-text","false","","Legacy English text card. Retain as an old design variant; current shared registry owns discovery artwork. Do not share embedded English headings across translated pages."
"/assets/img/tools/budget-planner.webp","tools","placed","blog/index.html","600","400","12548","66abc422225fd0ba98495bfee644fa73f8c23cbe1f7442fc3085dfc85e0b368e","","13","not-reviewed","false","en; fr; sw","Visual/text review pending; reference scan is not visual approval."
"/assets/img/tools/building-materials.webp","tools","placed","data/registry/french-mortgage-property.json","800","450","19278","7409d88c1fd42000414deefed8e1c7a2b311d51cde04fe0fd7af58f83a165aa4","","8","not-reviewed","false","en; fr; sw","Visual/text review pending; reference scan is not visual approval."
"/assets/img/tools/building-permit.webp","tools","placed","data/registry/french-mortgage-property.json","800","450","28502","d1cf71ee000100635f439b6c41403553eb2a26cf4e7aa19ae69b3c6cc7e594c5","","9","not-reviewed","false","en; fr; sw","Visual/text review pending; reference scan is not visual approval."
"/assets/img/tools/burial-cost.svg","tools","retired-alternative","/assets/img/tools/burial-cost.webp","600","400","1500","806d4ae11368f979a38c931b48ab07c9e5cc959598fc85b4fed8619d494246bd","","0","contains-text","false","","Legacy English text card. Retain as an old design variant; current shared registry owns discovery artwork. Do not share embedded English headings across translated pages."
"/assets/img/tools/burial-cost.webp","tools","placed","blog/index.html","600","400","17750","a62f712cfbe687a1b239e0152b3db1c971eefbe7d06e9355dafb137a9a9ff8d7","","12","not-reviewed","false","en; fr; sw","Visual/text review pending; reference scan is not visual approval."
"/assets/img/tools/burn-rate.webp","tools","placed","data/localization/fr-small-business-parity.json","600","400","17576","13a28c3dfc322596ea24ae40d5904d308b9c38e0a9113a25263bb50aef958cab","","7","not-reviewed","false","en; fr; sw","Visual/text review pending; reference scan is not visual approval."
"/assets/img/tools/business-continuity.webp","tools","placed","data/localization/fr-small-business-parity.json","600","400","6362","ccf6f89f8b12e8971b33e2d546c37bcec8488291bed09d2b47c087bfcd219016","","8","not-reviewed","false","en; fr; sw","Visual/text review pending; reference scan is not visual approval."
"/assets/img/tools/business-insurance.webp","tools","placed","blog/business-insurance-quote-checklist-africa/index.html","600","400","5934","4be682c676a50491f5d19eb501af7f666d2b35cb5e93b68919e8be65d097c883","","9","not-reviewed","false","en; fr; sw","Visual/text review pending; reference scan is not visual approval."
"/assets/img/tools/business-license.webp","tools","placed","data/registry/french-mortgage-property.json","600","400","6436","f01aabc8c4b4aff8466b17173c3734c50b3ec706d28ef5881f03d1681eba3657","","9","not-reviewed","false","en; fr; sw","Visual/text review pending; reference scan is not visual approval."
"/assets/img/tools/business-name-gen.svg","tools","placed","blog/index.html","600","400","1505","e65f6d5b6b7f1579e3a1a581b8d68240072a82b2e493a8348de086509b5dd90b","","5","contains-text","false","en","Visual/text review pending; reference scan is not visual approval."
"/assets/img/tools/business-name-gen.webp","tools","placed","data/localization/sw-ecommerce-parity-manifest.json","600","400","14014","615c1f1c993f7998254bbacab7a282939cdb6910910268f32c0230c3e3f5691b","","7","not-reviewed","false","en; fr; sw","Visual/text review pending; reference scan is not visual approval."
"/assets/img/tools/business-plan-builder.svg","tools","placed","fr/tools/generateur-business-plan/index.html","600","400","1503","6624e04435f55a53f982a678cad914929cc14e46564ebec2d8439167cd30d990","","3","contains-text","false","en; fr; sw","Visual/text review pending; reference scan is not visual approval."
"/assets/img/tools/business-plan-builder.webp","tools","placed","data/localization/sw-ecommerce-parity-manifest.json","800","450","32190","8b974c0f5fe1da1c8daeee498d411cad4282b74fb099256df1c22cc35fab5e42","","4","not-reviewed","false","en; fr; sw","Visual/text review pending; reference scan is not visual approval."
"/assets/img/tools/business-plan.svg","tools","retired-alternative","/assets/img/tools/business-plan.webp","600","400","1511","af79bf2d4897e97f2bb3708b3459bc8c5295967d9733b01d9a62246656a3e1db","","0","contains-text","false","","Legacy English text card. Retain as an old design variant; current shared registry owns discovery artwork. Do not share embedded English headings across translated pages."
"/assets/img/tools/business-plan.webp","tools","placed","fr/tools/plan-affaires/index.html","600","400","13876","e305a1c791d6232dc5ae711b9ef7b8c52fc990467b767f4b86f534c3b96c42b8","","9","not-reviewed","false","en; fr; sw","Visual/text review pending; reference scan is not visual approval."
"/assets/img/tools/business-planner.webp","tools","placed","data/localization/sw-business-planner-final.json","600","400","7014","1f2ac2a26b933da0454eabe2ddbe4dde188024265de9b01cab3364b5a9cd53d5","","8","not-reviewed","false","en; fr; sw","Visual/text review pending; reference scan is not visual approval."
"/assets/img/tools/business-registration.webp","tools","placed","blog/index.html","600","400","6312","d6befe42b6a19d325fc64169dd54f1ba22b43a924cae04b39526182b6a65fa55","","17","not-reviewed","false","en; fr; ha; sw; yo","Visual/text review pending; reference scan is not visual approval."
"/assets/img/tools/bw-paye.webp","tools","placed","blog/botswana-paye-tax-2026/index.html","600","400","10888","c1dfaceeb01f200664c9eda282211b4d22ee5881128ca0f643ef79ba5c3b8238","","12","not-reviewed","false","en; fr; sw","Visual/text review pending; reference scan is not visual approval."
"/assets/img/tools/bw-vat.svg","tools","retired-alternative","/assets/img/tools/bw-vat.webp","600","400","1508","803d4ae8c25661dea91828a6ad7ca33982fc1c2c8cf57ac9ee6726bb8faccf6a","","0","contains-text","false","","Legacy English text card. Retain as an old design variant; current shared registry owns discovery artwork. Do not share embedded English headings across translated pages."
"/assets/img/tools/bw-vat.webp","tools","placed","blog/botswana-vat-remote-services-2026/index.html","600","400","9226","f2a771673f2fe989d87c63aaafda59e80367fe04a171b69345ac147adbacd71a","","10","not-reviewed","false","en; fr; sw","Visual/text review pending; reference scan is not visual approval."
"/assets/img/tools/cac-checker.svg","tools","placed","ha/kayan-aiki/duba-cac/index.html","600","400","1503","8856efd772abc400f2e1a8a1234b4ddf280b8bcdf8eb4672891da58abfe171ba","","1","contains-text","false","ha","Visual/text review pending; reference scan is not visual approval."
"/assets/img/tools/cac-checker.webp","tools","placed","data/registry/french-mortgage-property.json","800","450","18980","01800ed31db26458cbb6bcb0c3208995885d07f1eb57c70a3aea6ed5f36a0be8","","11","not-reviewed","false","en; fr; ha; sw","Visual/text review pending; reference scan is not visual approval."
"/assets/img/tools/cac-cost.svg","tools","retired-alternative","/assets/img/tools/cac-cost.webp","600","400","1646","0acc840459882610eb758bbce5628630a2faba4bacce29eaadd262d789b050df","","0","contains-text","false","","Legacy English text card. Retain as an old design variant; current shared registry owns discovery artwork. Do not share embedded English headings across translated pages."
"/assets/img/tools/cac-cost.webp","tools","placed","data/registry/french-mortgage-property.json","800","450","14020","582c5b38e9e5ef5bc2481bb28de2bbc98e4a4b64efc954e9d5636d354350326f","","9","not-reviewed","false","en; fr; sw","Visual/text review pending; reference scan is not visual approval."
"/assets/img/tools/calorie-counter-tools.webp","tools","placed","fr/health/index.html","800","450","24720","1a588b45df483a2fba507b76fa18411fe9b7b4873b7d77428d715e4299830431","","6","not-reviewed","false","en; fr; sw","Visual/text review pending; reference scan is not visual approval."
"/assets/img/tools/calorie-counter.svg","tools","retired-alternative","/assets/img/tools/calorie-counter.webp","600","400","1645","88fefd1c7e2392d1fd80a136a39fda71f3f6d98dcddb452b43fb1324f459c237","","0","contains-text","false","","Legacy English text card. Retain as an old design variant; current shared registry owns discovery artwork. Do not share embedded English headings across translated pages."
"/assets/img/tools/calorie-counter.webp","tools","placed","fr/health/calorie-counter/index.html","800","450","15278","e5394be9d4f808f6d0e1b7104f54efdc4be92780bc97b255c438076104db078f","","9","not-reviewed","false","en; fr; sw","Visual/text review pending; reference scan is not visual approval."
"/assets/img/tools/car-import-cost.webp","tools","placed","fr/tools/calculateur-du-cout-d-importation-d-un-vehicule-ghana/index.html","800","450","16146","6607d06376acd1a530cfdb5c129ea051a7b91ae53cbf502416fbbf6fc2f73a10","","18","not-reviewed","false","en; fr; sw","Visual/text review pending; reference scan is not visual approval."
"/assets/img/tools/car-insurance.webp","tools","placed","fr/insurance/index.html","800","450","19790","456776ab02132b102a1fca12cbee9da704a1a77e885079fd405bb3ad43c24b75","","61","not-reviewed","false","en; fr; sw","Visual/text review pending; reference scan is not visual approval."
"/assets/img/tools/car-loan-vs-cash.webp","tools","placed","fr/tools/voiture-credit-vs-comptant/index.html","800","450","18238","78415000db4bd39ae6d4fb3e763efa096c326874b889c4d9adae3b5d94bca9fe","","7","not-reviewed","false","en; fr; sw","Visual/text review pending; reference scan is not visual approval."
"/assets/img/tools/car-loan.svg","tools","placed","data/cars/frozen-2026-05-13.json","600","400","1500","06b43e65f8f415c19b299a33a0b30d37ef871ee38e659b1e0f572483dfbe16e2","","2","contains-text","false","en","Visual/text review pending; reference scan is not visual approval."
"/assets/img/tools/car-loan.webp","tools","placed","admin/car-price-intelligence.html","600","400","12196","09ecb9c6cec535b386ab0ea2f951ee6b207d5df81f1f4a52fcd1d5d268468ddb","","11","not-reviewed","false","en; fr; sw","Visual/text review pending; reference scan is not visual approval."
"/assets/img/tools/car-price-intelligence.webp","tools","placed","assets/js/cars-directory.js","800","450","20898","dbbcb33f8c721b6ba6fedb86fdc8b9647a4634d5ebd715f414e9be5f4ee5ff78","","1089","not-reviewed","false","en; fr; sw","Visual/text review pending; reference scan is not visual approval."
"/assets/img/tools/carbon-credit.webp","tools","placed","data/localization/fr-climate-parity-manifest.json","800","450","42502","13f62dabddec028f7ea81a552f61994a78669bee388d36c3f0d193a8362b7b30","","7","not-reviewed","false","en; fr; sw","Visual/text review pending; reference scan is not visual approval."
"/assets/img/tools/carbon-footprint-energy.webp","tools","placed","fr/energy/index.html","800","450","23832","abe24bb2ec91d0a5d6a1a0b31db288ad9773e34c0a774d23f41cdefa7e31c853","","8","not-reviewed","false","en; fr; sw","Visual/text review pending; reference scan is not visual approval."
"/assets/img/tools/career-growth.webp","tools","placed","data/localization/fr-career-parity-manifest.json","800","450","25326","e2e1433db508b8d75690ca99dc46370f11475099a848d0aa5b195f22ca69b93b","","7","not-reviewed","false","en; fr; sw","Visual/text review pending; reference scan is not visual approval."
"/assets/img/tools/career-switch.webp","tools","placed","data/localization/fr-career-parity-manifest.json","800","450","19268","2b06afec946b21b8f781143e925dc9648ccc674fb76a63d5c367ea434d141095","","7","not-reviewed","false","en; fr; sw","Visual/text review pending; reference scan is not visual approval."
"/assets/img/tools/cash-flow-forecast.webp","tools","placed","blog/cash-flow-forecast-small-business-africa/index.html","600","400","7472","c8bf223a03a9b920db90f5f8746e91dde1495f345fc90311fed030afcdf1b208","","16","not-reviewed","false","en; fr; sw","Visual/text review pending; reference scan is not visual approval."
"/assets/img/tools/cassava-processing-angola.webp","tools","placed","agriculture/cassava-processing/angola.html","600","400","15014","9bfd91c53c1b80ec20314803d1aa5b5b12a035324829bd7755591ab53408ee7e","","6","not-reviewed","false","en; fr; sw","Visual/text review pending; reference scan is not visual approval."
"/assets/img/tools/cassava-processing-benin.webp","tools","placed","agriculture/cassava-processing/benin.html","600","400","14526","df06c5e6755dda16e7df918fcb20551c03e2e0fe607a794776ed3d052e805e22","","6","not-reviewed","false","en; fr; sw","Visual/text review pending; reference scan is not visual approval."
"/assets/img/tools/cassava-processing-calculator.webp","tools","placed","agriculture/cassava-processing/index.html","600","400","13912","86064a3a197a03810c9219358c1c2fe324548b3b681dda89ace0f66d3893ff54","","6","not-reviewed","false","en; fr; sw","Visual/text review pending; reference scan is not visual approval."
"/assets/img/tools/cassava-processing-cameroon.webp","tools","placed","agriculture/cassava-processing/cameroon.html","600","400","14886","b069d670fdd89106e03b92a4c0d43126602637c9ced9d23b90a48b6ac71a1c1a","","6","not-reviewed","false","en; fr; sw","Visual/text review pending; reference scan is not visual approval."
"/assets/img/tools/cassava-processing-cote-d-ivoire.webp","tools","placed","agriculture/cassava-processing/cote-d-ivoire.html","600","400","18480","fefaa519d89924664debe86841f248bf200d3baf9c9e3f6568505e6a9d1bc574","","6","not-reviewed","false","en; fr; sw","Visual/text review pending; reference scan is not visual approval."
"/assets/img/tools/cassava-processing-dr-congo.webp","tools","placed","agriculture/cassava-processing/dr-congo.html","600","400","15150","9e9bc2d4806f881359fa33790a92581e862caa7a894df597aa11f92f029691ce","","6","not-reviewed","false","en; fr; sw","Visual/text review pending; reference scan is not visual approval."
"/assets/img/tools/cassava-processing-ghana.webp","tools","placed","agriculture/cassava-processing/ghana.html","600","400","15062","42b781545862af5062e6a3ef73730a5a54848abf9389d161fa34d8adb1f17232","","6","not-reviewed","false","en; fr; sw","Visual/text review pending; reference scan is not visual approval."
"/assets/img/tools/cassava-processing-guinea.webp","tools","placed","agriculture/cassava-processing/guinea.html","600","400","14600","3a3cb22a7e4f6e74a22299156cfc061a3a0dd8f6720ead7ca942942c2fe368c7","","6","not-reviewed","false","en; fr; sw","Visual/text review pending; reference scan is not visual approval."
"/assets/img/tools/cassava-processing-madagascar.webp","tools","placed","agriculture/cassava-processing/madagascar.html","800","450","52168","be8548f0c73cfad597e517248ef8ba21d735045de554e61f729e2da9438251f9","","6","not-reviewed","false","en; fr; sw","Visual/text review pending; reference scan is not visual approval."
"/assets/img/tools/cassava-processing-malawi.webp","tools","placed","agriculture/cassava-processing/malawi.html","600","400","15072","f7a6130e11093979ac6acf04dfc92de04c92b1da1f643d69c0be0f1c7aa1bdac","","6","not-reviewed","false","en; fr; sw","Visual/text review pending; reference scan is not visual approval."
"/assets/img/tools/cassava-processing-mozambique.webp","tools","placed","agriculture/cassava-processing/mozambique.html","600","436","13930","f041773efd4b386ff5426d6ebffa77a0abc98e68b9ec67e7af9d6d2a8c83e7ca","","6","not-reviewed","false","en; fr; sw","Visual/text review pending; reference scan is not visual approval."
"/assets/img/tools/cassava-processing-nigeria.webp","tools","placed","agriculture/cassava-processing/nigeria.html","600","400","14728","8789a282c8974ce3b1633c535ea95125948afaeab737b0a6ecdc0713c8054393","","10","not-reviewed","false","en; fr; ha; sw; yo","Visual/text review pending; reference scan is not visual approval."
"/assets/img/tools/cassava-processing-sierra-leone.webp","tools","placed","agriculture/cassava-processing/sierra-leone.html","600","400","14778","40accc2ac532fd37003cd84c3e09e09a3870e4120396569441d4c33c5778b807","","6","not-reviewed","false","en; fr; sw","Visual/text review pending; reference scan is not visual approval."
"/assets/img/tools/cassava-processing-tanzania.webp","tools","placed","agriculture/cassava-processing/tanzania.html","600","400","15180","30643a1e060135473a076b846e0ac4f05d7ff312c886873466bd3c489055bf3f","","6","not-reviewed","false","en; fr; sw","Visual/text review pending; reference scan is not visual approval."
"/assets/img/tools/cassava-processing-togo.webp","tools","placed","agriculture/cassava-processing/togo.html","600","400","14694","8713fd451ec11a9989b20f1b247330c2b49139e9fba07881a23e8914819e2da1","","6","not-reviewed","false","en; fr; sw","Visual/text review pending; reference scan is not visual approval."
"/assets/img/tools/cassava-processing-uganda.webp","tools","placed","agriculture/cassava-processing/uganda.html","600","480","12998","655fd95151e04582978dfd7c03f4c9ebb54be6acb73766c5dbfd642c725fa83e","","6","not-reviewed","false","en; fr; sw","Visual/text review pending; reference scan is not visual approval."
"/assets/img/tools/cbk-rates.webp","tools","placed","data/localization/sw-finance-native-four-review.json","1200","630","101344","f0d4f270c64ad08dfb9e0980441f77dda8e85250f6419c3e82d68f03a95036dc","","4","not-reviewed","false","en; fr; sw","Visual/text review pending; reference scan is not visual approval."
"/assets/img/tools/cctv-cost.webp","tools","placed","fr/tools/cout-cctv/index.html","800","450","47444","9c4a06d3093f9a6481201ed3f869b8b2ed13b820e1987e870c0d43378120d8f2","","6","not-reviewed","false","en; fr; sw","Visual/text review pending; reference scan is not visual approval."
"/assets/img/tools/cd-paye.webp","tools","placed","data/localization/sw-financial-shard-a-candidate.json","600","400","21348","3fe337654cda89fd1bc995f777a31c33688a8e1d527f6a45c789fbe7f130120f","","13","not-reviewed","false","en; fr; sw","Visual/text review pending; reference scan is not visual approval."
"/assets/img/tools/cd-vat.webp","tools","placed","data/localization/sw-ecommerce-parity-manifest.json","600","400","20028","352ae24d4e2d4e3effd51ea220391a7039f9c0ebbe993140f9dbb1b24bbd97ef","","7","not-reviewed","false","en; fr; sw","Visual/text review pending; reference scan is not visual approval."
"/assets/img/tools/cert-roi.webp","tools","placed","data/localization/fr-education-parity.json","800","450","23600","7d1f79418ca02c944b40c1fe8f2d37171bf69b388aee05413599ff3e6379e6a2","","8","not-reviewed","false","en; fr; sw","Visual/text review pending; reference scan is not visual approval."
"/assets/img/tools/certificate-maker.svg","tools","retired-alternative","/assets/img/tools/certificate-maker.webp","600","400","1511","54be3ff3925a93a1594ec291db2d29bd67a96b60ecb587f3eccb486577a836b0","","0","contains-text","false","","Legacy English text card. Retain as an old design variant; current shared registry owns discovery artwork. Do not share embedded English headings across translated pages."
"/assets/img/tools/certificate-maker.webp","tools","placed","data/localization/sw-certificate-maker-final.json","800","450","18968","bfb5692a3d70da9eb35e89bfa1b22469e57ade835856642d1a6d3515619f83e3","","7","not-reviewed","false","en; fr; sw","Visual/text review pending; reference scan is not visual approval."
"/assets/img/tools/cf-paye.webp","tools","placed","car/cf-paye.html","600","400","26566","0fd94559f7774178871ed530220a039b95b8a103c467f907d9bf49420ba20ede","","9","not-reviewed","false","en; fr; sw","Visual/text review pending; reference scan is not visual approval."
"/assets/img/tools/cf-vat.webp","tools","placed","car/cf-vat.html","600","400","19600","939c1ab95ef0d0065769d34febf677cc36dc24ee7487c1d764698abeeaa8c0ac","","7","not-reviewed","false","en; fr; sw","Visual/text review pending; reference scan is not visual approval."
"/assets/img/tools/cg-paye.webp","tools","placed","congo/cg-paye.html","600","400","25162","34f61f82928f1b99efb571bc4268a4e5c3cd2820284e9b298dce1f7e14c8974a","","10","not-reviewed","false","en; fr; sw","Visual/text review pending; reference scan is not visual approval."
"/assets/img/tools/cg-vat.webp","tools","placed","congo/cg-vat.html","600","400","18858","deac8aa5ae5d27f6fdba5bd9391f5da4831f8491b688b181dceb50d3b3546102","","7","not-reviewed","false","en; fr; sw","Visual/text review pending; reference scan is not visual approval."
"/assets/img/tools/charcoal-vs-clean.webp","tools","placed","data/localization/fr-climate-parity-manifest.json","800","450","18214","46bdc283b658dc3f9db2842add460f005ba502dc6905a277209c3aaf02bcbb72","","7","not-reviewed","false","en; fr; sw","Visual/text review pending; reference scan is not visual approval."
"/assets/img/tools/child-growth.webp","tools","placed","fr/health/index.html","800","450","20074","170c276ce8bf5520149db80185963072dc82c92a3539848aa8e632d1c493d082","","7","not-reviewed","false","en; fr; sw","Visual/text review pending; reference scan is not visual approval."
"/assets/img/tools/child-support.webp","tools","placed","data/registry/french-mortgage-property.json","800","450","21560","ac35719ab1f072b9e333f2904aaf893cdb53b1fa1009b9977f6da9d17d36f8fe","","9","not-reviewed","false","en; fr; sw","Visual/text review pending; reference scan is not visual approval."
"/assets/img/tools/childbirth-cost.webp","tools","placed","fr/health/index.html","800","450","14330","1caa41d60ec018ae5e2ee0ed6be50ccedd04276480dcb517189ea12a06ade71b","","10","not-reviewed","false","en; fr; ha; sw","Visual/text review pending; reference scan is not visual approval."
"/assets/img/tools/cholera-risk.webp","tools","placed","fr/health/index.html","800","450","21796","85d42a14e396bfb49b8be71daa359437c2ffd9bbb10d75771ad84eb9fd2a81f6","","8","not-reviewed","false","en; fr; sw","Visual/text review pending; reference scan is not visual approval."
"/assets/img/tools/churn-rate.webp","tools","placed","data/localization/fr-small-business-parity.json","600","400","11846","17dab28e2f35192597ae97c0d515ffa4e6b25bdac59dfdeeaa766c2b96165522","","7","not-reviewed","false","en; fr; sw","Visual/text review pending; reference scan is not visual approval."
"/assets/img/tools/ci-paye.webp","tools","placed","cote-divoire/ci-paye.html","600","400","25066","13be7ea3c96a7a6a3156e1516acdc5ce46c4c06bf56ac266c52943c1de60050e","","12","not-reviewed","false","en; fr; sw","Visual/text review pending; reference scan is not visual approval."
"/assets/img/tools/ci-vat.webp","tools","placed","cote-divoire/ci-vat.html","600","400","26040","c878c0705dbb0d4148bab8e3c39c0c08299a367b93544833058063d6c7393931","","9","not-reviewed","false","en; fr; sw","Visual/text review pending; reference scan is not visual approval."
"/assets/img/tools/cipc-cost.svg","tools","retired-alternative","/assets/img/tools/cipc-cost.webp","600","400","1505","9ee91902b1fa93e3e9848e851371dc7095a61e8261f2adf0f76369edaa694726","","0","contains-text","false","","Legacy English text card. Retain as an old design variant; current shared registry owns discovery artwork. Do not share embedded English headings across translated pages."
"/assets/img/tools/cipc-cost.webp","tools","placed","data/registry/french-mortgage-property.json","800","450","27160","d4dd61b470dd709c9c7837a6c63d1be93c66b519717ca4cad17ac8a08b155760","","9","not-reviewed","false","en; fr; sw","Visual/text review pending; reference scan is not visual approval."
"/assets/img/tools/citation-generator.svg","tools","retired-alternative","/assets/img/tools/citation-generator.webp","600","400","1499","004cddb520a628dc52a8327926591ca7a446c867b79b3dcff96e7b954d92eb42","","0","contains-text","false","","Legacy English text card. Retain as an old design variant; current shared registry owns discovery artwork. Do not share embedded English headings across translated pages."
"/assets/img/tools/citation-generator.webp","tools","placed","blog/citation-generator-apa-mla-african-students/index.html","600","400","7976","89bc32133aadc2554b10ca7f97c43c8a973a34ab856d1a37fc57c47024f17d2b","","14","not-reviewed","false","en; fr; sw","Visual/text review pending; reference scan is not visual approval."
"/assets/img/tools/claim-tracker.webp","tools","placed","blog/ghana-motor-insurance-claim-checklist-2026/index.html","800","450","23416","e75ea2fec953ec103637d40b17faef5472ef887b2466b3941982c9a1b84cf804","","10","not-reviewed","false","en; fr; sw","Visual/text review pending; reference scan is not visual approval."
"/assets/img/tools/classroom-size.webp","tools","placed","data/localization/fr-education-parity.json","800","450","26322","fbbea0cb5829ff7829d2603530097adcf32bb60226f0b04681804d2824e792d4","","8","not-reviewed","false","en; fr; sw","Visual/text review pending; reference scan is not visual approval."
"/assets/img/tools/clinic-costs.webp","tools","placed","fr/health/index.html","800","450","17992","8e45896aed1171c8757c2e41c520d355310bcd3760aab0b738554baff0264508","","8","not-reviewed","false","en; fr; sw","Visual/text review pending; reference scan is not visual approval."
"/assets/img/tools/cm-paye.webp","tools","placed","blog/cameroon-paye-tax-2026/index.html","600","400","13254","1a92348000e73d9856d6bfb1a612160b5bd22e8205b6901052978cacb26cb654","","15","not-reviewed","false","en; fr; sw","Visual/text review pending; reference scan is not visual approval."
"/assets/img/tools/cm-vat.webp","tools","placed","cameroon/cm-vat.html","600","400","19110","121e3722abf5af055e8d87b082c2f8ea64ef4aa01b1e55e4e2546ff68d1ed7df","","7","not-reviewed","false","en; fr; sw","Visual/text review pending; reference scan is not visual approval."
"/assets/img/tools/cnps-guide.svg","tools","placed","sw/zana/mwongozo-wa-cnps/index.html","1200","630","1307","ff9589cb69afdd76e1e8f3e3bae8136e5fb1838fe70958f88304d6b35e5f7325","","1","contains-text","false","sw","Visual/text review pending; reference scan is not visual approval."
"/assets/img/tools/cocoa-tracker.webp","tools","placed","agriculture/cocoa-tracker/index.html","600","400","9392","447761c6911292986ff1fd21bc25d6b8c2263621903eb1efa31bcdad070ff1ab","","6","not-reviewed","false","en; fr; sw","Visual/text review pending; reference scan is not visual approval."
"/assets/img/tools/coding-bootcamp.webp","tools","placed","data/localization/fr-education-parity.json","800","450","24840","b734e3778b08512f6617fb58d9b05d0603243f4292f11a5ac29eee487c79d708","","8","not-reviewed","false","en; fr; sw","Visual/text review pending; reference scan is not visual approval."
"/assets/img/tools/coffee-calculator.webp","tools","placed","agriculture/coffee-calculator/index.html","600","400","10086","2878d216514bc621e11640fbede1741efd7999b74579905663a050a9bee67c1e","","6","not-reviewed","false","en; fr; sw","Visual/text review pending; reference scan is not visual approval."
"/assets/img/tools/color-contrast.svg","tools","placed","fr/tools/contraste-couleurs/index.html","600","400","1501","e7b675d2f8756946432367d4a52d43df2f7f2fe41c45b8a0cac00f9a3df50878","","3","contains-text","false","en; fr; sw","Visual/text review pending; reference scan is not visual approval."
"/assets/img/tools/color-contrast.webp","tools","placed","blog/color-contrast-checker-accessible-websites-africa/index.html","800","450","10674","5f0fe026c0de25b9b34253fd0e56e8b67ce5464c461d417664bdcc82ca82cd6a","","12","not-reviewed","false","en; fr; sw","Visual/text review pending; reference scan is not visual approval."
"/assets/img/tools/color-picker.svg","tools","retired-alternative","/assets/img/tools/color-picker.webp","600","400","1518","72f5445b31c4312e98b7e9c96f2599f66a739505ea9e378cdd9c890e569e5908","","0","contains-text","false","","Legacy English text card. Retain as an old design variant; current shared registry owns discovery artwork. Do not share embedded English headings across translated pages."
"/assets/img/tools/color-picker.webp","tools","placed","data/localization/sw-image-color-family.json","800","450","26976","d7a2c70d477c5a5ad9c22bb143fdaebf42e58152be045ce63b5e9663060f8e12","","7","not-reviewed","false","en; fr; sw","Visual/text review pending; reference scan is not visual approval."
"/assets/img/tools/colour-palette.svg","tools","retired-alternative","/assets/img/tools/colour-palette.webp","600","400","1659","31a4ac964d3cd1d71b43ecdf72979906eb7adf7dabd563ef9aca68c8c37fcbc4","","0","contains-text","false","","Legacy English text card. Retain as an old design variant; current shared registry owns discovery artwork. Do not share embedded English headings across translated pages."
"/assets/img/tools/colour-palette.webp","tools","placed","data/localization/sw-image-color-family.json","800","450","29552","a4ac857ef189b086695c3a354d598fb9a46ed89d6c7fce29b1b5973bcb324b17","","7","not-reviewed","false","en; fr; sw","Visual/text review pending; reference scan is not visual approval."
"/assets/img/tools/commit-message-gen.webp","tools","placed","data/localization/fr-developer-parity-manifest.json","800","450","10874","cf0979998271a2ea6c67cfdcb45b20c5c330ccdad5f796dc7bc879c236b09b45","","7","not-reviewed","false","en; fr; sw","Visual/text review pending; reference scan is not visual approval."
"/assets/img/tools/commodity-prices.webp","tools","placed","agriculture/commodity-prices/index.html","600","480","14322","118115b4c1e0bf740ef3322386943e0844f59a33c5c6877de196b7f58f5d9865","","10","not-reviewed","false","en; fr; ha; sw; yo","Visual/text review pending; reference scan is not visual approval."
"/assets/img/tools/commodity-tracker.webp","tools","placed","fr/tools/suivi-matieres-premieres/index.html","800","450","33424","8babf43ab1aa3fa742410fd48600dd95f180f1f0c3496cd4a735549f5986ecbd","","6","not-reviewed","false","en; fr; sw","Visual/text review pending; reference scan is not visual approval."
"/assets/img/tools/company-type-selector.webp","tools","placed","data/registry/french-mortgage-property.json","600","400","5346","411f2484fa696a43d1a19bd567b0d32d8281b9b82b4a7f81368e358a2b814819","","9","not-reviewed","false","en; fr; sw","Visual/text review pending; reference scan is not visual approval."
"/assets/img/tools/compound-interest.webp","tools","placed","blog/index.html","600","400","9762","21cde598c7e62e97c14aa55317c0de28ca87b091e77f71cb1c6ba9ecaa86b8b4","","10","not-reviewed","false","en; fr; sw","Visual/text review pending; reference scan is not visual approval."
"/assets/img/tools/concert-budget.webp","tools","placed","blog/concert-break-even-calculator-ghana/index.html","800","450","23808","e9037a6252400372d5084c798c122e88c0ad9a4a0dc7c7f28afbe35d9f6f406b","","11","not-reviewed","false","en; fr; sw","Visual/text review pending; reference scan is not visual approval."
"/assets/img/tools/concrete-calc.svg","tools","retired-alternative","/assets/img/tools/concrete-calc.webp","600","400","1509","40049f8b65b8dfb783516e09d5e0fd64d6f829188909b8f5fe2b05eb9828caf0","","0","contains-text","false","","Legacy English text card. Retain as an old design variant; current shared registry owns discovery artwork. Do not share embedded English headings across translated pages."
"/assets/img/tools/concrete-calc.webp","tools","placed","blog/concrete-mix-cement-bags-nigeria/index.html","800","450","17288","73e3899f38eb1e99f3fcbdf62a2fc8d58244256db709a9105cd93ca6708f4ae4","","9","not-reviewed","false","en; fr; sw","Visual/text review pending; reference scan is not visual approval."
"/assets/img/tools/construction-budget.webp","tools","placed","data/registry/french-mortgage-property.json","800","450","24658","d6fac9b4fe33b362ffb712584762100233d2ed40b7eae78979bc32b3b1d854d1","","10","not-reviewed","false","en; fr; sw","Visual/text review pending; reference scan is not visual approval."
"/assets/img/tools/contract-gen.svg","tools","retired-alternative","/assets/img/tools/contract-gen.webp","600","400","1503","4012a3cde0fe90eb17819d725d72932c3f58cd2722873230ed86ef2729bf83ef","","0","contains-text","false","","Legacy English text card. Retain as an old design variant; current shared registry owns discovery artwork. Do not share embedded English headings across translated pages."
"/assets/img/tools/contract-gen.webp","tools","placed","data/registry/french-mortgage-property.json","800","450","9816","8c89e478e703a54b9bb0188aa5a66bbd80ab13308579fc64cafeea33f4315c53","","8","not-reviewed","false","en; fr; sw","Visual/text review pending; reference scan is not visual approval."
"/assets/img/tools/contractor-vs-employee.webp","tools","placed","data/localization/fr-hr-payroll-parity.json","800","450","20700","7ab621e70b1a796597b243dda7cc244927be11f6161d385d26bfd81803b40b3d","","116","not-reviewed","false","en; fr; sw","Visual/text review pending; reference scan is not visual approval."
"/assets/img/tools/coo-generator.webp","tools","placed","fr/tools/generateur-certificat-origine/index.html","800","450","20302","797e18e7a9bbb70b5e767cdb9d03c92083e210bbb69a322a918735949eeacf4b","","5","not-reviewed","false","en; fr; sw","Visual/text review pending; reference scan is not visual approval."
"/assets/img/tools/cookie-consent.webp","tools","placed","data/registry/french-mortgage-property.json","800","450","19418","db5bc1b6363618f4f66fe084bdde6e5c82b890533e64caa5379097b4768eef3f","","6","not-reviewed","false","en; fr; sw","Visual/text review pending; reference scan is not visual approval."
"/assets/img/tools/cooperative-calculator.webp","tools","placed","agriculture/cooperative-calculator/index.html","600","400","13224","feb7eddc2161abf41310821acee43b9ee4aae02582bad56264f42a4e3147bcef","","6","not-reviewed","false","en; fr; sw","Visual/text review pending; reference scan is not visual approval."
"/assets/img/tools/cost-of-living.svg","tools","placed","blog/index.html","600","400","1651","584a09202e86e6740cddfe8bb1740732c1e643487ef4393340d21b38066f7424","","1","contains-text","false","en","Visual/text review pending; reference scan is not visual approval."
"/assets/img/tools/cost-of-living.webp","tools","placed","ai/local-life/index.html","800","450","28936","f05c64b3c6a77c0b631438664adf09fd161d0cb92fd43cd5a391d1a8aacb3347","","12","not-reviewed","false","en; fr; sw","Visual/text review pending; reference scan is not visual approval."
"/assets/img/tools/countdown-timer.svg","tools","placed","fr/tools/compte-a-rebours/index.html","600","400","1518","33720d42c7cbdcbea630bccbd194ef89a9ccc6a4f6633aa2f0a435dce8161382","","3","contains-text","false","en; fr; sw","Visual/text review pending; reference scan is not visual approval."
"/assets/img/tools/countdown-timer.webp","tools","placed","data/localization/fr-business-roi-parity.json","800","450","25650","33c97ba83e3ce1cb0dd972891a885144a7884c5ced99141af6e5ccae8104f375","","6","not-reviewed","false","en; fr; sw","Visual/text review pending; reference scan is not visual approval."
"/assets/img/tools/course-load.webp","tools","placed","data/localization/fr-education-parity.json","800","450","38698","01e2fce9c1eca6fa1bdb472abaee8c65f0a034cfd3ad694b655e10d0699eb95f","","7","not-reviewed","false","en; fr; sw","Visual/text review pending; reference scan is not visual approval."
"/assets/img/tools/court-fees.webp","tools","placed","data/registry/french-mortgage-property.json","800","450","33844","5a34ca05e8b61d572ad20dd2bfa4c15b028f9a8f092c6da80b0a3c133d4950fc","","9","not-reviewed","false","en; fr; sw","Visual/text review pending; reference scan is not visual approval."
"/assets/img/tools/cover-letter.webp","tools","placed","fr/tools/generateur-cv/index.html","600","400","6832","2b0c13dd5fd4cd7a400d424c170c230e57b05c405948bf7facfcc9f2c73bc1a9","","10","not-reviewed","false","en; fr; ha; sw","Visual/text review pending; reference scan is not visual approval."
"/assets/img/tools/creator-analytics.webp","tools","placed","data/localization/sw-creative-parity-manifest.json","600","400","17030","53a3b18b179900eab1f6881cc5dc3fedff2b4571a1a3e7139862ea13d6ee33b5","","11","not-reviewed","false","en; fr; sw","Visual/text review pending; reference scan is not visual approval."
"/assets/img/tools/creator-bios.webp","tools","placed","data/localization/sw-creative-parity-manifest.json","600","400","30244","595fbfc6ed4398e88e72dca0a5fe8955e062af2b086e2d349bb81606caba774a","","11","not-reviewed","false","en; fr; sw","Visual/text review pending; reference scan is not visual approval."
"/assets/img/tools/creator-brand.webp","tools","placed","data/localization/sw-creative-parity-manifest.json","600","400","23868","394a33cba2e4aeddc151810c59fb47a61c4eea9fa82696ab7200c112a0f992e6","","11","not-reviewed","false","en; fr; sw","Visual/text review pending; reference scan is not visual approval."
"/assets/img/tools/creator-calendar.webp","tools","placed","data/localization/sw-creative-parity-manifest.json","600","400","16628","1b99207e11eab934ccfd27895f422aec6f1ddf7b90d2604b6bc2e5738f7b4c03","","11","not-reviewed","false","en; fr; sw","Visual/text review pending; reference scan is not visual approval."
"/assets/img/tools/creator-canvas.webp","tools","placed","data/localization/sw-creative-parity-manifest.json","800","450","23656","ba05eef87b44f995fac7f8177b0cec818608488e6655b8d95ae96ea58e0521d0","","11","not-reviewed","false","en; fr; sw","Visual/text review pending; reference scan is not visual approval."
"/assets/img/tools/creator-captions.webp","tools","placed","data/localization/sw-creative-parity-manifest.json","600","400","14706","8f41fa39425970906118a84496b7a52294e0142937db889ce6c5e4ebe22d1b36","","9","not-reviewed","false","en; fr; sw","Visual/text review pending; reference scan is not visual approval."
"/assets/img/tools/creator-carousel.webp","tools","placed","data/localization/sw-creative-parity-manifest.json","600","400","14138","f7a71e3511c1a10aa1fec69deacfc6370bdcd390f8c07ab2eb58ece630e512bf","","10","not-reviewed","false","en; fr; sw","Visual/text review pending; reference scan is not visual approval."
"/assets/img/tools/creator-clip.webp","tools","placed","data/localization/sw-creative-parity-manifest.json","800","450","33980","017e4e19937425633a82f25af88bf5d3ca8e4ad780ffe198c96e5969e3b918fd","","8","not-reviewed","false","en; fr; sw","Visual/text review pending; reference scan is not visual approval."
"/assets/img/tools/creator-club.webp","tools","placed","data/localization/sw-creative-parity-manifest.json","800","450","36862","28824ad2b3a9e8af7e3e5a45a09059df98d6582f9ca9116f24e30749cfabd4fc","","10","not-reviewed","false","en; fr; sw","Visual/text review pending; reference scan is not visual approval."
"/assets/img/tools/creator-course.webp","tools","placed","data/localization/sw-creative-parity-manifest.json","600","400","15856","039db1a90406a4cc00ae34a15ef323ad0983615f538f96c385b1f9ed1ec19f0d","","10","not-reviewed","false","en; fr; sw","Visual/text review pending; reference scan is not visual approval."
"/assets/img/tools/creator-desk.webp","tools","placed","data/localization/sw-creative-parity-manifest.json","800","450","32554","2e9794b2e47ecef5c30d26ac2a7a09213ef80b252100d912746c7951271b4382","","10","not-reviewed","false","en; fr; sw","Visual/text review pending; reference scan is not visual approval."
"/assets/img/tools/creator-hashtags.webp","tools","placed","data/localization/sw-creative-parity-manifest.json","600","400","13648","292524dea50f2c16a7215f4b2eb67f49960dd57f89627b7a3353abf5f7d2b9d3","","9","not-reviewed","false","en; fr; sw","Visual/text review pending; reference scan is not visual approval."
"/assets/img/tools/creator-hooks.webp","tools","placed","data/localization/sw-creative-parity-manifest.json","600","400","24908","99fa4d1c711955dc60c7dbd652c90efaca91bb8e8dcdf89587ce7108ba4bb966","","9","not-reviewed","false","en; fr; sw","Visual/text review pending; reference scan is not visual approval."
"/assets/img/tools/creator-invoice.webp","tools","placed","data/localization/sw-creative-parity-manifest.json","600","400","9060","e0e8c1aa85d8c79fdf4c8268291ec634272e72ede5e2e89a839ca8c5f8c0ecd0","","9","not-reviewed","false","en; fr; sw","Visual/text review pending; reference scan is not visual approval."
"/assets/img/tools/creator-kit.webp","tools","placed","data/localization/sw-creative-parity-manifest.json","600","400","25210","e12a0c9548cd9b7742d52f4a9f0b61c23c84b51849f836b26f232011bce96c8f","","9","not-reviewed","false","en; fr; sw","Visual/text review pending; reference scan is not visual approval."
"/assets/img/tools/creator-mail.webp","tools","placed","data/localization/sw-creative-parity-manifest.json","800","450","20930","af8796c141e43ab8831251612429ea79ad63aa7ecfdd7a1c048e68b2d9683a68","","10","not-reviewed","false","en; fr; sw","Visual/text review pending; reference scan is not visual approval."
"/assets/img/tools/creator-mind.webp","tools","placed","data/localization/sw-creative-parity-manifest.json","800","450","23548","2bc67c6e39de3900553e2de4ab8d8c92f02255fa13a92dfff2a1bd03eb02b352","","10","not-reviewed","false","en; fr; sw","Visual/text review pending; reference scan is not visual approval."
"/assets/img/tools/creator-money.webp","tools","placed","data/localization/sw-creative-parity-manifest.json","600","400","9972","1d6f69574090145bf4f2f3f197ae35824ece0ea31d8ac89779dc1eb7027271e3","","9","not-reviewed","false","en; fr; sw","Visual/text review pending; reference scan is not visual approval."
"/assets/img/tools/creator-page.webp","tools","placed","data/localization/sw-creative-parity-manifest.json","800","450","25618","1892c382e429c5879871aac3885c98d940f9c6dabf0baaea3ed24e5317d4f26f","","10","not-reviewed","false","en; fr; sw","Visual/text review pending; reference scan is not visual approval."
"/assets/img/tools/creator-polish.webp","tools","placed","data/localization/sw-creative-parity-manifest.json","800","450","33228","b6d4cd7123205976b83357ba78deffb960a3e427f6e7a3f6b2f0ec6bdb65fd5c","","10","not-reviewed","false","en; fr; sw","Visual/text review pending; reference scan is not visual approval."
"/assets/img/tools/creator-pricing.webp","tools","placed","data/localization/sw-creative-parity-manifest.json","600","400","25392","c3d2468f6db2a43ab069e588363167250a2807924a51f4b3a9bc7e3fc88d8f99","","10","not-reviewed","false","en; fr; sw","Visual/text review pending; reference scan is not visual approval."
"/assets/img/tools/creator-record.webp","tools","placed","data/localization/sw-creative-parity-manifest.json","800","450","19950","7ef780baa0494ed84e8b682b5832521a58872b8ccf3d7f0b7c356673868a3508","","7","not-reviewed","false","en; fr; sw","Visual/text review pending; reference scan is not visual approval."
"/assets/img/tools/creator-repurpose.webp","tools","placed","data/localization/sw-creative-parity-manifest.json","600","400","16446","db7a8995c75ec52e295dec4dd49b74e80d1562b4252c3d74653c9941eb803dda","","10","not-reviewed","false","en; fr; sw","Visual/text review pending; reference scan is not visual approval."
"/assets/img/tools/creator-research.webp","tools","placed","data/localization/sw-creative-parity-manifest.json","600","400","15932","8280b05e2a2c33322045f04d4dedf21894998894ebf08f09fd72739779442d97","","10","not-reviewed","false","en; fr; sw","Visual/text review pending; reference scan is not visual approval."
"/assets/img/tools/creator-resize.webp","tools","placed","data/localization/sw-creative-parity-manifest.json","600","400","19362","2bf34834d8dabf940a7cfd456f03be12f27de9e24a8ad2faed68cf4f2c40796b","","10","not-reviewed","false","en; fr; sw","Visual/text review pending; reference scan is not visual approval."
"/assets/img/tools/creator-schedule.webp","tools","placed","data/localization/sw-creative-parity-manifest.json","800","450","36482","f4a7f1587441b66c9e437e112e977876360e84d03de87e0e95ad05afbd49ba1b","","11","not-reviewed","false","en; fr; sw","Visual/text review pending; reference scan is not visual approval."
"/assets/img/tools/creator-scripts.webp","tools","placed","data/localization/sw-creative-parity-manifest.json","600","400","25162","5c368273e74495a6ddac099e24af7feef0e5c6730b2bba085688bcff4c6c5ebc","","10","not-reviewed","false","en; fr; sw","Visual/text review pending; reference scan is not visual approval."
"/assets/img/tools/creator-split.webp","tools","placed","data/localization/sw-creative-parity-manifest.json","800","450","33272","360dd3bb2ab333894c7d0036f64d5ae2f3c58829481d6ed729b6c76c10fd09e0","","11","not-reviewed","false","en; fr; sw","Visual/text review pending; reference scan is not visual approval."
"/assets/img/tools/creator-stock.webp","tools","placed","data/localization/sw-creative-parity-manifest.json","800","450","24498","0f30fce54417cd3f06aeda8344de1c61cab8b6a5a3f4d3237b28838b856462f3","","9","not-reviewed","false","en; fr; sw","Visual/text review pending; reference scan is not visual approval."
"/assets/img/tools/creator-team.webp","tools","placed","data/localization/sw-creative-parity-manifest.json","800","450","21570","07f1e9b9cc341daf82d31e04a4f0cdf84154c049802d82b17039f7909871de41","","11","not-reviewed","false","en; fr; sw","Visual/text review pending; reference scan is not visual approval."
"/assets/img/tools/creator-thumb.webp","tools","placed","data/localization/sw-creative-parity-manifest.json","600","400","25298","e5e02c77653fd7a7d7720d35db6540ec321fb274288b79156dd9527f657f0e35","","9","not-reviewed","false","en; fr; sw","Visual/text review pending; reference scan is not visual approval."
"/assets/img/tools/creator-titles.webp","tools","placed","data/localization/sw-creative-parity-manifest.json","600","400","17952","2fd1cf4881bc35caf27f49881e6027d15fbc2476610305ddeb183e6fc904e60b","","9","not-reviewed","false","en; fr; sw","Visual/text review pending; reference scan is not visual approval."
"/assets/img/tools/creator-voice.webp","tools","placed","data/localization/sw-creative-parity-manifest.json","800","450","24926","68c1895cb27cbeffd1e5fcab28bc3172d9dc4e2f5b923bed5aaf934ae5680c6b","","7","not-reviewed","false","en; fr; sw","Visual/text review pending; reference scan is not visual approval."
"/assets/img/tools/credit-score.webp","tools","placed","data/localization/fr-fintech-banking-pages/credit-score.html","800","450","33492","c0f1999695293e0379f938f68455afd149e694d3e8d9a90d5d4c34e2cccc9943","","9","not-reviewed","false","en; fr; sw","Visual/text review pending; reference scan is not visual approval."
"/assets/img/tools/cron-builder.svg","tools","retired-alternative","/assets/img/tools/cron-builder.webp","600","400","1503","2ac45a6a310a48f2426bcc881fddd60d62e05fb4fdd7ea832b4e9ff5f0ca4986","","0","contains-text","false","","Legacy English text card. Retain as an old design variant; current shared registry owns discovery artwork. Do not share embedded English headings across translated pages."
"/assets/img/tools/cron-builder.webp","tools","placed","data/localization/fr-developer-parity-manifest.json","800","450","16212","d39360f5510340ada2147f6df14638ff26ef461e1c77f023318169d59922159b","","8","not-reviewed","false","en; fr; sw","Visual/text review pending; reference scan is not visual approval."
"/assets/img/tools/crop-insurance-calc.webp","tools","placed","fr/insurance/index.html","800","450","30734","ded5281c715afd9da9e5d70b51a30e1d2ccfd8e434b3166bd713e96100d02aa8","","7","not-reviewed","false","en; fr; sw","Visual/text review pending; reference scan is not visual approval."
"/assets/img/tools/crop-insurance.webp","tools","placed","agriculture/crop-insurance/index.html","800","450","15862","6cadde69c9fa27a488c0823fbe7d33b0c68f955722d3980c1bf429a9d6cc02f0","","8","not-reviewed","false","en; fr; sw","Visual/text review pending; reference scan is not visual approval."
"/assets/img/tools/crop-rotation-planner.webp","tools","placed","agriculture/crop-rotation/index.html","600","480","10112","966d621c2b4ca41971eff254e46cda4fa4231b76b80e2f44a2db64ad469414c2","","6","not-reviewed","false","en; fr; sw","Visual/text review pending; reference scan is not visual approval."
"/assets/img/tools/crop-yield-algeria.webp","tools","placed","agriculture/crop-yield/algeria.html","800","450","44362","afeae07250c22102d854540f6a6d38dd477ad41d34b00bba3e1ad1bd49aa08d7","","6","not-reviewed","false","en; fr; sw","Visual/text review pending; reference scan is not visual approval."
"/assets/img/tools/crop-yield-angola.webp","tools","placed","agriculture/crop-yield/angola.html","600","400","11448","96c1613bceaf1e4b0bf29c04cfa0cb2350a2b99d82838cf2cc1d8de5d4d01ecb","","6","not-reviewed","false","en; fr; sw","Visual/text review pending; reference scan is not visual approval."
"/assets/img/tools/crop-yield-benin.webp","tools","placed","agriculture/crop-yield/benin.html","800","450","34002","ca664e216ea172bcac80f26a60ab2117573171b7ac69eb0492af689498d21749","","6","not-reviewed","false","en; fr; sw","Visual/text review pending; reference scan is not visual approval."
"/assets/img/tools/crop-yield-botswana.webp","tools","placed","agriculture/crop-yield/botswana.html","800","450","46598","b0f0da8a667a11197e2720cf61df59e59a564900c7a60e708623662a0e8e4d23","","6","not-reviewed","false","en; fr; sw","Visual/text review pending; reference scan is not visual approval."
"/assets/img/tools/crop-yield-burkina-faso.webp","tools","placed","agriculture/crop-yield/burkina-faso.html","800","450","78200","88f233f2143655b6e0da77e5a907a9e888a8146c0cf18d88db7a45a04fc33bcd","","6","not-reviewed","false","en; fr; sw","Visual/text review pending; reference scan is not visual approval."
"/assets/img/tools/crop-yield-burundi.webp","tools","placed","agriculture/crop-yield/burundi.html","800","450","35208","9d7cc4baa4bdd33b52172881af3f6b75b301e221bd403e5ea34d95b89165a307","","6","not-reviewed","false","en; fr; sw","Visual/text review pending; reference scan is not visual approval."
"/assets/img/tools/crop-yield-cabo-verde.webp","tools","placed","agriculture/crop-yield/cabo-verde.html","800","450","32584","b7ea82099a5f947de8c195ea30189cad51bc64bc1cf3e62888ff72af87938aac","","6","not-reviewed","false","en; fr; sw","Visual/text review pending; reference scan is not visual approval."
"/assets/img/tools/crop-yield-cameroon.webp","tools","placed","agriculture/crop-yield/cameroon.html","600","400","11550","e7a764d03ee99e863626407e30f80345e1dcdcbf21760cc21c059410ab9197bf","","6","not-reviewed","false","en; fr; sw","Visual/text review pending; reference scan is not visual approval."
"/assets/img/tools/crop-yield-central-african-republic.webp","tools","placed","agriculture/crop-yield/central-african-republic.html","800","450","55300","2484129e672de327d544100f6c03c0cbdc35aee1641fe7e00dd97a750c0a39b0","","6","not-reviewed","false","en; fr; sw","Visual/text review pending; reference scan is not visual approval."
"/assets/img/tools/crop-yield-chad.webp","tools","placed","agriculture/crop-yield/chad.html","800","450","57946","354b49a078bcf81d03f3d57a06bf578e0c8160a54afa4444eae6fc1d2c4bac5f","","6","not-reviewed","false","en; fr; sw","Visual/text review pending; reference scan is not visual approval."
"/assets/img/tools/crop-yield-comoros.webp","tools","placed","agriculture/crop-yield/comoros.html","800","450","40034","77a522f685da6d9b1cc1d89f563cae224a645545261b268591e9b2c9f1797087","","6","not-reviewed","false","en; fr; sw","Visual/text review pending; reference scan is not visual approval."
"/assets/img/tools/crop-yield-congo-brazzaville.webp","tools","placed","agriculture/crop-yield/congo-brazzaville.html","800","450","34562","79bd0efd95659546def7d01f46a6820760fbaedb776613355650379a23dc743f","","6","not-reviewed","false","en; fr; sw","Visual/text review pending; reference scan is not visual approval."
"/assets/img/tools/crop-yield-cote-d-ivoire.webp","tools","placed","agriculture/crop-yield/cote-d-ivoire.html","800","450","36454","f561889e8348caea14dc5ee78fd2a646eec9b5b00f66cb0ba1954fcab9d81bb3","","6","not-reviewed","false","en; fr; sw","Visual/text review pending; reference scan is not visual approval."
"/assets/img/tools/crop-yield-djibouti.webp","tools","placed","agriculture/crop-yield/djibouti.html","800","450","58788","04ccbc508999d16c6b06b4289aab2e0540fb7aeb25e63e7613fa6da7f04e76f5","","6","not-reviewed","false","en; fr; sw","Visual/text review pending; reference scan is not visual approval."
"/assets/img/tools/crop-yield-dr-congo.webp","tools","placed","agriculture/crop-yield/dr-congo.html","600","400","11796","c072a55dda5764119ddb9b77723e9287029d8b59080ed25bdf4f0e9e3c4471a4","","6","not-reviewed","false","en; fr; sw","Visual/text review pending; reference scan is not visual approval."
"/assets/img/tools/crop-yield-egypt.webp","tools","placed","agriculture/crop-yield/egypt.html","600","400","19958","37c3d575f4511e075fc4d706d2689bee9196e871d1576176075e9d137664f6a0","","6","not-reviewed","false","en; fr; sw","Visual/text review pending; reference scan is not visual approval."
"/assets/img/tools/crop-yield-equatorial-guinea.webp","tools","placed","agriculture/crop-yield/equatorial-guinea.html","800","450","46838","0c5968f1d79175b07e755d17e1e9510dfba6a790c6cad87de10832a328bdb754","","6","not-reviewed","false","en; fr; sw","Visual/text review pending; reference scan is not visual approval."
"/assets/img/tools/crop-yield-eritrea.webp","tools","placed","agriculture/crop-yield/eritrea.html","800","450","46288","31111938bb54f48a99edd31c65968470cd13844d9768fac2b45989c155eea081","","6","not-reviewed","false","en; fr; sw","Visual/text review pending; reference scan is not visual approval."
"/assets/img/tools/crop-yield-estimator.webp","tools","placed","agriculture/crop-yield/index.html","600","400","16466","e1a2a7a50dd950630d282358461ecea8e1fe799876b478b5ed3a2ada36a56b11","","10","not-reviewed","false","en; fr; sw","Visual/text review pending; reference scan is not visual approval."
"/assets/img/tools/crop-yield-eswatini.webp","tools","placed","agriculture/crop-yield/eswatini.html","800","450","46264","d994d28037764c0fa5499fa1c10de181c1b916df7399d21aedb63185b6c67e26","","6","not-reviewed","false","en; fr; sw","Visual/text review pending; reference scan is not visual approval."
"/assets/img/tools/crop-yield-ethiopia.webp","tools","placed","agriculture/crop-yield/ethiopia.html","600","400","27922","213399c435d9149eac4438d38f1a6952ff8be134ea0427e08a060c79ee206dbb","","6","not-reviewed","false","en; fr; sw","Visual/text review pending; reference scan is not visual approval."
"/assets/img/tools/crop-yield-gabon.webp","tools","placed","agriculture/crop-yield/gabon.html","800","450","60458","fb799f396f4bb290dd6303986fc1313a480a9b7cfd4d952d06fc302082035ca8","","6","not-reviewed","false","en; fr; sw","Visual/text review pending; reference scan is not visual approval."
"/assets/img/tools/crop-yield-gambia.webp","tools","placed","agriculture/crop-yield/gambia.html","800","450","51478","097d3373a999fe1a7b4db80a28d9d75643cbf1451553a9cd20f2b53e6994b173","","6","not-reviewed","false","en; fr; sw","Visual/text review pending; reference scan is not visual approval."
"/assets/img/tools/crop-yield-ghana.webp","tools","placed","agriculture/crop-yield/ghana.html","600","400","30016","4b029a54a8d16fea5677a49d98f7c769ecb9e7107500cb29d090f2c8162a8439","","6","not-reviewed","false","en; fr; sw","Visual/text review pending; reference scan is not visual approval."
"/assets/img/tools/crop-yield-guinea-bissau.webp","tools","placed","agriculture/crop-yield/guinea-bissau.html","800","450","48502","eac08cc36e215aafe7123d866714797f1a33cc2385e1c41f286459def22721df","","6","not-reviewed","false","en; fr; sw","Visual/text review pending; reference scan is not visual approval."
"/assets/img/tools/crop-yield-guinea.webp","tools","placed","agriculture/crop-yield/guinea.html","800","450","36454","b6204b38b2782c9d32f718acccec0981b47ff10e7452d84cbd6b9e8336061259","","6","not-reviewed","false","en; fr; sw","Visual/text review pending; reference scan is not visual approval."
"/assets/img/tools/crop-yield-kenya.webp","tools","placed","agriculture/crop-yield/kenya.html","600","400","28400","4dfd2423ac36c546cb29ecabeca92a80a489fa05b885602c31e9f9045ea938d2","","7","not-reviewed","false","en; fr; sw","Visual/text review pending; reference scan is not visual approval."
"/assets/img/tools/crop-yield-liberia.webp","tools","placed","agriculture/crop-yield/liberia.html","800","450","32748","c399c0a4376bd898a2920e84dcaf9be82634ba9cdb186e4c9cfe2ef3515e5a1f","","6","not-reviewed","false","en; fr; sw","Visual/text review pending; reference scan is not visual approval."
"/assets/img/tools/crop-yield-libya.webp","tools","placed","agriculture/crop-yield/libya.html","800","450","34414","5b49c0f45dc72f4d2f55d0b13a97c792345452da38c49d8754dee658816769a4","","6","not-reviewed","false","en; fr; sw","Visual/text review pending; reference scan is not visual approval."
"/assets/img/tools/crop-yield-madagascar.webp","tools","placed","agriculture/crop-yield/madagascar.html","800","450","53360","6a8acfbf4dd0afdbf54523f1888d16d0e32ce90f5a6b80584f19eac0c0c2e863","","6","not-reviewed","false","en; fr; sw","Visual/text review pending; reference scan is not visual approval."
"/assets/img/tools/crop-yield-malawi.webp","tools","placed","agriculture/crop-yield/malawi.html","800","450","49780","ab25eaa44b571930d5b527dd8dcd2b2ddaec1801e0909deb080328423969084a","","6","not-reviewed","false","en; fr; sw","Visual/text review pending; reference scan is not visual approval."
"/assets/img/tools/crop-yield-morocco.webp","tools","placed","agriculture/crop-yield/morocco.html","600","400","11124","203a337a8cf6a5cdf9c913af4ab362c1da0167198a20f24a9990c6afae744507","","6","not-reviewed","false","en; fr; sw","Visual/text review pending; reference scan is not visual approval."
"/assets/img/tools/crop-yield-mozambique.webp","tools","placed","agriculture/crop-yield/mozambique.html","800","450","79692","3954791a1bdc56910ab3634830b42cd625b1975660f48346009b12905fb4fbd3","","6","not-reviewed","false","en; fr; sw","Visual/text review pending; reference scan is not visual approval."
"/assets/img/tools/crop-yield-namibia.webp","tools","placed","agriculture/crop-yield/namibia.html","800","450","41192","5c5a759a8a7d6687081420aa910c07938837f83459fd16293e3201c5f8af2b64","","6","not-reviewed","false","en; fr; sw","Visual/text review pending; reference scan is not visual approval."
"/assets/img/tools/crop-yield-niger.webp","tools","placed","agriculture/crop-yield/niger.html","800","450","41060","99dec81f639264f24e3b3f34f9ab7f5a727bf004bc26f7c1a93d706ce477c658","","6","not-reviewed","false","en; fr; sw","Visual/text review pending; reference scan is not visual approval."
"/assets/img/tools/crop-yield-nigeria.webp","tools","placed","agriculture/crop-yield/nigeria.html","600","400","25506","2f3132664e46285454df9f4323e96c1d9b5f74ea9c62b4f5b29d46b6da22b88d","","15","not-reviewed","false","en; fr; ha; sw; yo","Visual/text review pending; reference scan is not visual approval."
"/assets/img/tools/crop-yield-rwanda.webp","tools","placed","agriculture/crop-yield/rwanda.html","800","450","50556","d934a72d0fd943c2fa4dbc330744f28f1ac79c6580b85667bdd18dd0c794f9dc","","6","not-reviewed","false","en; fr; sw","Visual/text review pending; reference scan is not visual approval."
"/assets/img/tools/crop-yield-sao-tome-and-principe.webp","tools","placed","agriculture/crop-yield/sao-tome-and-principe.html","800","450","74446","0014b27a85971009cada322f7f541a932b5491e0fab806f821d9f495a5698be6","","6","not-reviewed","false","en; fr; sw","Visual/text review pending; reference scan is not visual approval."
"/assets/img/tools/crop-yield-senegal.webp","tools","placed","agriculture/crop-yield/senegal.html","600","400","11524","131869d97e2ca52723d715571e6f152b9c557b6aba176af02d852c849bc3caa3","","6","not-reviewed","false","en; fr; sw","Visual/text review pending; reference scan is not visual approval."
"/assets/img/tools/crop-yield-seychelles.webp","tools","placed","agriculture/crop-yield/seychelles.html","800","450","53066","5c644874355bd6565d4f76c8091c79407679b4d883d48b6857135f4b2a6a3ed7","","6","not-reviewed","false","en; fr; sw","Visual/text review pending; reference scan is not visual approval."
"/assets/img/tools/crop-yield-sierra-leone.webp","tools","placed","agriculture/crop-yield/sierra-leone.html","800","450","47780","e62a950030c9a7555d42fdfd0df3cbb2924b2354a4738d053785128eb61da030","","6","not-reviewed","false","en; fr; sw","Visual/text review pending; reference scan is not visual approval."
"/assets/img/tools/crop-yield-somalia.webp","tools","placed","agriculture/crop-yield/somalia.html","800","450","39938","eabf381b3a519e3400413b478acb9f02777b0a2be4de8e1b84c1d7ca52351c3e","","6","not-reviewed","false","en; fr; sw","Visual/text review pending; reference scan is not visual approval."
"/assets/img/tools/crop-yield-south-africa.webp","tools","placed","agriculture/crop-yield/south-africa.html","600","400","10732","d6e98f87c89c8a8d078cb133237bcb7dca1688b87c69e5807cdcae9653354060","","6","not-reviewed","false","en; fr; sw","Visual/text review pending; reference scan is not visual approval."
"/assets/img/tools/crop-yield-sudan.webp","tools","placed","agriculture/crop-yield/sudan.html","800","450","37526","e68cb320309e824b15bd654b79d68bf4abf853c7ea63ae42b53c6c97d7b7b549","","6","not-reviewed","false","en; fr; sw","Visual/text review pending; reference scan is not visual approval."
"/assets/img/tools/crop-yield-tanzania.webp","tools","placed","agriculture/crop-yield/tanzania.html","600","400","11618","5480042cd0603303bc71023096a3c6e9acab7c3af65b1df149b0472b13f1a62a","","7","not-reviewed","false","en; fr; sw","Visual/text review pending; reference scan is not visual approval."
"/assets/img/tools/crop-yield-togo.webp","tools","placed","agriculture/crop-yield/togo.html","800","450","45700","aa3994b39633cfad515293e8a4c149c3e2ef6ba3b64d6cd2478da0c559af0111","","6","not-reviewed","false","en; fr; sw","Visual/text review pending; reference scan is not visual approval."
"/assets/img/tools/crop-yield-tunisia.webp","tools","placed","agriculture/crop-yield/tunisia.html","800","450","65510","353b3972e0512cfea925d6fa6ca16afb592b57de10604a55592217bc4e38454a","","6","not-reviewed","false","en; fr; sw","Visual/text review pending; reference scan is not visual approval."
"/assets/img/tools/crop-yield-uganda.webp","tools","placed","agriculture/crop-yield/uganda.html","600","400","13122","dcb31388c6697a466e9233c443e061bd6113492634f5024b46aca41231f3a540","","7","not-reviewed","false","en; fr; sw","Visual/text review pending; reference scan is not visual approval."
"/assets/img/tools/crop-yield-zambia.webp","tools","placed","agriculture/crop-yield/zambia.html","600","400","11574","09876b94a4a0d9ca80d32ed5ab56fa3028ce024d9830f2a33264d9170be575fb","","6","not-reviewed","false","en; fr; sw","Visual/text review pending; reference scan is not visual approval."
"/assets/img/tools/crop-yield-zimbabwe.webp","tools","placed","agriculture/crop-yield/zimbabwe.html","800","450","85372","88c97d5b8a7444bab07fa59bac3279eb01e703b286a2faa7779dc0a0ed6f60f4","","6","not-reviewed","false","en; fr; sw","Visual/text review pending; reference scan is not visual approval."
"/assets/img/tools/crop-yield.webp","tools","placed","data/localization/fr-agriculture-parity-manifest.json","800","450","33238","918ca0603b3c4c606739bf8592cfd9126cec59d13569babb3c7403843a6466ed","","8","not-reviewed","false","en; fr; sw","Visual/text review pending; reference scan is not visual approval."
"/assets/img/tools/cross-border-data.webp","tools","placed","fr/tools/checklist-transfert-donnees/index.html","800","450","41714","c67eae33ccc26b96dbd0df761ca4cd4d4af81def34e0f26e57fbac80b61406ce","","5","not-reviewed","false","en; fr; sw","Visual/text review pending; reference scan is not visual approval."
"/assets/img/tools/crypto-address.webp","tools","placed","crypto/address-validator/index.html","800","450","26582","95bb927566b5e2516943f0c4233b37c1ae1d5f9321d15e2895930bac7b2de502","","6","not-reviewed","false","en; fr; sw","Visual/text review pending; reference scan is not visual approval."
"/assets/img/tools/crypto-arbitrage.webp","tools","placed","crypto/arbitrage/index.html","1672","941","48330","f764a3b371655be4c8ec1c603dcace4ee55f60f5623c1bbb9d3010eb9890752c","","6","not-reviewed","false","en; sw","Visual/text review pending; reference scan is not visual approval."
"/assets/img/tools/crypto-cgt.webp","tools","placed","data/localization/sw-financial-shard-a-candidate.json","800","450","29914","54d6d60e018b95947224f013640535ec2eaee47d7df7d2010e5aac2710a411f4","","8","not-reviewed","false","en; fr; sw","Visual/text review pending; reference scan is not visual approval."
"/assets/img/tools/crypto-contract.webp","tools","placed","crypto/contract-scanner/index.html","800","450","23100","4879b5a3c2d9ba104a1f188a891ad0e1000dfb96b4b24ea881c2ccb66c4ac94e","","7","not-reviewed","false","en; fr; sw","Visual/text review pending; reference scan is not visual approval."
"/assets/img/tools/crypto-dca.webp","tools","placed","crypto/dca-calculator/index.html","800","450","18944","d3ccba784cffb5dc112147a210b8ad8d7b4d2fa00628890933bc19d1fee5148d","","7","not-reviewed","false","en; fr; sw","Visual/text review pending; reference scan is not visual approval."
"/assets/img/tools/crypto-exchange.webp","tools","placed","crypto/exchange-ratings/index.html","800","450","36326","ad028e51deb47b90927d5c8eb569e48d1aff31e95f33492850403b8915a3f8d0","","7","not-reviewed","false","en; fr; sw","Visual/text review pending; reference scan is not visual approval."
"/assets/img/tools/crypto-mining.webp","tools","placed","crypto/mining-calculator/index.html","800","450","29348","7dfc70217d2baa70526552409e550bc25faebe9faa7fdbb433c26f31e549cbdb","","7","not-reviewed","false","en; fr; sw","Visual/text review pending; reference scan is not visual approval."
"/assets/img/tools/crypto-p2p.webp","tools","placed","crypto/p2p-rates/index.html","800","450","18644","413981b672153b1c59d55c430e5483fde16d7e026fef154f35493613028f5660","","7","not-reviewed","false","en; fr; sw","Visual/text review pending; reference scan is not visual approval."
"/assets/img/tools/crypto-portfolio.webp","tools","placed","crypto/portfolio/index.html","800","450","20836","8899e447cc28301f457e6c2bbee020126436a93da668c6c3322ebe9b5cf8aee9","","7","not-reviewed","false","en; fr; sw","Visual/text review pending; reference scan is not visual approval."
"/assets/img/tools/crypto-prices.webp","tools","placed","crypto/prices/index.html","800","450","20490","05a674e82e2dc5ec3c6ccaa444141acaff3d53fd3a0de1d69ae0da8394d5eb50","","9","not-reviewed","false","en; fr; sw","Visual/text review pending; reference scan is not visual approval."
"/assets/img/tools/crypto-profit.webp","tools","placed","crypto/profit-calculator/index.html","800","450","18488","d7460da97f7feaaeec44a692a0007817f5c0f4fb836784c57ce53d24a8ea0d85","","7","not-reviewed","false","en; fr; sw","Visual/text review pending; reference scan is not visual approval."
"/assets/img/tools/crypto-quiz.webp","tools","placed","crypto/quiz/index.html","800","450","29648","86f8eb324249adac1b88471bf2474f00462d1507e7c92b03ab46fbfc638356ff","","7","not-reviewed","false","en; fr; sw","Visual/text review pending; reference scan is not visual approval."
"/assets/img/tools/crypto-remittance.webp","tools","placed","crypto/remittance/index.html","800","450","23346","c41cb8174f4bfafbce6d16700ccd1e395cb8565d45363da872e1cb7201c140c3","","7","not-reviewed","false","en; fr; sw","Visual/text review pending; reference scan is not visual approval."
"/assets/img/tools/crypto-scam.webp","tools","placed","crypto/scam-checker/index.html","800","450","18814","b0dfc0d8de13ad29d0c95b8926de1ca81bee76f215ae9f23191b5eaf91f3c6eb","","7","not-reviewed","false","en; fr; sw","Visual/text review pending; reference scan is not visual approval."
"/assets/img/tools/crypto-stablecoins.webp","tools","placed","crypto/stablecoins/index.html","800","450","18226","c346448710e6693687cc7b63f294fbc7393598c8231e5625e5a568693194cd4d","","7","not-reviewed","false","en; fr; sw","Visual/text review pending; reference scan is not visual approval."
"/assets/img/tools/crypto-tax-africa.svg","tools","placed","blog/index.html","600","400","1646","739955a5e16f34aa2bead0d9dda6c65db62a4cf7d2f42b02b1555f60344b0983","","3","contains-text","false","en","Visual/text review pending; reference scan is not visual approval."
"/assets/img/tools/crypto-tax.svg","tools","placed","blog/index.html","600","400","1501","65d66929df31d89440799af4759b1583c1f777efe40a4c11704b866e06f92d27","","2","contains-text","false","en","Visual/text review pending; reference scan is not visual approval."
"/assets/img/tools/crypto-tax.webp","tools","retired-alternative","/assets/img/tools/crypto-tax.svg","800","450","19926","cadaf20dda06810e57becdc313b34128cf0fea3c92cfdccaa87f89346dc36ba6","","0","not-reviewed","false","","Unused alternate illustration. Existing tool/card artwork remains canonical; retain this variant under its original subject, without creating duplicate locale artwork bindings."
"/assets/img/tools/csection-vs-natural.webp","tools","placed","fr/health/index.html","800","450","29964","6dbcbd93dc6e172103a7f64e6b49e57238ebdd7d1fdd41cd933057fc49904d5d","","8","not-reviewed","false","en; fr; sw","Visual/text review pending; reference scan is not visual approval."
"/assets/img/tools/css-gradient.svg","tools","retired-alternative","/assets/img/tools/css-gradient.webp","600","400","1503","1934191eef7a876c41ebb83924df7837b1744dbb2f1fbc5d227f3be7876be067","","0","contains-text","false","","Legacy English text card. Retain as an old design variant; current shared registry owns discovery artwork. Do not share embedded English headings across translated pages."
"/assets/img/tools/css-gradient.webp","tools","placed","data/localization/fr-developer-parity-manifest.json","800","450","12108","4401b6ec5beef6354c8c0e2a5995a90d6fd21cc67b1593930afe89ad6c0eac15","","7","not-reviewed","false","en; fr; sw","Visual/text review pending; reference scan is not visual approval."
"/assets/img/tools/currency-converter.webp","tools","placed","blog/index.html","600","400","10040","a39d2bda92d37f11cdaea1427447f05e54822a86b537903fe7a5561728476663","","15","not-reviewed","false","en; fr; ha; sw","Visual/text review pending; reference scan is not visual approval."
"/assets/img/tools/customs-time.webp","tools","placed","blog/customs-clearance-documents-africa-2026/index.html","800","450","26732","d677313fb9be5fc253aa259927c69ebcb5e856427dd181e0b457c56712843f1e","","9","not-reviewed","false","en; fr; sw","Visual/text review pending; reference scan is not visual approval."
"/assets/img/tools/cv-builder.webp","tools","placed","ai/career/index.html","600","400","4962","243f4e8b85038f28528e0b6de6a4a71aec25062fab246e1f4d452ffe5fc3746f","","16","not-reviewed","false","en; fr; ha; sw","Visual/text review pending; reference scan is not visual approval."
"/assets/img/tools/cv-paye.webp","tools","placed","cape-verde/cv-paye.html","600","400","26354","a7ca57ce6add600035434b529b04766a8b54c32df8016f6ba73e83ba7d1377df","","10","not-reviewed","false","en; fr; sw","Visual/text review pending; reference scan is not visual approval."
"/assets/img/tools/cv-vat.webp","tools","placed","cape-verde/cv-vat.html","600","400","18896","98fa2d5814a16fc1c1bccab3985c998b5d2ae32a8219be47a24bb783b929ef50","","7","not-reviewed","false","en; fr; sw","Visual/text review pending; reference scan is not visual approval."
"/assets/img/tools/cybersecurity-assessment.webp","tools","placed","fr/tools/evaluation-risque-cybersecurite/index.html","800","450","25358","05f21dca9ac5f044710150cc20e257609ee879abeefccd4cc2e1c197af06479e","","6","not-reviewed","false","en; fr; sw","Visual/text review pending; reference scan is not visual approval."
"/assets/img/tools/data-breach-cost.webp","tools","placed","fr/tools/cout-violation-donnees/index.html","800","450","17516","ed08d11ea56ee5108728e821da6dd59ca1af6a43f9a4ea7adaf50c44b673d487","","6","not-reviewed","false","en; fr; sw","Visual/text review pending; reference scan is not visual approval."
"/assets/img/tools/data-compliance.svg","tools","retired-alternative","/assets/img/tools/data-compliance.webp","600","400","1645","0450b8d642756abbdcf0b763f921e41e649d3515c12f444bb73c3ad272f10816","","0","contains-text","false","","Legacy English text card. Retain as an old design variant; current shared registry owns discovery artwork. Do not share embedded English headings across translated pages."
"/assets/img/tools/data-compliance.webp","tools","placed","data/registry/french-mortgage-property.json","800","450","21124","3437915c364884a6971f8a6a8a3d93f93db55d4ef6184fb3e3f48955f869acce","","9","not-reviewed","false","en; fr; sw","Visual/text review pending; reference scan is not visual approval."
"/assets/img/tools/data-converter.svg","tools","placed","fr/tools/convertisseur-donnees/index.html","600","400","1503","53b2b5e0b77722c7914530e94f31d4889cca03adcf95cb533156d354aede0af7","","2","contains-text","false","en; fr","Visual/text review pending; reference scan is not visual approval."
"/assets/img/tools/data-converter.webp","tools","placed","data/localization/fr-developer-parity-manifest.json","800","450","15226","6cb967fe6a27d78d752984f9bb5a80ae14850e9308c80bb3acc62d0c1d751f92","","4","not-reviewed","false","en; fr; sw","Visual/text review pending; reference scan is not visual approval."
"/assets/img/tools/dca-calc.webp","tools","placed","fr/tools/dca-investissement/index.html","600","400","12822","00f787e4c5e5e59389a8e33eb78693e847a04f603306fc299b8e6289ec3e9244","","6","not-reviewed","false","en; fr; sw","Visual/text review pending; reference scan is not visual approval."
"/assets/img/tools/debt-snowball.webp","tools","placed","data/localization/fr-fintech-banking-pages/debt-snowball.html","600","400","8002","322827343da8812bdff5f63f525d7e17b8ce6b586369be940a9daaa5303d95eb","","9","not-reviewed","false","en; fr; sw","Visual/text review pending; reference scan is not visual approval."
"/assets/img/tools/deforestation.webp","tools","placed","data/localization/fr-climate-parity-manifest.json","800","450","40596","25496da3c8dfc86b3c37ea1a9ea803e7e3133ff0c2df3cc86665391d90021d67","","8","not-reviewed","false","en; fr; sw","Visual/text review pending; reference scan is not visual approval."
"/assets/img/tools/degree-checker.svg","tools","retired-alternative","/assets/img/tools/degree-checker.webp","600","400","1649","d5e82987273368d697037177b7590e5af2684d6c157cfbd7def811b2c91170a8","","0","contains-text","false","","Legacy English text card. Retain as an old design variant; current shared registry owns discovery artwork. Do not share embedded English headings across translated pages."
"/assets/img/tools/degree-checker.webp","tools","placed","data/localization/fr-education-parity.json","600","400","7318","ca5e83e57594548acaff823fb6d004251c051cd3921cff3f3e1301d4d6808c12","","7","not-reviewed","false","en; fr; sw","Visual/text review pending; reference scan is not visual approval."
"/assets/img/tools/delivery-cost.webp","tools","placed","fr/tools/cout-livraison/index.html","800","450","19318","f042f6dc7afcdf702a440d90aead54a267c1f61e4cfa30050cdc614aca31e0a1","","7","not-reviewed","false","en; fr; sw","Visual/text review pending; reference scan is not visual approval."
"/assets/img/tools/demurrage-calculator.webp","tools","placed","fr/tools/calculateur-surestaries/index.html","800","450","29312","e95c020087fd63d48f4bbd93b20f2442ce355d395aecf496184ddb1295825224","","6","not-reviewed","false","en; fr; sw","Visual/text review pending; reference scan is not visual approval."
"/assets/img/tools/dental-cost.webp","tools","placed","fr/health/index.html","800","450","18414","f8ba6dec9828f1b1de6ce318abb4c2913c6c7ec848789894284c908dd044a82e","","8","not-reviewed","false","en; fr; sw","Visual/text review pending; reference scan is not visual approval."
"/assets/img/tools/dev-feasibility.webp","tools","placed","data/registry/french-mortgage-property.json","800","450","38284","d446f2c22717525dc0586f739de12595b755b61a2ce8b913347bb19932d0fbe8","","9","not-reviewed","false","en; fr; sw","Visual/text review pending; reference scan is not visual approval."
"/assets/img/tools/dev-tools.webp","tools","placed","data/localization/fr-developer-parity-manifest.json","800","450","17808","eaa65ea8c4ac3c690bca784e25b66e7acbe6ff112c54f34a2eeb512f2acfd37c","","7","not-reviewed","false","en; fr; sw","Visual/text review pending; reference scan is not visual approval."
"/assets/img/tools/diabetes-risk.svg","tools","retired-alternative","/assets/img/tools/diabetes-risk.webp","600","400","1501","ffbf136f8c9f2339cd27476f057edddbbb26f2402cb672bd9ac6827b08311f7c","","0","contains-text","false","","Legacy English text card. Retain as an old design variant; current shared registry owns discovery artwork. Do not share embedded English headings across translated pages."
"/assets/img/tools/diabetes-risk.webp","tools","placed","fr/health/index.html","800","450","16868","fcbedaa6a01067a50c1acca3c789232c9de6d11f634a9507c92e180bd2e8ec61","","7","not-reviewed","false","en; fr; sw","Visual/text review pending; reference scan is not visual approval."
"/assets/img/tools/diamond-valuation.webp","tools","placed","fr/mining/index.html","1200","1200","123702","6c95b111b5200ff8ccf8ce57122a93d070fca73876a7f8112181ba31fba38563","","7","text-free-reviewed","true","en; fr; sw","Visual contact-sheet review. These existing conceptual tool illustrations have no visible language-specific headings; labels belong in the page. Reuse for the same tool only."
"/assets/img/tools/diaspora-guide.svg","tools","placed","blog/index.html","600","400","1506","e278a6c1274b72043fe8ca13695152e454e904dde69216abfcadb48aeb247843","","1","contains-text","false","en","Visual/text review pending; reference scan is not visual approval."
"/assets/img/tools/diaspora-guide.webp","tools","placed","blog/nigerian-diaspora-tax/index.html","800","450","20882","6d2e1d765492e0cef77207f771a36dcabfedbad8939deff040c56d97c1ef5f73","","12","not-reviewed","false","en; fr; sw","Visual/text review pending; reference scan is not visual approval."
"/assets/img/tools/diaspora-property.webp","tools","placed","data/registry/french-mortgage-property.json","800","450","21198","e9d7222ab111c96637f796d4f65bf630918a0b94d7134568e52bba4be07b15ee","","9","not-reviewed","false","en; fr; sw","Visual/text review pending; reference scan is not visual approval."
"/assets/img/tools/diesel-vs-solar-farm.webp","tools","placed","fr/energy/index.html","800","450","32470","78e17e10554df1fa183669f7d9252d01e3a191ec34cca20334c88401971de337","","8","not-reviewed","false","en; fr; sw","Visual/text review pending; reference scan is not visual approval."
"/assets/img/tools/diff-checker.svg","tools","retired-alternative","/assets/img/tools/diff-checker.webp","600","400","1503","816785fb027bbda3c0b50513ac0f198c01a382da64ba83e129c91d27e719d5c0","","0","contains-text","false","","Legacy English text card. Retain as an old design variant; current shared registry owns discovery artwork. Do not share embedded English headings across translated pages."
"/assets/img/tools/diff-checker.webp","tools","placed","data/localization/fr-developer-parity-manifest.json","800","450","16142","bc83607ccc22f72487e1c4e280ae60dbe5ba0a314d2e38c6fb41bfe6948636c7","","8","not-reviewed","false","en; fr; sw","Visual/text review pending; reference scan is not visual approval."
"/assets/img/tools/digital-lending.webp","tools","placed","data/localization/fr-fintech-banking-pages/digital-lending.html","800","450","19578","914314471f6b126fa95921744fd93f6e253e63fa1b0a52b14627c2675f6d5818","","8","not-reviewed","false","en; fr; sw","Visual/text review pending; reference scan is not visual approval."
"/assets/img/tools/discount-calc.svg","tools","placed","fr/tools/calculateur-remise/index.html","600","400","1504","2e8b91661228de272f0f1fa5b5ac1ed1047ef1d05d0c9a5704f23957ab98ef67","","3","contains-text","false","en; fr; sw","Visual/text review pending; reference scan is not visual approval."
"/assets/img/tools/discount-calc.webp","tools","placed","data/localization/sw-ecommerce-parity-manifest.json","800","450","51180","7677d94ef018f752c15077479ca284603a601e943b87b1f6c71d9f5e9352b326","","4","not-reviewed","false","en; fr; sw","Visual/text review pending; reference scan is not visual approval."
"/assets/img/tools/dividend-yield.webp","tools","placed","fr/tools/rendement-dividendes/index.html","600","400","9116","1237da7992309a3e42f09153bd2669ef1cb6f820e562d59e3be054e023a0a325","","6","not-reviewed","false","en; fr; sw","Visual/text review pending; reference scan is not visual approval."
"/assets/img/tools/divorce-settlement.webp","tools","placed","data/registry/french-mortgage-property.json","800","450","35128","00c50d8c67f579172571222819496a800556b8efb9d1142956d5372683bc6cde","","9","not-reviewed","false","en; fr; sw","Visual/text review pending; reference scan is not visual approval."
"/assets/img/tools/dj-booking-rate.webp","tools","placed","blog/dj-pricing-guide-nigeria/index.html","800","450","22394","8da3dbb572037bf3343249ba17d49055401bc43956805588ff34fc7b7078c7c3","","11","not-reviewed","false","en; fr; sw","Visual/text review pending; reference scan is not visual approval."
"/assets/img/tools/dj-paye.webp","tools","placed","data/localization/sw-financial-shard-a-candidate.json","600","400","24760","fff95181c775da8a2fa587e025bde60345a3f3499671f1243b1af11138880f14","","10","not-reviewed","false","en; fr; sw","Visual/text review pending; reference scan is not visual approval."
"/assets/img/tools/dj-vat.webp","tools","placed","data/localization/sw-ecommerce-parity-manifest.json","600","400","18838","ad6f8ab0ff78f9ffd55d4fb9b0de78d3aa50e8d2b9b72bd12ad17fb751a53b1f","","7","not-reviewed","false","en; fr; sw","Visual/text review pending; reference scan is not visual approval."
"/assets/img/tools/docker-compose-gen.webp","tools","placed","data/localization/fr-developer-parity-manifest.json","800","450","42196","0b1760f4f2d27e5553291939be1756640049f8ac10405b7c9a600ef39becdcaf","","5","not-reviewed","false","en; fr; sw","Visual/text review pending; reference scan is not visual approval."
"/assets/img/tools/document-pdf.webp","tools","placed","assets/js/pages/fr-document-pdf-artwork.js","800","450","21648","263577d002add0c4f87396231c4451a07a0b81bdc64ed605b2b76f471cd02786","","4","not-reviewed","false","en","Visual/text review pending; reference scan is not visual approval."
"/assets/img/tools/domestic-worker.webp","tools","placed","data/localization/fr-hr-payroll-parity.json","800","450","50008","a39fd165047bbeba75360aeaf52f93ec5c996663cde186b7c349b1ef8662973f","","37","not-reviewed","false","en; fr; sw","Visual/text review pending; reference scan is not visual approval."
"/assets/img/tools/dpa-generator.webp","tools","placed","data/registry/french-mortgage-property.json","800","450","27328","b863d769123aeb01ba11fe6581478a069b5e032729c7709d112ba7863e0410ec","","9","not-reviewed","false","en; fr; sw","Visual/text review pending; reference scan is not visual approval."
"/assets/img/tools/dpia-tool.webp","tools","placed","data/registry/french-mortgage-property.json","800","450","27694","1f783099cadd2f21413358a0d44b3455a92fb68e2ac52654727bb2887f7261c1","","9","not-reviewed","false","en; fr; sw","Visual/text review pending; reference scan is not visual approval."
"/assets/img/tools/drought-risk.webp","tools","placed","data/localization/fr-climate-parity-manifest.json","800","450","21888","b8bc1d636b5dbcc8e369db196eeb685773ce36ccaee28d89967aea4247fee9fe","","9","not-reviewed","false","en; fr; ha; sw","Visual/text review pending; reference scan is not visual approval."
"/assets/img/tools/drug-dosage.svg","tools","retired-alternative","/assets/img/tools/drug-dosage.webp","600","400","1505","1ef5422c368eaea16fc556316d711c72684a3fe2bca94e2e3d1c97ee96ca3cc5","","0","contains-text","false","","Legacy English text card. Retain as an old design variant; current shared registry owns discovery artwork. Do not share embedded English headings across translated pages."
"/assets/img/tools/drug-dosage.webp","tools","placed","fr/health/index.html","800","450","20944","c0259fed6d0a00df50b40420be98584d85e650cb71bf7340e737993c46c45c46","","7","not-reviewed","false","en; fr; sw","Visual/text review pending; reference scan is not visual approval."
"/assets/img/tools/drug-price-compare.webp","tools","placed","fr/health/index.html","800","450","19656","3e44c79e8058f8148e6629a2834f1e48004517a0391d71aea2a6999a4040f867","","10","not-reviewed","false","en; fr; ha; sw","Visual/text review pending; reference scan is not visual approval."
"/assets/img/tools/due-date-tools.webp","tools","placed","fr/health/index.html","800","450","10450","9a63f0a7e6dddc9149947ccdb603ed09f164c6babd8b79dcec08f3e501430827","","6","not-reviewed","false","en; fr; sw","Visual/text review pending; reference scan is not visual approval."
"/assets/img/tools/due-date.svg","tools","retired-alternative","/assets/img/tools/due-date.webp","600","400","1643","79ed9f7ffa8f17c4e0855b9819c1070138ebee46e7352335cf3e5fa5f9b700f6","","0","contains-text","false","","Legacy English text card. Retain as an old design variant; current shared registry owns discovery artwork. Do not share embedded English headings across translated pages."
"/assets/img/tools/due-date.webp","tools","placed","fr/health/index.html","800","450","13944","1444ce118170c10b6eadce63dab442816d6aecf22f329eba5e3e60b1e1fbb2f7","","9","not-reviewed","false","en; fr; sw","Visual/text review pending; reference scan is not visual approval."
"/assets/img/tools/dz-paye.webp","tools","placed","algeria/dz-paye.html","600","400","10266","b4369f1aa17918667ef7d8192859565aaa7580517baec9b4c79c26a71d5a37ea","","10","not-reviewed","false","en; fr; sw","Visual/text review pending; reference scan is not visual approval."
"/assets/img/tools/dz-vat.webp","tools","placed","algeria/dz-vat.html","600","400","19312","00493d7bf8841639ac84407d99d5ec7b2fa864683e2e194c249f4d55c4b80e84","","7","not-reviewed","false","en; fr; sw","Visual/text review pending; reference scan is not visual approval."
"/assets/img/tools/eac-cet.webp","tools","placed","fr/tools/tec-eac/index.html","800","450","28848","3d12bed4af878f798922c0da5f75a77f3c64c3d763ef5f935d22669fd95a3269","","6","not-reviewed","false","en; fr; sw","Visual/text review pending; reference scan is not visual approval."
"/assets/img/tools/ebola-checklist.webp","tools","placed","fr/health/index.html","800","450","37258","e31f56b77060082a410bcaf49a28a9b4a6a864d8c4ec63a6c2e57ae170eca73c","","8","not-reviewed","false","en; fr; sw","Visual/text review pending; reference scan is not visual approval."
"/assets/img/tools/ecowas-levy.webp","tools","placed","sw/zana/tozo-ya-ecowas/index.html","800","450","25562","fa31dcbe86d7fa8dea8998d12326d28b98a33d7977d4a09bf31552bfb099f878","","4","not-reviewed","false","en; sw","Visual/text review pending; reference scan is not visual approval."
"/assets/img/tools/edu-savings.webp","tools","placed","data/localization/fr-education-parity.json","800","450","27724","a2321d747a888cfed645ca8cede7a88bd3d50e2e0096d7bb33fb1886d5cde45a","","7","not-reviewed","false","en; fr; sw","Visual/text review pending; reference scan is not visual approval."
"/assets/img/tools/education-hub.webp","tools","placed","data/localization/fr-education-parity.json","600","400","28122","fd8493cf330c37859bcf9d36cf46765467653aa724e6ef23a0bd4138ba16bc79","","12","not-reviewed","false","en; fr; ha; sw; yo","Visual/text review pending; reference scan is not visual approval."
"/assets/img/tools/eg-paye.webp","tools","placed","blog/index.html","600","400","8716","8ac90aade167cbb3d90e37b62b11ecb90965c2f8df3ddf29bdae96ba07e9d3bd","","13","not-reviewed","false","en; fr; sw","Visual/text review pending; reference scan is not visual approval."
"/assets/img/tools/eg-vat.webp","tools","placed","blog/egypt-vat-guide-2026/index.html","600","400","17298","50f025362ca6654c6cede50fa01c825560e1006032b3780207ade94ab1a89b1e","","10","not-reviewed","false","en; fr; sw","Visual/text review pending; reference scan is not visual approval."
"/assets/img/tools/electrical-load.svg","tools","retired-alternative","/assets/img/tools/electrical-load.webp","600","400","1509","95a84a9e9c914a044e87e60410a216277cad4dd056e0109a854480017089694c","","0","contains-text","false","","Legacy English text card. Retain as an old design variant; current shared registry owns discovery artwork. Do not share embedded English headings across translated pages."
"/assets/img/tools/electrical-load.webp","tools","placed","fr/ingenierie/index.html","800","450","29332","daaec990631f5f09560494a09c564e16145a71fbaa3afd26e08d19a0dbd4efc5","","7","not-reviewed","false","en; fr; sw","Visual/text review pending; reference scan is not visual approval."
"/assets/img/tools/electricity-bill-verify.webp","tools","placed","fr/energy/index.html","800","450","21324","37e8f7205b9ad8dd56f9d65a6672178621c0adc22ab1fc2c14cc5ad12ec376e5","","7","not-reviewed","false","en; fr; sw","Visual/text review pending; reference scan is not visual approval."
"/assets/img/tools/electricity-estimator.svg","tools","placed","blog/index.html","600","400","1504","47964adb4631512cc7df2fbd72dac3f5468d0b1c27b45db2f9227358457b8674","","1","contains-text","false","en","Visual/text review pending; reference scan is not visual approval."
"/assets/img/tools/electricity-estimator.webp","tools","placed","blog/nigeria-electricity-tariff/index.html","800","450","25876","50f945163b42ec47f9258d7aedfe8119407d87a07d6ead1daef112ad70fde850","","12","not-reviewed","false","en; fr; sw","Visual/text review pending; reference scan is not visual approval."
"/assets/img/tools/electricity-tariff.webp","tools","placed","blog/index.html","800","450","15994","20d1aaa20f0363f384e9f7c86fad7b9b9a2d33b25cf68838c541ba3ed2f66d5a","","10","not-reviewed","false","en; fr; sw","Visual/text review pending; reference scan is not visual approval."
"/assets/img/tools/eligibilite-pret-immobilier-fr.webp","tools","retired-alternative","/fr/tools/eligibilite-pret-immobilier/","800","450","45080","78d064f5a7bc5c47bb9b2bad237bfdc3fbcc2f4b7c4c2a21519466c602e422fc","","0","not-reviewed","false","","Unused alternate illustration. Existing tool/card artwork remains canonical; retain this variant under its original subject, without creating duplicate locale artwork bindings."
"/assets/img/tools/emergency-fund.webp","tools","placed","data/localization/fr-fintech-banking-pages/emergency-fund.html","600","400","7250","a92ed66b52d4fe99a4c41fed4b40f625875177bd8fbba8e77ca4b6619570d7fe","","8","not-reviewed","false","en; fr; sw","Visual/text review pending; reference scan is not visual approval."
"/assets/img/tools/employee-cost.webp","tools","placed","data/localization/fr-hr-payroll-parity.json","800","450","22740","9204bbf16ba5b468534037ac62aae2f3df905ba2da5a91d0f52c42bc0503271a","","117","not-reviewed","false","en; fr; sw","Visual/text review pending; reference scan is not visual approval."
"/assets/img/tools/employment-contract.svg","tools","retired-alternative","/assets/img/tools/employment-contract.webp","600","400","1503","45325851cc8078c35467db320cead6cf0d29e97a796cb11df4cfc35209128e96","","0","contains-text","false","","Legacy English text card. Retain as an old design variant; current shared registry owns discovery artwork. Do not share embedded English headings across translated pages."
"/assets/img/tools/employment-contract.webp","tools","placed","data/registry/french-mortgage-property.json","800","450","21188","44c3e4a90e64929e21541caa0450415ab0d39c2cccd59ea188b8266bcc6fd16a","","63","not-reviewed","false","en; fr; sw","Visual/text review pending; reference scan is not visual approval."
"/assets/img/tools/energy-audit.webp","tools","placed","fr/energy/index.html","800","450","20078","370731254411cf609f09a104f3184a0884e0d5b09cd0338357a8448455942f26","","7","not-reviewed","false","en; fr; sw","Visual/text review pending; reference scan is not visual approval."
"/assets/img/tools/engagement-rate.webp","tools","placed","data/localization/sw-creative-parity-manifest.json","800","450","34958","10b202a3e997bd750d753b94f8223696dfd66538548f3113d7cc4e80faf18bab","","8","not-reviewed","false","en; fr; sw","Visual/text review pending; reference scan is not visual approval."
"/assets/img/tools/er-paye.webp","tools","placed","data/localization/sw-financial-shard-a-candidate.json","600","400","27020","d7ff21803f633d376101d1d45b83f7dbe4bb734ffa982474e90883d28160cb94","","10","not-reviewed","false","en; fr; sw","Visual/text review pending; reference scan is not visual approval."
"/assets/img/tools/er-vat.webp","tools","placed","data/localization/sw-financial-shard-a-candidate.json","600","400","27020","d7ff21803f633d376101d1d45b83f7dbe4bb734ffa982474e90883d28160cb94","/assets/img/tools/er-paye.webp","8","not-reviewed","false","en; fr; sw","Visual/text review pending; reference scan is not visual approval."
"/assets/img/tools/et-paye.webp","tools","placed","data/registry/french-finance-tax-market-data.json","600","400","11110","9d019ad2d933c0fdea2cd785191ed530776021a6c6611acaad452ed11214ef3c","","9","not-reviewed","false","en; fr; sw","Visual/text review pending; reference scan is not visual approval."
"/assets/img/tools/et-vat.webp","tools","placed","blog/ethiopia-vat-guide-2026/index.html","600","400","17684","9462728bf4303451df899df3e829795b3c8188215f4ee7ca24c13d28bbbdd426","","9","not-reviewed","false","en; fr; sw","Visual/text review pending; reference scan is not visual approval."
"/assets/img/tools/etims-guide.svg","tools","placed","sw/zana/mwongozo-wa-etims-kra/index.html","1200","630","1343","43bdc75fbc7964a57784e51519a2856ac713001b526e5651f53a59033ecd3298","","1","contains-text","false","sw","Visual/text review pending; reference scan is not visual approval."
"/assets/img/tools/ev-charging.webp","tools","placed","fr/energy/index.html","800","450","36726","1a0d095fabbb4d42f024efd91f93e1417a869af669ce543cff5c7727c143d140","","8","not-reviewed","false","en; fr; sw","Visual/text review pending; reference scan is not visual approval."
"/assets/img/tools/event-decoration-cost.webp","tools","placed","data/localization/fr-small-business-parity.json","800","450","28180","60c19e3cfc62862f16561b7a4d2bb2ca2cc9387412673091d208909d2418a473","","7","not-reviewed","false","en; fr; sw","Visual/text review pending; reference scan is not visual approval."
"/assets/img/tools/event-ticket-revenue.webp","tools","placed","blog/event-ticket-revenue-calculator-nigeria/index.html","1672","941","79536","684490931ca7654f38ed172a253a870a61187769e38d25c7fbbe1c1b314e9d44","","11","not-reviewed","false","en; fr; sw","Visual/text review pending; reference scan is not visual approval."
"/assets/img/tools/ewaste-value.webp","tools","placed","data/localization/fr-climate-parity-manifest.json","800","450","22424","4c372b32870501d66d68936dadde20aec7f92eed7306eb49b40897f0b7a95cfd","","7","not-reviewed","false","en; fr; sw","Visual/text review pending; reference scan is not visual approval."
"/assets/img/tools/exam-countdown.svg","tools","retired-alternative","/assets/img/tools/exam-countdown.webp","600","400","1500","e14e8a6caf2d50147d4ce9b48929fa3cc6429853929d070bc3f2e475c863c6c1","","0","contains-text","false","","Legacy English text card. Retain as an old design variant; current shared registry owns discovery artwork. Do not share embedded English headings across translated pages."
"/assets/img/tools/exam-countdown.webp","tools","placed","data/localization/fr-education-parity.json","600","400","5966","1a29fb14758458e39af388a619c112064155e91a92d48851444437b6c45d227b","","7","not-reviewed","false","en; fr; sw","Visual/text review pending; reference scan is not visual approval."
"/assets/img/tools/exam-timetable.webp","tools","placed","data/localization/fr-education-parity.json","800","450","25124","7e9df099e72f27a41252f4ef9c5e73ca91d939f44f6ac44d4fa4b60161eaa1cb","","7","not-reviewed","false","en; fr; sw","Visual/text review pending; reference scan is not visual approval."
"/assets/img/tools/export-docs-trade.webp","tools","placed","blog/bill-of-lading-checklist-africa/index.html","800","450","36874","3cc4dd86638ac880cf2049d81ce3f5e21e214db65bd4282d4a9fc2fe21b3ed6e","","10","not-reviewed","false","en; fr; sw","Visual/text review pending; reference scan is not visual approval."
"/assets/img/tools/export-docs.webp","tools","placed","agriculture/export-docs/index.html","800","450","27080","29edb895b51e434dab2e4776b1d417ea727b1c4dcf319fbcd7da4b09df4cee4b","","6","not-reviewed","false","en; fr; sw","Visual/text review pending; reference scan is not visual approval."
"/assets/img/tools/eye-care-cost.webp","tools","placed","fr/health/index.html","800","450","23050","fe5d859b52abf7925b2118756e1f8742d5d588b77463d43c733d34bee9ea0d11","","7","not-reviewed","false","en; fr; sw","Visual/text review pending; reference scan is not visual approval."
"/assets/img/tools/fabric-cost.webp","tools","placed","data/localization/fr-uniquely-african-parity-manifest.json","800","450","27428","eaab650bc690bca0c88908f1d53f04bae65ff09c877195f2964900cdd224f3bb","","9","not-reviewed","false","en; fr; sw","Visual/text review pending; reference scan is not visual approval."
"/assets/img/tools/factory-setup-cost.webp","tools","placed","data/localization/fr-small-business-parity.json","800","450","35804","cc3effff60e15a55b5ad4d584a209d54a4c1204e4b7ccf7a9a83125860c7e868","","7","not-reviewed","false","en; fr; sw","Visual/text review pending; reference scan is not visual approval."
"/assets/img/tools/fantasy-football.webp","tools","placed","data/localization/sw-sports-travel-parity-manifest.json","800","450","37190","e8a4baed62d4a9b0bdebcbf26f91f4a22f3b34a548f6000ad03df2932906c3f8","","8","not-reviewed","false","en; fr; sw","Visual/text review pending; reference scan is not visual approval."
"/assets/img/tools/faraid-inheritance.webp","tools","placed","data/localization/fr-religious-cultural-parity.json","800","450","32998","edc89965f7676f0b83b821e3a13d370724cd88d6f3fe090cd2752b4d7b06bf17","","9","not-reviewed","false","en; fr; sw","Visual/text review pending; reference scan is not visual approval."
"/assets/img/tools/farm-budget.webp","tools","placed","agriculture/farm-budget/index.html","800","450","24982","d55542c72e29cf522df6e47af2a676dfdf123f10d9c160328885e3e5239cbbcc","","12","not-reviewed","false","en; fr; sw; yo","Visual/text review pending; reference scan is not visual approval."
"/assets/img/tools/farm-loans-angola.webp","tools","placed","agriculture/farm-loans/angola.html","800","450","43566","f023c133281c95f8cbc04ae98a62330b14618442f24c2937bf1211a5fe5dd47a","","6","not-reviewed","false","en; fr; sw","Visual/text review pending; reference scan is not visual approval."
"/assets/img/tools/farm-loans-cameroon.webp","tools","placed","agriculture/farm-loans/cameroon.html","800","450","37706","2d488974b2d2a0abe0ed1cedf698b4720f6a9a6921f6edca453a9d42917a54a4","","6","not-reviewed","false","en; fr; sw","Visual/text review pending; reference scan is not visual approval."
"/assets/img/tools/farm-loans-cote-d-ivoire.webp","tools","placed","agriculture/farm-loans/cote-d-ivoire.html","800","450","33212","6262a3f9393d069dacd555fb65ff617eab462bebf41f5f25da3e43019901acf7","","6","not-reviewed","false","en; fr; sw","Visual/text review pending; reference scan is not visual approval."
"/assets/img/tools/farm-loans-egypt.webp","tools","placed","agriculture/farm-loans/egypt.html","800","450","26632","a9baeb06a89e29cd3f3c392454dd52d7802990e0149d432fdef81057142d9f05","","6","not-reviewed","false","en; fr; sw","Visual/text review pending; reference scan is not visual approval."
"/assets/img/tools/farm-loans-ethiopia.webp","tools","placed","agriculture/farm-loans/ethiopia.html","800","450","25894","caa14112f8c84f2ffbf619db2002505c45fe3bb09b227ec45b30dd6a0353d4c6","","6","not-reviewed","false","en; fr; sw","Visual/text review pending; reference scan is not visual approval."
"/assets/img/tools/farm-loans-ghana.webp","tools","placed","agriculture/farm-loans/ghana.html","800","450","24626","2106c50e09ecce1c8aa056650abc2dfb5bf4b789a13e1a77383a8501bfa29d48","","6","not-reviewed","false","en; fr; sw","Visual/text review pending; reference scan is not visual approval."
"/assets/img/tools/farm-loans-hub.webp","tools","placed","agriculture/farm-loans/index.html","800","450","24704","ba03159bfe90f6b0cab6b0093d3be16d5fadf3b23f0f6ae044ced48b5325da2a","","6","not-reviewed","false","en; fr; sw","Visual/text review pending; reference scan is not visual approval."
"/assets/img/tools/farm-loans-kenya.webp","tools","placed","agriculture/farm-loans/kenya.html","800","450","20468","d89f0ae3368ea69e09670c9177fadfcb966031fb7efbbd9165c93fab6e3dd25c","","6","not-reviewed","false","en; fr; sw","Visual/text review pending; reference scan is not visual approval."
"/assets/img/tools/farm-loans-morocco.webp","tools","placed","agriculture/farm-loans/morocco.html","800","450","30902","92364930420867898d16d86ec425e7c72a6825ce2f382418fc631efd031d8114","","6","not-reviewed","false","en; fr; sw","Visual/text review pending; reference scan is not visual approval."
"/assets/img/tools/farm-loans-nigeria.webp","tools","placed","agriculture/farm-loans/nigeria.html","800","450","22126","3a16bf523c3022d3765811f10a24c79167b509454949da9060d7b98e7c7b8c0d","","6","not-reviewed","false","en; fr; sw","Visual/text review pending; reference scan is not visual approval."
"/assets/img/tools/farm-loans-rwanda.webp","tools","placed","agriculture/farm-loans/rwanda.html","800","450","36288","8fa64352e71d92d8f993f22d4bd2f173d08501ab14a8868b063f0f5c46158c3f","","6","not-reviewed","false","en; fr; sw","Visual/text review pending; reference scan is not visual approval."
"/assets/img/tools/farm-loans-senegal.webp","tools","placed","agriculture/farm-loans/senegal.html","800","450","33624","431db1394ffe510c23a58b9b729ac9f4ddccfb740a3fb85be9d59f58bd0ae238","","6","not-reviewed","false","en; fr; sw","Visual/text review pending; reference scan is not visual approval."
"/assets/img/tools/farm-loans-south-africa.webp","tools","placed","agriculture/farm-loans/south-africa.html","800","450","15320","6cf9087690123ca2aeccb1845fe36867a6c86d397f20720045c72cb3bc7697cd","","6","not-reviewed","false","en; fr; sw","Visual/text review pending; reference scan is not visual approval."
"/assets/img/tools/farm-loans-tanzania.webp","tools","placed","agriculture/farm-loans/tanzania.html","800","450","30506","4773d8e31a59956c1dcc32f990adcabfcbf71133a9f2b22009ee38b0f002636f","","6","not-reviewed","false","en; fr; sw","Visual/text review pending; reference scan is not visual approval."
"/assets/img/tools/farm-loans-tunisia.webp","tools","placed","agriculture/farm-loans/tunisia.html","800","450","50080","1d81d767d90b30b5ac6181048dca7c3aa7c40be36ea2838b788cea37edafe311","","6","not-reviewed","false","en; fr; sw","Visual/text review pending; reference scan is not visual approval."
"/assets/img/tools/farm-loans-uganda.webp","tools","placed","agriculture/farm-loans/uganda.html","800","450","32574","8f53b665e0c1abc927845cc7c686f273e91626c7f9b989a56c1e20c51a554e19","","6","not-reviewed","false","en; fr; sw","Visual/text review pending; reference scan is not visual approval."
"/assets/img/tools/farm-payroll-algeria.webp","tools","placed","agriculture/farm-payroll/algeria.html","800","450","25298","bdc78a8ec84633084e25fb319c58feda7b267fd24fc10cf4e485562edf67b699","","6","not-reviewed","false","en; fr; sw","Visual/text review pending; reference scan is not visual approval."
"/assets/img/tools/farm-payroll-calculator.webp","tools","placed","agriculture/farm-payroll/index.html","600","400","16114","3021cbf6c38516d8c4ce22728691d8ef46ec7c8f1613ae409869218b3011ca35","","6","not-reviewed","false","en; fr; sw","Visual/text review pending; reference scan is not visual approval."
"/assets/img/tools/farm-payroll-cameroon.webp","tools","placed","agriculture/farm-payroll/cameroon.html","800","450","39126","0f58fc8ade56267633eec16d750c4a72231664d41da73202776f8889ac36cdf4","","6","not-reviewed","false","en; fr; sw","Visual/text review pending; reference scan is not visual approval."
"/assets/img/tools/farm-payroll-cote-d-ivoire.webp","tools","placed","agriculture/farm-payroll/cote-d-ivoire.html","800","450","22686","8a8ff7d860c0aed1a2b4b471efd7b5627e1302a04c8caf3e93967967d291baba","","6","not-reviewed","false","en; fr; sw","Visual/text review pending; reference scan is not visual approval."
"/assets/img/tools/farm-payroll-dr-congo.webp","tools","placed","agriculture/farm-payroll/dr-congo.html","800","450","36414","77919b2dbae6942a01711edd6a7d8f9d0b2444dd7d2278a6ce0fb326b2808868","","6","not-reviewed","false","en; fr; sw","Visual/text review pending; reference scan is not visual approval."
"/assets/img/tools/farm-payroll-egypt.webp","tools","placed","agriculture/farm-payroll/egypt.html","800","450","46112","04d6bfec0c79e5367f1fad881fe05fdda1cb65812b851ac60c4e2b355acce8fc","","6","not-reviewed","false","en; fr; sw","Visual/text review pending; reference scan is not visual approval."
"/assets/img/tools/farm-payroll-ethiopia.webp","tools","placed","agriculture/farm-payroll/ethiopia.html","800","450","28212","93a7d0271ec55c0f74ef76c0a45325e78f9ccead3e8bb2010bcda355b2f6697a","","6","not-reviewed","false","en; fr; sw","Visual/text review pending; reference scan is not visual approval."
"/assets/img/tools/farm-payroll-ghana.webp","tools","placed","agriculture/farm-payroll/ghana.html","800","450","50590","60434b1bedc8ac3831bed9bf959eea520360dbf0dacdfd6dbd4b86df41c52feb","","6","not-reviewed","false","en; fr; sw","Visual/text review pending; reference scan is not visual approval."
"/assets/img/tools/farm-payroll-kenya.webp","tools","placed","agriculture/farm-payroll/kenya.html","800","450","33938","f3abfdde3d3435282148fa25d3bb3a3cd72d8478e0a3130c8cdcd7110f783629","","6","not-reviewed","false","en; fr; sw","Visual/text review pending; reference scan is not visual approval."
"/assets/img/tools/farm-payroll-morocco.webp","tools","placed","agriculture/farm-payroll/morocco.html","800","450","47502","251c6c927940b8d1d576ab9e538bcd5572715dc4968b2247ccac05337a5f5c94","","6","not-reviewed","false","en; fr; sw","Visual/text review pending; reference scan is not visual approval."
"/assets/img/tools/farm-payroll-mozambique.webp","tools","placed","agriculture/farm-payroll/mozambique.html","800","450","49790","347278de35e9c817b375753159df719f4486abea119ae25e12988f26e8949dd2","","6","not-reviewed","false","en; fr; sw","Visual/text review pending; reference scan is not visual approval."
"/assets/img/tools/farm-payroll-nigeria.webp","tools","placed","agriculture/farm-payroll/nigeria.html","800","450","23216","5dbb206b962cadf6551183ec7c4207b13dd3c5112508a6aade89e8b062adc093","","6","not-reviewed","false","en; fr; sw","Visual/text review pending; reference scan is not visual approval."
"/assets/img/tools/farm-payroll-senegal.webp","tools","placed","agriculture/farm-payroll/senegal.html","800","450","34536","b8d175dfc821013fe671dd0eb5cb446c2acc49e577ae00cde251c9ea9d6d7807","","6","not-reviewed","false","en; fr; sw","Visual/text review pending; reference scan is not visual approval."
"/assets/img/tools/farm-payroll-south-africa.webp","tools","placed","agriculture/farm-payroll/south-africa.html","800","450","35362","9137efcca7288d2d2d4160a37ce8604ebc8160b899747ae49e945c034ed99eb7","","6","not-reviewed","false","en; fr; sw","Visual/text review pending; reference scan is not visual approval."
"/assets/img/tools/farm-payroll-tanzania.webp","tools","placed","agriculture/farm-payroll/tanzania.html","800","450","85280","9c2c4f465b7323cfa3b35dadd8434c89a68b6314f0c7c8a9db1fc9f00e2474a0","","6","not-reviewed","false","en; fr; sw","Visual/text review pending; reference scan is not visual approval."
"/assets/img/tools/farm-payroll-uganda.webp","tools","placed","agriculture/farm-payroll/uganda.html","800","450","47904","e6805ad998b20d79cd992fdf7ba695ab4df49afc061b4c21406a5244a792377d","","6","not-reviewed","false","en; fr; sw","Visual/text review pending; reference scan is not visual approval."
"/assets/img/tools/farm-payroll-zambia.webp","tools","placed","agriculture/farm-payroll/zambia.html","800","450","66874","728e45e62abfa4bef74c3b74206a4a280768f475fb01bb1744b6f84b174389e7","","6","not-reviewed","false","en; fr; sw","Visual/text review pending; reference scan is not visual approval."
"/assets/img/tools/farm-payroll-zimbabwe.webp","tools","placed","agriculture/farm-payroll/zimbabwe.html","800","450","54600","18e0b8b3a6b9d8d381c8f7305981be20a889c2c94d515df13cfd9e4ed151cd54","","6","not-reviewed","false","en; fr; sw","Visual/text review pending; reference scan is not visual approval."
"/assets/img/tools/farm-profit-algeria.webp","tools","placed","agriculture/farm-profit/algeria.html","800","450","34050","cf4140db2dad6189a8b218875e0461280a2bd493353adcefe8872643ff2843a5","","6","not-reviewed","false","en; fr; sw","Visual/text review pending; reference scan is not visual approval."
"/assets/img/tools/farm-profit-angola.webp","tools","placed","agriculture/farm-profit/angola.html","800","450","84252","ca034ca1e15cda16bb3e0a9e1bde7c6595607d56a5a1ec825c7aca22bfaa9a50","","6","not-reviewed","false","en; fr; sw","Visual/text review pending; reference scan is not visual approval."
"/assets/img/tools/farm-profit-benin.webp","tools","placed","agriculture/farm-profit/benin.html","800","450","46514","497f0f9af62c275af858496fcc31d44ec4438a63f7d9530a61176f6d9cc01f5e","","6","not-reviewed","false","en; fr; sw","Visual/text review pending; reference scan is not visual approval."
"/assets/img/tools/farm-profit-burkina-faso.webp","tools","placed","agriculture/farm-profit/burkina-faso.html","800","450","46404","dffe82b383fb95c212ff6f4e623a7e66ae4aa114fb28406e2ab81b5f35101a1c","","6","not-reviewed","false","en; fr; sw","Visual/text review pending; reference scan is not visual approval."
"/assets/img/tools/farm-profit-calculator.webp","tools","placed","agriculture/farm-profit/index.html","600","400","9202","d5ee4207efd2a15c5d7003973090d540fe9b8d8e23dbf5e98cb48d1a00b19d63","","10","not-reviewed","false","en; fr; ha; sw; yo","Visual/text review pending; reference scan is not visual approval."
"/assets/img/tools/farm-profit-cameroon.webp","tools","placed","agriculture/farm-profit/cameroon.html","800","450","18846","7515fb8fc5c8afd0027f9551df7ff312e8fa0dc38d6c1258cab703a6614b914c","","6","not-reviewed","false","en; fr; sw","Visual/text review pending; reference scan is not visual approval."
"/assets/img/tools/farm-profit-cote-d-ivoire.webp","tools","placed","agriculture/farm-profit/cote-d-ivoire.html","800","450","32954","b66d1b36513dae423c4791cc376f1ce350b2c72b8bdad2a641ae12b6788031e4","","6","not-reviewed","false","en; fr; sw","Visual/text review pending; reference scan is not visual approval."
"/assets/img/tools/farm-profit-dr-congo.webp","tools","placed","agriculture/farm-profit/dr-congo.html","800","450","29916","f51f326be281fb6c953547d3a1b9206c14f27d39cefb93534170f3894490a520","","6","not-reviewed","false","en; fr; sw","Visual/text review pending; reference scan is not visual approval."
"/assets/img/tools/farm-profit-egypt.webp","tools","placed","agriculture/farm-profit/egypt.html","800","450","30380","03f13c2171ae9140ab30bc1d47473598197c95c9f17e521744fea99ef494175b","","6","not-reviewed","false","en; fr; sw","Visual/text review pending; reference scan is not visual approval."
"/assets/img/tools/farm-profit-ethiopia.webp","tools","placed","agriculture/farm-profit/ethiopia.html","800","450","35668","1596630c8b6a7bad7237c5bf5ffe805146106d3eccf1a18cf753c671fd469453","","6","not-reviewed","false","en; fr; sw","Visual/text review pending; reference scan is not visual approval."
"/assets/img/tools/farm-profit-ghana.webp","tools","placed","agriculture/farm-profit/ghana.html","800","450","32642","3a5ab230017503a708764a5aea1720ef43375d2caf7f51ec217118ef8174a319","","6","not-reviewed","false","en; fr; sw","Visual/text review pending; reference scan is not visual approval."
"/assets/img/tools/farm-profit-guinea.webp","tools","placed","agriculture/farm-profit/guinea.html","800","450","71424","23c728fe55feea6cc54e75b8c9d330b025bd00b95e8bf9bbf64b4121f0d00635","","6","not-reviewed","false","en; fr; sw","Visual/text review pending; reference scan is not visual approval."
"/assets/img/tools/farm-profit-kenya.webp","tools","placed","agriculture/farm-profit/kenya.html","800","450","36162","0e48b46e00189f35ea1e2371f03bfbc0a03d56b760c1cb07f3d2c6393030d62f","","6","not-reviewed","false","en; fr; sw","Visual/text review pending; reference scan is not visual approval."
"/assets/img/tools/farm-profit-madagascar.webp","tools","placed","agriculture/farm-profit/madagascar.html","800","450","65610","026052884c2b8ce4f0ab77874246ba29e737e15cadd64984663a511b283e687e","","6","not-reviewed","false","en; fr; sw","Visual/text review pending; reference scan is not visual approval."
"/assets/img/tools/farm-profit-malawi.webp","tools","placed","agriculture/farm-profit/malawi.html","800","450","59326","17c375deb1cb396cd50050bda27dfd2ec6626c59be66baf6a7f0e3f754e81043","","6","not-reviewed","false","en; fr; sw","Visual/text review pending; reference scan is not visual approval."
"/assets/img/tools/farm-profit-mali.webp","tools","placed","agriculture/farm-profit/mali.html","800","450","41974","d690bba807da0c0a0bbee3b0366c405fb70e719ac6aa89a6ce0a53e645ee92ec","","6","not-reviewed","false","en; fr; sw","Visual/text review pending; reference scan is not visual approval."
"/assets/img/tools/farm-profit-morocco.webp","tools","placed","agriculture/farm-profit/morocco.html","800","450","29230","f7aa43ef792bb5ea36de4fd72b417ba28219a8b358736f3f7513794a098a3395","","6","not-reviewed","false","en; fr; sw","Visual/text review pending; reference scan is not visual approval."
"/assets/img/tools/farm-profit-mozambique.webp","tools","placed","agriculture/farm-profit/mozambique.html","800","450","65244","c0109784d77c358a9bf59dd966e5931ba96fa9801bcd44d6bc6c3d3c1a68414c","","6","not-reviewed","false","en; fr; sw","Visual/text review pending; reference scan is not visual approval."
"/assets/img/tools/farm-profit-nigeria.webp","tools","placed","agriculture/farm-profit/nigeria.html","800","450","19902","a25ce25fd9aa1418a6c63d43fe33e47fab773757a1fb6866d21415abb1bda3bb","","6","not-reviewed","false","en; fr; sw","Visual/text review pending; reference scan is not visual approval."
"/assets/img/tools/farm-profit-rwanda.webp","tools","placed","agriculture/farm-profit/rwanda.html","800","450","45716","95ae4bc1b8bc732307e70f163ef5cce151232eef1dba744244173a385a4c47bc","","6","not-reviewed","false","en; fr; sw","Visual/text review pending; reference scan is not visual approval."
"/assets/img/tools/farm-profit-senegal.webp","tools","placed","agriculture/farm-profit/senegal.html","800","450","45208","72a7693121dbda2ff703f703bb110ccfb3b84a919e71def311b17aa06df57049","","6","not-reviewed","false","en; fr; sw","Visual/text review pending; reference scan is not visual approval."
"/assets/img/tools/farm-profit-south-africa.webp","tools","placed","agriculture/farm-profit/south-africa.html","800","450","35946","d0182002603b5db21c8bebdfb5d3b3aee817727df3753d604ec087bc3f16459a","","6","not-reviewed","false","en; fr; sw","Visual/text review pending; reference scan is not visual approval."
"/assets/img/tools/farm-profit-sudan.webp","tools","placed","agriculture/farm-profit/sudan.html","800","450","20148","522146a26e47bbfd5ed8674f4ccd51cfe7dc30dc1abc97f238d05aaf993a58c6","","6","not-reviewed","false","en; fr; sw","Visual/text review pending; reference scan is not visual approval."
"/assets/img/tools/farm-profit-tanzania.webp","tools","placed","agriculture/farm-profit/tanzania.html","800","450","21348","04734f4aafbfd9fe24ccb59ac7538e62544532cdf4d64f0e30cd4b9b9ef563b5","","6","not-reviewed","false","en; fr; sw","Visual/text review pending; reference scan is not visual approval."
"/assets/img/tools/farm-profit-tunisia.webp","tools","placed","agriculture/farm-profit/tunisia.html","800","450","46864","53eebdb8f1427a7acd45afbc82e67dbbdc03e269c4bdf118c62627748234cda6","","6","not-reviewed","false","en; fr; sw","Visual/text review pending; reference scan is not visual approval."
"/assets/img/tools/farm-profit-uganda.webp","tools","placed","agriculture/farm-profit/uganda.html","800","450","28774","be63ddbca5359fd97bbbcd0425c3ff91b19add3600a57b78f433b6dad862cacd","","6","not-reviewed","false","en; fr; sw","Visual/text review pending; reference scan is not visual approval."
"/assets/img/tools/farm-profit-zimbabwe.webp","tools","placed","agriculture/farm-profit/zimbabwe.html","800","450","36172","0c79e145033d9e6bcfa9cf7878bfb2f78cd4c7bf59d7f328770a02894c0c28e7","","6","not-reviewed","false","en; fr; sw","Visual/text review pending; reference scan is not visual approval."
"/assets/img/tools/farm-size-converter.webp","tools","placed","agriculture/farm-size-converter/index.html","600","400","7652","edaf57fa86733c2c05e3495fe9b3effebf44e0fc1bfdde1b0db5eb9683c524cf","","6","not-reviewed","false","en; fr; sw","Visual/text review pending; reference scan is not visual approval."
"/assets/img/tools/fashion-brand-startup.webp","tools","placed","data/localization/fr-small-business-parity.json","800","450","44320","3f8835b34beb62f95a2a0b273886d0a9760ac3c1aee3f39e55b257c4fd77fe97","","7","not-reviewed","false","en; fr; sw","Visual/text review pending; reference scan is not visual approval."
"/assets/img/tools/favicon-generator.svg","tools","retired-alternative","/assets/img/tools/favicon-generator.webp","600","400","1506","297c1a040712079934bd84af9addf6f318e1876bfdeac2be98db9ed055bd30d0","","0","contains-text","false","","Legacy English text card. Retain as an old design variant; current shared registry owns discovery artwork. Do not share embedded English headings across translated pages."
"/assets/img/tools/favicon-generator.webp","tools","placed","fr/tools/generateur-favicon/index.html","800","450","21050","73bb9b2623e18ba7154567a47e6618684fc1c5f0cded5d66aa817f805a66b64d","","6","not-reviewed","false","en; fr; sw","Visual/text review pending; reference scan is not visual approval."
"/assets/img/tools/fence-cost.webp","tools","placed","fr/ingenierie/index.html","800","450","22080","bb807e8c876647864397f296b632de8e90f5e297758d0cdf9c572661494ffaeb","","7","not-reviewed","false","en; fr; sw","Visual/text review pending; reference scan is not visual approval."
"/assets/img/tools/fertilizer-angola.webp","tools","placed","agriculture/fertilizer/angola.html","600","400","10462","ba86e43bd33128c4bc2187fae9a584e8cd38b273b6acdbff7159a5f5c4b70cb2","","6","not-reviewed","false","en; fr; sw","Visual/text review pending; reference scan is not visual approval."
"/assets/img/tools/fertilizer-calc.svg","tools","retired-alternative","/assets/img/tools/fertilizer-calc.webp","600","400","1647","60b6e265b95baf81081e4d5369770acd9198f5bf25f006097b80b902174a5f3f","","0","contains-text","false","","Legacy English text card. Retain as an old design variant; current shared registry owns discovery artwork. Do not share embedded English headings across translated pages."
"/assets/img/tools/fertilizer-calc.webp","tools","placed","data/localization/fr-agriculture-parity-manifest.json","800","450","26948","e7596b86393aed51703cd78e8b92799dc412db34f94e79d050d772598e090d31","","7","not-reviewed","false","en; fr; sw","Visual/text review pending; reference scan is not visual approval."
"/assets/img/tools/fertilizer-calculator.webp","tools","placed","agriculture/fertilizer/index.html","600","400","10180","92879a32f1f8e54a823d49c0639cd56b4bad36ce364fbe8c46d54d1c6b298eb1","","8","not-reviewed","false","en; fr; sw","Visual/text review pending; reference scan is not visual approval."
"/assets/img/tools/fertilizer-cote-d-ivoire.webp","tools","placed","agriculture/fertilizer/cote-d-ivoire.html","600","400","9690","2ae5b1e53aa616fbffe30117f2e7cf2d35878fcdcd81af7191204a802f5e1ece","","6","not-reviewed","false","en; fr; sw","Visual/text review pending; reference scan is not visual approval."
"/assets/img/tools/fertilizer-egypt.webp","tools","placed","agriculture/fertilizer/egypt.html","600","400","10820","3bf565fecc9bd81aeca1ce1c606779bae07393a4d14985d6ca5141e0622e4222","","6","not-reviewed","false","en; fr; sw","Visual/text review pending; reference scan is not visual approval."
"/assets/img/tools/fertilizer-ethiopia.webp","tools","placed","agriculture/fertilizer/ethiopia.html","600","400","10450","a61eee5cec22833e585877a9a39ce230fa2eb6669e4854587c514384770bfcff","","6","not-reviewed","false","en; fr; sw","Visual/text review pending; reference scan is not visual approval."
"/assets/img/tools/fertilizer-ghana.webp","tools","placed","agriculture/fertilizer/ghana.html","600","400","9426","f123a6131565cbb5cab7f7e66e6e819aad425bbb30e3afdd75cdddd12e14099e","","6","not-reviewed","false","en; fr; sw","Visual/text review pending; reference scan is not visual approval."
"/assets/img/tools/fertilizer-kenya.webp","tools","placed","agriculture/fertilizer/kenya.html","600","400","7796","e7c2ef26b10c5f613894bbbe66245cfeea433964eb7dec33f006d7a352da6018","","7","not-reviewed","false","en; fr; sw","Visual/text review pending; reference scan is not visual approval."
"/assets/img/tools/fertilizer-mali.webp","tools","placed","agriculture/fertilizer/mali.html","600","400","9692","b06f79263256839c53e511afe8e4928b59667ddecac081cd57d96531d9b06389","","6","not-reviewed","false","en; fr; sw","Visual/text review pending; reference scan is not visual approval."
"/assets/img/tools/fertilizer-mozambique.webp","tools","placed","agriculture/fertilizer/mozambique.html","600","400","10052","f30f193e359c0e871e2a927edc36a0ac25826e21a708043f7b2736b1c2ab9b28","","6","not-reviewed","false","en; fr; sw","Visual/text review pending; reference scan is not visual approval."
"/assets/img/tools/fertilizer-niger.webp","tools","placed","agriculture/fertilizer/niger.html","600","400","10972","ef90b7e5ae8f671904301084b45e79c80c4f6f3d7aeea22e33bbcf2c52b40f9e","","6","not-reviewed","false","en; fr; sw","Visual/text review pending; reference scan is not visual approval."
"/assets/img/tools/fertilizer-nigeria.webp","tools","placed","agriculture/fertilizer/nigeria.html","600","400","9178","509ebb9f254def97b6afb245048b408fac758131c4738de81963aa77402401a1","","13","not-reviewed","false","en; fr; ha; sw; yo","Visual/text review pending; reference scan is not visual approval."
"/assets/img/tools/fertilizer-rwanda.webp","tools","placed","agriculture/fertilizer/rwanda.html","600","400","10134","4062a672bb33eab909abf9fa137db8df6abaa25e6ae0dc9529edbf308d553090","","7","not-reviewed","false","en; fr; sw","Visual/text review pending; reference scan is not visual approval."
"/assets/img/tools/fertilizer-senegal.webp","tools","placed","agriculture/fertilizer/senegal.html","600","400","10410","f832e710dae3e5d3b5844f73d097db28b764af601d9fdefc62c07d46b2794a57","","6","not-reviewed","false","en; fr; sw","Visual/text review pending; reference scan is not visual approval."
"/assets/img/tools/fertilizer-south-africa.webp","tools","placed","agriculture/fertilizer/south-africa.html","600","400","11716","9a774f0aed657447cda3b5a2953c47b4638947c9b9f0fe60ea338a69d30f65aa","","6","not-reviewed","false","en; fr; sw","Visual/text review pending; reference scan is not visual approval."
"/assets/img/tools/fertilizer-tanzania.webp","tools","placed","agriculture/fertilizer/tanzania.html","600","400","10300","e554866bbd0b70e564755b004d9fea29954121f844258e170ff9636614cb2385","","7","not-reviewed","false","en; fr; sw","Visual/text review pending; reference scan is not visual approval."
"/assets/img/tools/fertilizer-uganda.webp","tools","placed","agriculture/fertilizer/uganda.html","600","400","11402","5d55b430579aa0e798fd271e0f771741353ce3cb736b0d67696365661391df42","","7","not-reviewed","false","en; fr; sw","Visual/text review pending; reference scan is not visual approval."
"/assets/img/tools/fertilizer-zambia.webp","tools","placed","agriculture/fertilizer/zambia.html","600","400","12564","c2bbffabc3fd51a3e3f2c111c4d03723670a6c0a93ec5377de432f6ef29fd317","","6","not-reviewed","false","en; fr; sw","Visual/text review pending; reference scan is not visual approval."
"/assets/img/tools/festival-calendar.webp","tools","placed","data/localization/fr-religious-cultural-parity.json","800","450","37590","c3539b1d7f3f105fbb014fc814dc48e4375c080f0bc70c60a0b7fabecf5acd7c","","9","not-reviewed","false","en; fr; sw","Visual/text review pending; reference scan is not visual approval."
"/assets/img/tools/festival-travel-budget.webp","tools","placed","data/localization/sw-sports-travel-parity-manifest.json","800","450","32118","0cf2f9d9461584c5846cae4d17857b1d257826d41efadd8243c6a7f639e18407","","9","not-reviewed","false","en; fr; sw","Visual/text review pending; reference scan is not visual approval."
"/assets/img/tools/film-budget.webp","tools","placed","data/localization/sw-personal-finance-parity-manifest.json","800","450","42870","9d9b2fcae895491687ec201d5c63febf1c60ee3940c0eb9000090f159ece9090","","9","not-reviewed","false","en; fr; sw","Visual/text review pending; reference scan is not visual approval."
"/assets/img/tools/fintech-fee-watch.webp","tools","placed","data/localization/fr-uniquely-african-parity-manifest.json","800","450","18038","dcff15f7d7424c980c85b293115ebca2f12c2c9ccde6fb764c3f13b28dea0d76","","11","not-reviewed","false","en; fr; sw","Visual/text review pending; reference scan is not visual approval."
"/assets/img/tools/fire-calc.webp","tools","placed","fr/tools/calculateur-fire/index.html","600","400","32370","6869807907049e728822867bb8101083661c15c8c00fdfe996373f6bf09d548a","","5","not-reviewed","false","en; fr; sw","Visual/text review pending; reference scan is not visual approval."
"/assets/img/tools/fire-insurance.webp","tools","placed","fr/insurance/index.html","800","450","27038","aa83ed40e8264ccb208c5f79b250a380ec54ab50e21da715f0ed543c52a1598e","","7","not-reviewed","false","en; fr; sw","Visual/text review pending; reference scan is not visual approval."
"/assets/img/tools/fire-safety-checklist.webp","tools","placed","fr/tools/checklist-securite-incendie/index.html","800","450","33344","75a4819dee59a1a0dba6845e551ec96f5d5d66fd274c39c67c35dbed81af3707","","6","not-reviewed","false","en; fr; sw","Visual/text review pending; reference scan is not visual approval."
"/assets/img/tools/first-home-buyer.webp","tools","placed","data/localization/sw-financial-shard-a-candidate.json","800","450","15132","93ef9440cf01bb6cac75ae457fc32c478d3858cc7cf13952a1c5e90f417b4750","","7","not-reviewed","false","en; fr; sw","Visual/text review pending; reference scan is not visual approval."
"/assets/img/tools/fish-farming-angola.webp","tools","placed","agriculture/fish-farming/angola.html","800","450","66810","14207ee2b863d7bafd9c4c7e16a36c03f733a89033115d25f5553c7198b12380","","6","not-reviewed","false","en; fr; sw","Visual/text review pending; reference scan is not visual approval."
"/assets/img/tools/fish-farming-cameroon.webp","tools","placed","agriculture/fish-farming/cameroon.html","800","450","60324","4717a35dcf9925afefa6e6ac7ace205c48175905b9ab303bf7b2561e764a13e6","","6","not-reviewed","false","en; fr; sw","Visual/text review pending; reference scan is not visual approval."
"/assets/img/tools/fish-farming-cote-d-ivoire.webp","tools","placed","agriculture/fish-farming/cote-d-ivoire.html","800","450","68384","6aa7a6c381256f39e7f05fe017dd51916249b48d4865f11a8b18aa670af53d40","","6","not-reviewed","false","en; fr; sw","Visual/text review pending; reference scan is not visual approval."
"/assets/img/tools/fish-farming-egypt.webp","tools","placed","agriculture/fish-farming/egypt.html","800","450","44982","16bd98cf6bad059fdea57a7a526be0b03376fecf90e4d415d33504c17cd9c082","","6","not-reviewed","false","en; fr; sw","Visual/text review pending; reference scan is not visual approval."
"/assets/img/tools/fish-farming-ethiopia.webp","tools","placed","agriculture/fish-farming/ethiopia.html","800","450","45070","6d814f8f9a5412d17d1ebbbda1395353ad8f25d7bd1676b7c91149f318f87747","","6","not-reviewed","false","en; fr; sw","Visual/text review pending; reference scan is not visual approval."
"/assets/img/tools/fish-farming-ghana.webp","tools","placed","agriculture/fish-farming/ghana.html","800","450","28290","15bb3f299575a679031af568e48ce9d37f7460dbdfd8582d3297fb44a9f25f73","","6","not-reviewed","false","en; fr; sw","Visual/text review pending; reference scan is not visual approval."
"/assets/img/tools/fish-farming-kenya.webp","tools","placed","agriculture/fish-farming/kenya.html","800","450","43514","4470628caa6cfde22699417e8929cc4170c3391081f41700aed3431e77c05912","","6","not-reviewed","false","en; fr; sw","Visual/text review pending; reference scan is not visual approval."
"/assets/img/tools/fish-farming-morocco.webp","tools","placed","agriculture/fish-farming/morocco.html","800","450","47478","4fdb0b139179adca17bedae841425cc71a5a42d533d2894b0ece548365b7ba4c","","6","not-reviewed","false","en; fr; sw","Visual/text review pending; reference scan is not visual approval."
"/assets/img/tools/fish-farming-nigeria.webp","tools","placed","agriculture/fish-farming/nigeria.html","800","450","44286","aed53580b9bf90092e8f6029f248cd088f0a66b6a81925b3d624ed7b9915f622","","9","not-reviewed","false","en; fr; sw","Visual/text review pending; reference scan is not visual approval."
"/assets/img/tools/fish-farming-roi.webp","tools","placed","agriculture/fish-farming/index.html","600","400","11034","d839d353b1db614d88d1927203fae588aa977eac14dc73c556821dca2b4e38cb","","10","not-reviewed","false","en; fr; ha; sw; yo","Visual/text review pending; reference scan is not visual approval."
"/assets/img/tools/fish-farming-rwanda.webp","tools","placed","agriculture/fish-farming/rwanda.html","800","450","43058","07f71715179302f8d667a5c21674fad760d009600621b5e9eb2f7a2111493b83","","6","not-reviewed","false","en; fr; sw","Visual/text review pending; reference scan is not visual approval."
"/assets/img/tools/fish-farming-senegal.webp","tools","placed","agriculture/fish-farming/senegal.html","800","450","51306","a1e1ccf7b21f2b34f5ab281526094df506379f9d3416cde4d6fe0bb8c9d0fd6f","","6","not-reviewed","false","en; fr; sw","Visual/text review pending; reference scan is not visual approval."
"/assets/img/tools/fish-farming-south-africa.webp","tools","placed","agriculture/fish-farming/south-africa.html","800","450","16086","7116653adc938621d66a0e048ba0b71be4d339678d3d9211a8b9677290e30b01","","6","not-reviewed","false","en; fr; sw","Visual/text review pending; reference scan is not visual approval."
"/assets/img/tools/fish-farming-tanzania.webp","tools","placed","agriculture/fish-farming/tanzania.html","800","450","40122","ad8837e50be865259f031492f90c4bdf744c25b783e951d9dac6677eff475a9f","","6","not-reviewed","false","en; fr; sw","Visual/text review pending; reference scan is not visual approval."
"/assets/img/tools/fish-farming-tunisia.webp","tools","placed","agriculture/fish-farming/tunisia.html","800","450","69118","085e3117a8283d55670a98b3ce967b07fe7e76077b9815e5fb2189ae61d5b252","","6","not-reviewed","false","en; fr; sw","Visual/text review pending; reference scan is not visual approval."
"/assets/img/tools/fish-farming-uganda.webp","tools","placed","agriculture/fish-farming/uganda.html","800","450","35010","8b30e31fde4a0b34a92d86eb60c2ed533c6ba8f7eb25b9e5416c6ac68ea07559","","6","not-reviewed","false","en; fr; sw","Visual/text review pending; reference scan is not visual approval."
"/assets/img/tools/fixed-deposit.webp","tools","placed","data/localization/fr-fintech-banking-pages/fixed-deposit.html","600","400","7574","4f1fa1b7efc938e632fe731fba8bef685ccf72122b8999ae6f75202ee55d324d","","8","not-reviewed","false","en; fr; sw","Visual/text review pending; reference scan is not visual approval."
"/assets/img/tools/flashcard-maker.svg","tools","retired-alternative","/assets/img/tools/flashcard-maker.webp","600","400","1501","1c2232dfb726febfb265d242a717bbc3c3111d7412cf76a5769fde0f0cea804f","","0","contains-text","false","","Legacy English text card. Retain as an old design variant; current shared registry owns discovery artwork. Do not share embedded English headings across translated pages."
"/assets/img/tools/flashcard-maker.webp","tools","placed","data/localization/fr-education-parity.json","600","400","6628","34c6398d349ddb7a3b89c7c0a948915509d534176468b026e65f03770ba48a6b","","7","not-reviewed","false","en; fr; sw","Visual/text review pending; reference scan is not visual approval."
"/assets/img/tools/fleet-fuel.webp","tools","placed","blog/fleet-fuel-budget-template-ghana/index.html","800","450","33032","fbfad2a9a12405effdd4e4618eee15d8a2edbe14c7ae3995152be86b7a54723d","","10","not-reviewed","false","en; fr; sw","Visual/text review pending; reference scan is not visual approval."
"/assets/img/tools/flood-risk.webp","tools","placed","data/localization/fr-climate-parity-manifest.json","800","450","22202","f9fbdd46792d1c30da888fbf7b0d085473a1f17a1aa06a51c795d76f90b21649","","7","not-reviewed","false","en; fr; sw","Visual/text review pending; reference scan is not visual approval."
"/assets/img/tools/floor-plan.svg","tools","retired-alternative","/assets/img/tools/floor-plan.webp","600","400","1505","eb466da03745b00ae4122a175d7f69b5f7c97756f7ffe9dba3fcafb77e0406c8","","0","contains-text","false","","Legacy English text card. Retain as an old design variant; current shared registry owns discovery artwork. Do not share embedded English headings across translated pages."
"/assets/img/tools/floor-plan.webp","tools","placed","fr/ingenierie/index.html","800","450","12220","ab36a2ca26fc90c14ccab836c9452c28ef81daa29897111fc990cfb0f97286c0","","6","not-reviewed","false","en; fr; sw","Visual/text review pending; reference scan is not visual approval."
"/assets/img/tools/flyer-maker.svg","tools","retired-alternative","/assets/img/tools/flyer-maker.webp","600","400","1514","7cf3b2b28a7505afe873dd8efc5213347ee627da5c95597b7d18d33e79a4eac2","","0","contains-text","false","","Legacy English text card. Retain as an old design variant; current shared registry owns discovery artwork. Do not share embedded English headings across translated pages."
"/assets/img/tools/flyer-maker.webp","tools","placed","fr/tools/createur-flyer/index.html","800","450","17116","d4fa31968c374c727826f414d6b0be857d4b9ee07a305090620fd58762ffb6f0","","5","not-reviewed","false","en; fr; sw","Visual/text review pending; reference scan is not visual approval."
"/assets/img/tools/foi-template.webp","tools","placed","fr/tools/modele-demande-acces-information/index.html","800","450","19282","ccfcbf9ee46789548d702ad066b7330d1ccdf8b9ee52179e40abadd07098ff80","","6","not-reviewed","false","en; fr; sw","Visual/text review pending; reference scan is not visual approval."
"/assets/img/tools/foreign-company-reg.webp","tools","placed","data/registry/french-mortgage-property.json","800","450","18364","ab51282951bf7aafcfc7d00f1f2869399d729b829b9ddf835362b1ccd8deddc7","","9","not-reviewed","false","en; fr; sw","Visual/text review pending; reference scan is not visual approval."
"/assets/img/tools/forex-profit.svg","tools","retired-alternative","/assets/img/tools/forex-profit.webp","600","400","1504","a4ec4c32453b31a783f4266d82a5735bd9e3b0713f7465111e79768635aef690","","0","contains-text","false","","Legacy English text card. Retain as an old design variant; current shared registry owns discovery artwork. Do not share embedded English headings across translated pages."
"/assets/img/tools/forex-profit.webp","tools","placed","data/registry/french-finance-tax-market-data.json","800","450","14210","6244ff7d76b26e47d2321689fdf9bc182a6b670a521c81e7454207417657913f","","7","not-reviewed","false","en; fr; sw","Visual/text review pending; reference scan is not visual approval."
"/assets/img/tools/fr-agriculture-crop-yield.webp","tools","placed","agriculture/crop-yield/lesotho.html","768","512","48480","33e3a46721a815b6a7d57d13ad95888d232596e491df2c9a97ffd2716bc65d70","","22","not-reviewed","false","en; fr; sw","Visual/text review pending; reference scan is not visual approval."
"/assets/img/tools/fr-agriculture-farm-payroll.webp","tools","placed","agriculture/farm-payroll/angola.html","768","512","69644","1242da9669da9910614f30cc2457ab2c9f481655c048090d064a393b8a858194","","150","not-reviewed","false","en; fr; sw","Visual/text review pending; reference scan is not visual approval."
"/assets/img/tools/fr-agriculture-farm-profit.webp","tools","placed","agriculture/farm-profit/botswana.html","768","512","49270","58df27647cf972a62850977643ca96dcf2a375a482651eed0d209ce069ce66f9","","114","not-reviewed","false","en; fr; sw","Visual/text review pending; reference scan is not visual approval."
"/assets/img/tools/fr-agriculture-fertilizer.webp","tools","placed","agriculture/fertilizer/algeria.html","768","512","48254","5f794837792d70617d2c0357bc81b5e133b4badb22716d7c6a029143995d3e22","","154","not-reviewed","false","en; fr; sw","Visual/text review pending; reference scan is not visual approval."
"/assets/img/tools/fr-agriculture-irrigation.webp","tools","placed","agriculture/irrigation/botswana.html","768","512","62276","fd954de78abb55413ed114653e750c1862776ac04f3a1cb9004166d6f5b9c003","","122","not-reviewed","false","en; fr; sw","Visual/text review pending; reference scan is not visual approval."
"/assets/img/tools/fr-agriculture-seed-rate.webp","tools","placed","agriculture/seed-rate/algeria.html","768","512","55964","5ad0e1b83f4dc236dbda230a905234c9e269de560270097929253688955ac244","","26","not-reviewed","false","en; fr; sw","Visual/text review pending; reference scan is not visual approval."
"/assets/img/tools/fr/bond-yield.webp","tools","placed","data/localization/fr-fintech-banking-pages/bond-yield.html","600","400","24062","da66f0676e13776f2724b23135e8a4434df1bf54e22deb346f68abc6f301ed37","","3","not-reviewed","false","en; fr","Visual/text review pending; reference scan is not visual approval."
"/assets/img/tools/fr/business-plan.png","tools","placed","assets/js/pages/fr-document-pdf-artwork.js","1537","1023","2381176","16d5f86fe64c090a6e4129eca76a5aac9cf2b90be577761d96495c1aae5f0fad","","3","not-reviewed","false","en; fr","Visual/text review pending; reference scan is not visual approval."
"/assets/img/tools/fr/cover-letter.png","tools","placed","assets/js/pages/fr-document-pdf-artwork.js","1536","1024","1070416","84214d1c8c6e8eef8bc6e11edbd8bd8fe53a1668fc21c94c3b0db59de74b6a64","","3","not-reviewed","false","en; fr","Visual/text review pending; reference scan is not visual approval."
"/assets/img/tools/fr/cv-builder.png","tools","placed","assets/js/pages/fr-document-pdf-artwork.js","1537","1023","1288725","748375de97d2e7519565b7a82c686565fc25d8ee7909d9368ad5cd3009a876da","","2","not-reviewed","false","en","Visual/text review pending; reference scan is not visual approval."
"/assets/img/tools/fr/dca-calc.webp","tools","placed","data/localization/fr-fintech-banking-pages/dca-calc.html","600","400","26512","2ff6694d1ba12341a1277189af8390323844e4f7c495447cb65c90a4943b2514","","3","not-reviewed","false","en; fr","Visual/text review pending; reference scan is not visual approval."
"/assets/img/tools/fr/dividend-yield.webp","tools","placed","data/localization/fr-fintech-banking-pages/dividend-yield.html","600","400","20466","5641271b1c30ffc37eda2c0b8564907e5dc76764e847bf60cb4755de30d15dd0","","3","not-reviewed","false","en; fr","Visual/text review pending; reference scan is not visual approval."
"/assets/img/tools/fr/fire-calc.webp","tools","placed","data/localization/fr-fintech-banking-pages/fire-calc.html","600","400","48308","60e581b6216b336c4e71291c44947f2033ca41e019b050542a62c6e534feeed7","","3","not-reviewed","false","en; fr","Visual/text review pending; reference scan is not visual approval."
"/assets/img/tools/fr/invoice-generator.png","tools","placed","assets/js/pages/fr-document-pdf-artwork.js","1537","1023","905091","b0ac5df73dec3e2fef2cba5ad5448431972a0a38b4b7e1c64024bfd5639fd831","","2","not-reviewed","false","en","Visual/text review pending; reference scan is not visual approval."
"/assets/img/tools/fr/loan-shark-compare.webp","tools","placed","data/localization/fr-fintech-banking-pages/loan-shark-compare.html","600","400","47424","76e57a86d15dcea69c9df3501005146240d3f8decbbdb463d471a86404d81c00","","3","not-reviewed","false","en; fr","Visual/text review pending; reference scan is not visual approval."
"/assets/img/tools/fr/pdf-compress.png","tools","placed","assets/js/pages/fr-document-pdf-artwork.js","1537","1023","1555294","60f110515cf5aed2d0020ac375753bdc2787d03509b00b24b3db8083b892385f","","2","not-reviewed","false","en","Visual/text review pending; reference scan is not visual approval."
"/assets/img/tools/fr/pdf-editor.png","tools","placed","assets/js/pages/fr-document-pdf-artwork.js","1537","1023","1701657","e7a7b162cf9e8dd261a4789fded74ab2b0cfaaae9ffbe4859f9e00ad0eeaf87f","","2","not-reviewed","false","en","Visual/text review pending; reference scan is not visual approval."
"/assets/img/tools/fr/pdf-form-filler.png","tools","placed","assets/js/pages/fr-document-pdf-artwork.js","1537","1023","1718167","e4e360afa2ce891963338a0ef392493bfcb890e5ed0c1a118e6c0fbf08a8f9fb","","2","not-reviewed","false","en","Visual/text review pending; reference scan is not visual approval."
"/assets/img/tools/fr/pdf-header-footer.png","tools","placed","assets/js/pages/fr-document-pdf-artwork.js","1537","1023","1810642","a4f986d257ba7ebe3ffee77a1f6108a89d9af48916fa1673c57fffd3ad68fd1b","","2","not-reviewed","false","en","Visual/text review pending; reference scan is not visual approval."
"/assets/img/tools/fr/pdf-merge-split.png","tools","placed","assets/js/pages/fr-document-pdf-artwork.js","1537","1023","1652618","d3aab88a9b70c04b18d697f4d32b78e5527ebc5cfc90a182607b9c5fedca4e1f","","2","not-reviewed","false","en","Visual/text review pending; reference scan is not visual approval."
"/assets/img/tools/fr/pdf-ocr.png","tools","placed","assets/js/pages/fr-document-pdf-artwork.js","1537","1023","1587327","79f8fb1a3fdc9518d6ebbbf3c190abe73a21c731a4526861b8a5a02f77ecfb88","","2","not-reviewed","false","en","Visual/text review pending; reference scan is not visual approval."
"/assets/img/tools/fr/pdf-page-numbers.png","tools","placed","assets/js/pages/fr-document-pdf-artwork.js","1537","1023","1684485","91ca16642cb3463ba8d0d0253e4a17e717f7859aaceddf8e222086490876129e","","2","not-reviewed","false","en","Visual/text review pending; reference scan is not visual approval."
"/assets/img/tools/fr/pdf-password.png","tools","placed","assets/js/pages/fr-document-pdf-artwork.js","1537","1023","1435716","55e57f827315000bec86b6a0d2cf9808b09102bfb48b1ef2915c5d25cd692e16","","2","not-reviewed","false","en","Visual/text review pending; reference scan is not visual approval."
"/assets/img/tools/fr/pdf-redact.png","tools","placed","assets/js/pages/fr-document-pdf-artwork.js","1537","1023","2038174","5fb740768593bd37e9cacbeb4ea7a7d7a21a24d955ada0d27a2c90106c5846e3","","2","not-reviewed","false","en","Visual/text review pending; reference scan is not visual approval."
"/assets/img/tools/fr/pdf-sign.png","tools","placed","assets/js/pages/fr-document-pdf-artwork.js","1537","1023","1732033","5d718243e39943e01c2e4030a9c64b1f6b28591caad0816600f0dd787dea8b82","","2","not-reviewed","false","en","Visual/text review pending; reference scan is not visual approval."
"/assets/img/tools/fr/pdf-watermark.png","tools","placed","assets/js/pages/fr-document-pdf-artwork.js","1537","1023","1608357","c45439b243a5b58e2410dc52365490744e01d24e68f716da9acbc450a52e38a5","","2","not-reviewed","false","en","Visual/text review pending; reference scan is not visual approval."
"/assets/img/tools/fr/pdf-workflow.png","tools","placed","assets/js/pages/fr-document-pdf-artwork.js","1738","905","959043","c992d2b03f2bc9645c9cd1278cba3a92b66cf24c35c8a44702b8aff03f19110b","","3","not-reviewed","false","en; fr","Visual/text review pending; reference scan is not visual approval."
"/assets/img/tools/fr/pdf-workspace.png","tools","placed","assets/js/pages/fr-document-pdf-artwork.js","1536","1024","1161996","111a55917a75c8b21494289ab2c1ebee01abfd64db1304581338b13fbb1eec64","","2","not-reviewed","false","en","Visual/text review pending; reference scan is not visual approval."
"/assets/img/tools/fr/real-return.webp","tools","placed","data/localization/fr-fintech-banking-pages/real-return.html","600","400","32900","200b13c061810d595895abdcfdc22881f83b5077d0d9cc92db0ea34ee5e34e0d","","3","not-reviewed","false","en; fr","Visual/text review pending; reference scan is not visual approval."
"/assets/img/tools/fr/sacco-calc.webp","tools","placed","data/localization/fr-fintech-banking-pages/sacco-calc.html","600","400","37090","4e404f7fbac136f324cd4168239edcc3b6b80ee4be04d8fed9aca1a3f9b9791a","","3","not-reviewed","false","en; fr","Visual/text review pending; reference scan is not visual approval."
"/assets/img/tools/fr/stock-portfolio.webp","tools","placed","data/localization/fr-fintech-banking-pages/stock-portfolio.html","600","400","29688","7469107a53ed6076857e99fcd03c98c7d6a3799870e68159c5ea4a9ccb17c3f6","","3","not-reviewed","false","en; fr","Visual/text review pending; reference scan is not visual approval."
"/assets/img/tools/fr/tbill-calc.webp","tools","placed","data/localization/fr-fintech-banking-pages/tbill-calc.html","600","400","27076","9c0a503c620707a3f1da01e00179ec7f9862eb97f0bacf526299a25de156e965","","3","not-reviewed","false","en; fr","Visual/text review pending; reference scan is not visual approval."
"/assets/img/tools/fraction-calc.svg","tools","retired-alternative","/assets/img/tools/fraction-calc.webp","600","400","1498","3691844285a9ccf4c2281aac4ca118d4a44f18115281867b702618543ad99eb3","","0","contains-text","false","","Legacy English text card. Retain as an old design variant; current shared registry owns discovery artwork. Do not share embedded English headings across translated pages."
"/assets/img/tools/fraction-calc.webp","tools","placed","data/localization/fr-education-parity.json","600","400","7326","5d70dc75de748a6fa08a47a5a3505061121c4a8e18107772a975394f5c877537","","7","not-reviewed","false","en; fr; sw","Visual/text review pending; reference scan is not visual approval."
"/assets/img/tools/freelance-contract.webp","tools","placed","data/localization/fr-small-business-parity.json","800","450","26526","5a6e1d7ed2e7adb11ad5df095645a055c12cec2e948cc327d541d7a4cccf7fbc","","7","not-reviewed","false","en; fr; sw","Visual/text review pending; reference scan is not visual approval."
"/assets/img/tools/freelance-invoice.webp","tools","placed","assets/js/pages/fr-document-pdf-artwork.js","800","450","25072","907b33aea66b718ff18d1790decb8173d66cbcd8331cc179a0b9d8f94fa9e83b","","7","not-reviewed","false","en; fr; sw","Visual/text review pending; reference scan is not visual approval."
"/assets/img/tools/freelancer-rate.webp","tools","placed","data/localization/fr-small-business-parity.json","800","450","31370","92e3e940774d7ab63e9c2d59975afbea1a2ac0a0b040fbbff00677bcb9d7715a","","37","not-reviewed","false","en; fr; sw","Visual/text review pending; reference scan is not visual approval."
"/assets/img/tools/french-african.svg","tools","retired-alternative","/assets/img/tools/french-african.webp","600","400","1650","6797c781f26f63d2019f5ffbd0312a5e684b9bd0812c49902f48cb45ac2774c5","","0","contains-text","false","","Legacy English text card. Retain as an old design variant; current shared registry owns discovery artwork. Do not share embedded English headings across translated pages."
"/assets/img/tools/french-african.webp","tools","placed","fr/salary-tax/francophone/index.html","800","450","16772","0c82744f8f46c25de6a6095a2126db174d8a88978ffaf5730b14b61b0feccf05","","9","not-reviewed","false","en; fr; sw","Visual/text review pending; reference scan is not visual approval."
"/assets/img/tools/fuel-cost.webp","tools","placed","blog/index.html","600","400","9452","c953392246b45ab34f9cbf80648f2efc72d848e2fdf2bd6bf4d2ac8859567574","","12","not-reviewed","false","en; fr; sw","Visual/text review pending; reference scan is not visual approval."
"/assets/img/tools/fuel-tracker.svg","tools","placed","data/localization/sw-financial-shard-a-candidate.json","600","400","1660","0d49724dea648873c8942e49ca881f9ceb627223588d493beadfbc4563428f6b","","1","contains-text","false","en","Visual/text review pending; reference scan is not visual approval."
"/assets/img/tools/fuel-tracker.webp","tools","placed","blog/solar-panel-costs-nigeria-2026/index.html","800","450","13162","4440ebf5b3ee03f682853365169ed37a17c24fbb1df0c94e935ddf36348034b1","","171","not-reviewed","false","en; fr; sw","Visual/text review pending; reference scan is not visual approval."
"/assets/img/tools/funeral-cost.webp","tools","placed","blog/ghana-funeral-budget-checklist/index.html","800","450","33888","047d42bd2e3a8ee0c557370096d32434ecd994867f31ccf66acfba6397df3642","","12","not-reviewed","false","en; fr; sw","Visual/text review pending; reference scan is not visual approval."
"/assets/img/tools/funeral-insurance.webp","tools","placed","fr/insurance/index.html","800","450","33742","4a5c9e3d0fc6312c23a12d7d46285bdcd6d2d8757ccd22c9f576eb8f1a9c7e48","","22","not-reviewed","false","en; fr; sw","Visual/text review pending; reference scan is not visual approval."
"/assets/img/tools/fx-import-impact.webp","tools","placed","fr/tools/impact-fx-import/index.html","800","450","24396","e216561a0363248ee30da888fba1cbf10c16735e0b14a3b5c2ff16ab8c6b1b7f","","5","not-reviewed","false","en; fr; sw","Visual/text review pending; reference scan is not visual approval."
"/assets/img/tools/ga-paye.webp","tools","placed","data/registry/french-finance-tax-market-data.json","600","400","25238","55f13b470a199abd0bbe19a31fb698e6d406ca1ed11b48374addc81898a0a55c","","9","not-reviewed","false","en; fr; sw","Visual/text review pending; reference scan is not visual approval."
"/assets/img/tools/ga-vat.webp","tools","placed","data/localization/sw-ecommerce-parity-manifest.json","600","400","19210","187ed5d3cddc38da000714b9f044c770eecceb61bc37ac5935db4ed7af90ce5e","","7","not-reviewed","false","en; fr; sw","Visual/text review pending; reference scan is not visual approval."
"/assets/img/tools/gaming-pc-build.webp","tools","placed","data/localization/sw-sports-travel-parity-manifest.json","800","450","21800","089ba2b879de6de405798f4f3dd54b6854912418a943535285beff1ff4e68065","","8","not-reviewed","false","en; fr; sw","Visual/text review pending; reference scan is not visual approval."
"/assets/img/tools/gas-lpg-cost.webp","tools","placed","fr/energy/index.html","800","450","17196","b96e1262e24a794fe60547b9b08fde18c34ee41ad44d78d58a07a8a9fa14ded5","","37","not-reviewed","false","en; fr; sw","Visual/text review pending; reference scan is not visual approval."
"/assets/img/tools/gdpr-vs-africa.webp","tools","placed","data/registry/french-mortgage-property.json","800","450","24200","d200d2a22ddf23a29c7f7edff7baa038873a0a12d13bc4edf96aeff52b85c0cc","","6","not-reviewed","false","en; fr; sw","Visual/text review pending; reference scan is not visual approval."
"/assets/img/tools/generator-fuel-african.webp","tools","placed","fr/tools/calculateur-de-carburant-pour-groupe-electrogene-afrique-du-sud/index.html","800","450","21352","2bdbcb64d00b56a6f7033e8c3e8651f371e2cba36d49fee68b20dcad42c0339e","","31","not-reviewed","false","en; fr","Visual/text review pending; reference scan is not visual approval."
"/assets/img/tools/generator-fuel.webp","tools","placed","blog/index.html","800","450","18762","b9ae9d0905a76679ace4faf347a1c0941887b60b2e4d461ada44358017bbc6d6","","11","not-reviewed","false","en; fr; sw","Visual/text review pending; reference scan is not visual approval."
"/assets/img/tools/generator-sizing.svg","tools","retired-alternative","/assets/img/tools/generator-sizing.webp","600","400","1507","db1a473cbfd0dafaa777ddd6b4b22478e59a662dfeff19021bb3306bf5c7d3a1","","0","contains-text","false","","Legacy English text card. Retain as an old design variant; current shared registry owns discovery artwork. Do not share embedded English headings across translated pages."
"/assets/img/tools/generator-sizing.webp","tools","placed","blog/generator-size-for-home-nigeria/index.html","800","450","30368","0f277bfb551c14902db9bfafca2325afc3a044a7a8c02c825998fbd69b8ebb61","","10","not-reviewed","false","en; fr; sw","Visual/text review pending; reference scan is not visual approval."
"/assets/img/tools/genotype-checker.webp","tools","placed","blog/index.html","800","450","22860","5afe316267cf6e437a48b85fdf2a5ff28a9e3e580fc0a42b26d0af1d5c0d9698","","14","not-reviewed","false","en; fr; ha; sw; yo","Visual/text review pending; reference scan is not visual approval."
"/assets/img/tools/gh-paye-2.svg","tools","placed","data/localization/sw-financial-shard-a-candidate.json","600","400","1511","98a3676cd104b58dbfdee8e6f52d014d12698cad0ddf1e758853ddee958afe4b","","1","contains-text","false","en","Visual/text review pending; reference scan is not visual approval."
"/assets/img/tools/gh-paye-2.webp","tools","placed","data/localization/sw-financial-shard-a-candidate.json","800","450","17084","bd4a3a2a981b370948cffc7cb00484b07e492753d8a6c32c9fb86c3cabcd614c","","6","not-reviewed","false","en; fr; sw","Visual/text review pending; reference scan is not visual approval."
"/assets/img/tools/gh-paye.webp","tools","placed","blog/index.html","600","400","9286","28f95d54475eaca04b21cfeea5c28a2feab1fd29ac8b0597f31022a43f17b69d","","16","not-reviewed","false","en; fr; sw","Visual/text review pending; reference scan is not visual approval."
"/assets/img/tools/gh-ssnit.svg","tools","placed","data/localization/sw-financial-shard-a-candidate.json","600","400","1653","457c750d13b656f4e49d79ee33999ba383d580bbfd6fabd191d37ad94eeedb86","","1","contains-text","false","en","Visual/text review pending; reference scan is not visual approval."
"/assets/img/tools/gh-ssnit.webp","tools","placed","data/localization/sw-financial-shard-a-candidate.json","600","400","11920","eed5e5d7be515cabb4a3766a51e19c09b29e3f76f0460f5d9419a48899a4c2e0","","7","not-reviewed","false","en; fr; sw","Visual/text review pending; reference scan is not visual approval."
"/assets/img/tools/gh-vat.webp","tools","placed","blog/ghana-e-vat-invoicing-2026/index.html","600","400","17470","8d064f62149141de8bed627d9de9e1364144c4fb2369bb9d936dc7713d406858","","10","not-reviewed","false","en; fr; sw","Visual/text review pending; reference scan is not visual approval."
"/assets/img/tools/gm-paye.webp","tools","placed","blog/gambia-employer-payroll-compliance-2026/index.html","600","400","25154","4ac9e91cbd746b0aca800abe24cb8bee002d95fb9fbe75d25a2e7b40ea7de668","","13","not-reviewed","false","en; fr; sw","Visual/text review pending; reference scan is not visual approval."
"/assets/img/tools/gm-vat.webp","tools","placed","blog/gambia-vat-filing-guide-2026/index.html","600","400","19480","b3e15000ce06d974b9c6ec3624d8f4452e8de9d880ffb47c7fbacb40007e92c5","","9","not-reviewed","false","en; fr; sw","Visual/text review pending; reference scan is not visual approval."
"/assets/img/tools/gn-paye.webp","tools","placed","data/registry/french-finance-tax-market-data.json","600","400","25144","123d9e56306b2e6b628f5febbd96e6a9c878dc3e5006ec4c56e50f50acce7413","","11","not-reviewed","false","en; fr; sw","Visual/text review pending; reference scan is not visual approval."
"/assets/img/tools/gn-vat.webp","tools","placed","data/localization/sw-ecommerce-parity-manifest.json","600","400","18494","96c6c3621f2a2c686ed2b88825be5e941c4479f48eb51d1c1a4e72ba903168ae","","7","not-reviewed","false","en; fr; sw","Visual/text review pending; reference scan is not visual approval."
"/assets/img/tools/gov-scholarship.webp","tools","placed","fr/tools/bourses-gouvernementales/index.html","800","450","15146","8ed62ae17709f3753907f484448bfa0e423802d97f1713a1d3fb0039bd533671","","6","not-reviewed","false","en; fr; sw","Visual/text review pending; reference scan is not visual approval."
"/assets/img/tools/gpa-calculator.svg","tools","retired-alternative","/assets/img/tools/gpa-calculator.webp","600","400","1500","47240861cc6402d6d24d159d0c3937c7698602688c5cd8e3034188956dbdc71d","","0","contains-text","false","","Legacy English text card. Retain as an old design variant; current shared registry owns discovery artwork. Do not share embedded English headings across translated pages."
"/assets/img/tools/gpa-calculator.webp","tools","placed","blog/gpa-cgpa-calculator-african-students/index.html","600","400","7718","488fe632909f18f166ee3653ec22a0095a0cf560fbc1f6eafef2b056f27af9c5","","16","not-reviewed","false","en; fr; ha; sw","Visual/text review pending; reference scan is not visual approval."
"/assets/img/tools/gq-paye.webp","tools","placed","data/registry/french-finance-tax-market-data.json","600","400","25456","c696bb57e8cd2d347e6116b5a16e64554e374bdcbaa699967ed83604ac2caf25","","9","not-reviewed","false","en; fr; sw","Visual/text review pending; reference scan is not visual approval."
"/assets/img/tools/gq-vat.webp","tools","placed","data/localization/sw-ecommerce-parity-manifest.json","600","400","19146","ffcb1d3a9b6895f32cabddd7aa7c97b29ac2525049c6d91cebb9706ab0765db6","","7","not-reviewed","false","en; fr; sw","Visual/text review pending; reference scan is not visual approval."
"/assets/img/tools/grade-tracker.svg","tools","retired-alternative","/assets/img/tools/grade-tracker.webp","600","400","1516","affc00e120396c453ad68753b2265ba337b493e1c9b95609a46f599edef6ae9d","","0","contains-text","false","","Legacy English text card. Retain as an old design variant; current shared registry owns discovery artwork. Do not share embedded English headings across translated pages."
"/assets/img/tools/grade-tracker.webp","tools","placed","data/localization/fr-business-roi-parity.json","800","450","11958","9212d7e6f3503cb59673d9bcb6f2056309cdf87086eb554d0a34009f9a0d2fe0","","9","not-reviewed","false","en; fr; sw","Visual/text review pending; reference scan is not visual approval."
"/assets/img/tools/graphic-design-pricing.webp","tools","placed","data/localization/fr-small-business-parity.json","800","450","30288","e868da169b4115cd512429ffaec142a73293d64b6749573dc29ca56f40396572","","7","not-reviewed","false","en; fr; sw","Visual/text review pending; reference scan is not visual approval."
"/assets/img/tools/gratuity-calculator.webp","tools","placed","data/localization/fr-hr-payroll-parity.json","800","450","23472","d235068f4556207a66747fdbe978431d60456ca89234e669211c282a9970b2c6","","7","not-reviewed","false","en; fr; sw","Visual/text review pending; reference scan is not visual approval."
"/assets/img/tools/greenhouse-angola.webp","tools","placed","agriculture/greenhouse/angola.html","800","450","63282","4685cb94a77a5a04d5223443753c494c5c40c946a2cc1d003d806ef8aa64db1f","","6","not-reviewed","false","en; fr; sw","Visual/text review pending; reference scan is not visual approval."
"/assets/img/tools/greenhouse-cameroon.webp","tools","placed","agriculture/greenhouse/cameroon.html","800","450","29998","3335a68487ea08756fd204f0844ae1a4df1c1006523df091d32ce21d7ba9dc6a","","6","not-reviewed","false","en; fr; sw","Visual/text review pending; reference scan is not visual approval."
"/assets/img/tools/greenhouse-cost-estimator.webp","tools","placed","agriculture/greenhouse/index.html","600","400","7682","6ca1a51588b9a7813a6d72c90c9c65d2be1049600607978bfc14a894642d2367","","6","not-reviewed","false","en; fr; sw","Visual/text review pending; reference scan is not visual approval."
"/assets/img/tools/greenhouse-cote-d-ivoire.webp","tools","placed","agriculture/greenhouse/cote-d-ivoire.html","800","450","24636","d6af19481b0cddd43327c15ad384ce87b2fa875dd8a62870dca17dd0b147b2c3","","6","not-reviewed","false","en; fr; sw","Visual/text review pending; reference scan is not visual approval."
"/assets/img/tools/greenhouse-egypt.webp","tools","placed","agriculture/greenhouse/egypt.html","800","450","45694","9be7e14efd9c0ff8ed9a7dd3fb67df6504433e7c414973a769d0a648d7e26c76","","6","not-reviewed","false","en; fr; sw","Visual/text review pending; reference scan is not visual approval."
"/assets/img/tools/greenhouse-ethiopia.webp","tools","placed","agriculture/greenhouse/ethiopia.html","800","450","23446","112fad4fbd459f7fde8d953bde6a124d129e71f5909209a227b75b57c9d7a8e9","","6","not-reviewed","false","en; fr; sw","Visual/text review pending; reference scan is not visual approval."
"/assets/img/tools/greenhouse-ghana.webp","tools","placed","agriculture/greenhouse/ghana.html","800","450","65534","6c0baacff158b45829897f801b625b03055c12918df1e2a112501a9322865a60","","6","not-reviewed","false","en; fr; sw","Visual/text review pending; reference scan is not visual approval."
"/assets/img/tools/greenhouse-kenya.webp","tools","placed","agriculture/greenhouse/kenya.html","800","450","35218","19e52f5dea39719a0f76b302de4346aca78c0c2f955a4179eaa205235ca6db09","","6","not-reviewed","false","en; fr; sw","Visual/text review pending; reference scan is not visual approval."
"/assets/img/tools/greenhouse-morocco.webp","tools","placed","agriculture/greenhouse/morocco.html","800","450","64830","d53bdc994910ccebd1a8976597c2e2ef96bc2a80402f33aeff5fca40273209de","","6","not-reviewed","false","en; fr; sw","Visual/text review pending; reference scan is not visual approval."
"/assets/img/tools/greenhouse-nigeria.webp","tools","placed","agriculture/greenhouse/nigeria.html","800","450","31466","d53679aa95e78b4c3777484a1b3d0788f584800f5bb8beaa0a890e61c6be2de9","","6","not-reviewed","false","en; fr; sw","Visual/text review pending; reference scan is not visual approval."
"/assets/img/tools/greenhouse-rwanda.webp","tools","placed","agriculture/greenhouse/rwanda.html","800","450","34142","1d6a23569ce246a416e85c3ecfba4e3b101e79efd86bacbf4871ba0c39a5eab4","","6","not-reviewed","false","en; fr; sw","Visual/text review pending; reference scan is not visual approval."
"/assets/img/tools/greenhouse-senegal.webp","tools","placed","agriculture/greenhouse/senegal.html","800","450","33228","db5e51a34a3b58f2cfebc41cd90a021c96e393646aa33fca8b620a7a73b7628c","","6","not-reviewed","false","en; fr; sw","Visual/text review pending; reference scan is not visual approval."
"/assets/img/tools/greenhouse-south-africa.webp","tools","placed","agriculture/greenhouse/south-africa.html","800","450","44198","3cdd6937a53b205ab1fc2df552dd012fbc0da995c257778dd60e59241864d404","","6","not-reviewed","false","en; fr; sw","Visual/text review pending; reference scan is not visual approval."
"/assets/img/tools/greenhouse-tanzania.webp","tools","placed","agriculture/greenhouse/tanzania.html","800","450","28820","091e6f8f24ae08c524ecc95855b873d3726c0705122101dce8afca8b9770a0da","","6","not-reviewed","false","en; fr; sw","Visual/text review pending; reference scan is not visual approval."
"/assets/img/tools/greenhouse-tunisia.webp","tools","placed","agriculture/greenhouse/tunisia.html","800","450","50522","2c3547dabf3e75e06102ada8f33652715fd7f0456015ce055d478e165cdddb84","","6","not-reviewed","false","en; fr; sw","Visual/text review pending; reference scan is not visual approval."
"/assets/img/tools/greenhouse-uganda.webp","tools","placed","agriculture/greenhouse/uganda.html","800","450","37804","7bb689f299855dd8cef7dd12e04974509d641f77034752aa7922a4429888f9f4","","6","not-reviewed","false","en; fr; sw","Visual/text review pending; reference scan is not visual approval."
"/assets/img/tools/guard-service-cost.webp","tools","placed","data/localization/fr-small-business-parity.json","800","450","28134","5d882b1cbb5fd9077980d4e00484ea57c36e9112c071466393d8766c7d5b1a83","","7","not-reviewed","false","en; fr; sw","Visual/text review pending; reference scan is not visual approval."
"/assets/img/tools/gw-paye.webp","tools","placed","data/localization/sw-financial-shard-a-candidate.json","600","400","24364","6f942bbf86530daf97b9868f1ee58acf09740d8d71ba48445dfbe20a5e2e1c7d","","9","not-reviewed","false","en; fr; sw","Visual/text review pending; reference scan is not visual approval."
"/assets/img/tools/gw-vat.webp","tools","placed","data/localization/sw-ecommerce-parity-manifest.json","600","400","17522","7aa02357eca66bd7663af5564f70dd9265a864223d6899f3aa28e2fbdc033ddc","","6","not-reviewed","false","en; fr; sw","Visual/text review pending; reference scan is not visual approval."
"/assets/img/tools/gym-cost-compare.webp","tools","placed","fr/health/index.html","800","450","24136","259aa9079c92c1b2ba5c50126a6d66b9b173fd4b1f0ade1ede57beac8da3f31f","","7","not-reviewed","false","en; fr; sw","Visual/text review pending; reference scan is not visual approval."
"/assets/img/tools/gym-roi-business.webp","tools","placed","data/localization/sw-sports-travel-parity-manifest.json","800","450","30592","533c30cc6522935ab31b0bc8df758a63e46d2d7bcec9613d76a516d66ca30d63","","8","not-reviewed","false","en; fr; sw","Visual/text review pending; reference scan is not visual approval."
"/assets/img/tools/hajj-budget.webp","tools","placed","data/localization/fr-religious-cultural-parity.json","800","450","41822","33579bc777a1f2a3bd8e2d502015aa30cdcc05173fd2a104f689d6676aa02547","","8","not-reviewed","false","en; fr; sw","Visual/text review pending; reference scan is not visual approval."
"/assets/img/tools/halal-compliance.webp","tools","placed","data/localization/fr-religious-cultural-parity.json","800","450","36386","bf48f91fc47e4b721bea3606338b6ec8088ff586b2a23ff2b03cbbefe7829df2","","6","not-reviewed","false","en; fr; sw","Visual/text review pending; reference scan is not visual approval."
"/assets/img/tools/harvest-date-estimator.webp","tools","placed","agriculture/harvest-date/index.html","800","450","35364","ea60da4ecd9cbb2fb36881d83eabc10edfd37ca731ace359b9dfb8a8f5227210","","8","not-reviewed","false","en; fr; sw","Visual/text review pending; reference scan is not visual approval."
"/assets/img/tools/hash-generator.svg","tools","retired-alternative","/assets/img/tools/hash-generator.webp","600","400","1495","b2597985c147512e49b94bbf1fe0c65f11ad35e9f74d519e9045de9ad2a53395","","0","contains-text","false","","Legacy English text card. Retain as an old design variant; current shared registry owns discovery artwork. Do not share embedded English headings across translated pages."
"/assets/img/tools/hash-generator.webp","tools","placed","data/localization/fr-developer-parity-manifest.json","800","450","13826","ef6007db7775176bd0baf3a0bd559b613fd9df11ba020f8179eba227fb7bded0","","7","not-reviewed","false","en; fr; sw","Visual/text review pending; reference scan is not visual approval."
"/assets/img/tools/hausa-translator.svg","tools","placed","ha/harshe-da-fassara/index.html","600","400","1654","ec2ea87b1bdbfe19a0b446ee20646795a7a42f90dedb45571fe879bdb7c16d9e","","1","contains-text","false","ha","Visual/text review pending; reference scan is not visual approval."
"/assets/img/tools/hausa-translator.webp","tools","placed","fr/tools/traducteur-haoussa/index.html","800","450","18794","d40ec3b120b38f80967ae316176d0dea8ea3b95768ea3212e0e9aef21a010d0d","","10","not-reviewed","false","en; fr; ha; sw","Visual/text review pending; reference scan is not visual approval."
"/assets/img/tools/hawala-tracker.svg","tools","placed","blog/index.html","600","400","1647","5587b23580afd99e060f4adae64ea7a64017ad2103898430dfb32b94118ba8df","","1","contains-text","false","en","Visual/text review pending; reference scan is not visual approval."
"/assets/img/tools/hawala-tracker.webp","tools","placed","data/localization/fr-uniquely-african-parity-manifest.json","800","450","25050","534395fee18e072204bee530f2e1ef819c323c570cc8c390c5745610aa47326f","","9","not-reviewed","false","en; fr; sw","Visual/text review pending; reference scan is not visual approval."
"/assets/img/tools/health-contribution.webp","tools","placed","fr/insurance/index.html","800","450","17534","9ee8000cc0823c1f5d4aaf6cbeab6cd1ce5828b52fefbdc23e42e5834bf00fb9","","7","not-reviewed","false","en; fr; sw","Visual/text review pending; reference scan is not visual approval."
"/assets/img/tools/health-insurance-compare.webp","tools","placed","fr/health-insurance/index.html","800","450","17360","7957aa15d16254d277bc494c6cd7001b075e459a35adc9022c1d7b17874e4831","","25","not-reviewed","false","en; fr; sw","Visual/text review pending; reference scan is not visual approval."
"/assets/img/tools/hep-b-screening.webp","tools","placed","fr/health/index.html","800","450","17232","59bfc6b894315eed500667752086522fa846dcb22a56c474e161a44b31fabc94","","7","not-reviewed","false","en; fr; sw","Visual/text review pending; reference scan is not visual approval."
"/assets/img/tools/hiv-treatment-cost.webp","tools","placed","fr/health/index.html","800","450","32290","6d3c975603dc6c344c891855f9a7187ea5c396521b583dee3ab652c0ae15740e","","7","not-reviewed","false","en; fr; sw","Visual/text review pending; reference scan is not visual approval."
"/assets/img/tools/home-loan-eligibility.webp","tools","placed","data/localization/sw-financial-shard-a-candidate.json","800","450","16466","7116a7abeb94cdcd87f17889f1804aa0a7fa6d5baba5d5edc027a2c0541831aa","","7","not-reviewed","false","en; fr; sw","Visual/text review pending; reference scan is not visual approval."
"/assets/img/tools/home-renovation-cost.webp","tools","placed","fr/ingenierie/index.html","800","450","32218","bf888efbb1eca43b5a696e374966dbd5857d6e0f5d4e2b11a571971df2b4ffad","","6","not-reviewed","false","en; fr; sw","Visual/text review pending; reference scan is not visual approval."
"/assets/img/tools/home-security-cost.webp","tools","placed","fr/tools/cout-securite-maison/index.html","800","450","34476","c07dba0213c4b576cb924bc866bc306cdcb37666b147cbed6409d4702d73068e","","6","not-reviewed","false","en; fr; sw","Visual/text review pending; reference scan is not visual approval."
"/assets/img/tools/home-workout.webp","tools","placed","fr/health/index.html","800","450","28746","94d8ad0d8c8fbcec55cd59dcf2b3fdc9aa4f37ddecb619e9dfa2cb83dd45484c","","7","not-reviewed","false","en; fr; sw","Visual/text review pending; reference scan is not visual approval."
"/assets/img/tools/hospital-cost.svg","tools","placed","ha/assets/health-ha.css","600","400","1645","cb63a707678355cce242b98c66659f98ad021eb97d432638d7dd6991f44508ec","","1","contains-text","false","ha","Visual/text review pending; reference scan is not visual approval."
"/assets/img/tools/hospital-cost.webp","tools","placed","fr/health/index.html","800","450","13894","d19d06f26df20d5c08073488a32dcf4fc430e17c508f90d8e34670b9b5b70da0","","15","not-reviewed","false","en; fr; ha; sw; yo","Visual/text review pending; reference scan is not visual approval."
"/assets/img/tools/hosting-compare.webp","tools","placed","data/localization/fr-developer-parity-manifest.json","800","450","20048","58f1c434daf03173cfdb6b3ce329d8bcdf9c72781e0107b6ce484d0ceecd620d","","7","not-reviewed","false","en; fr; sw","Visual/text review pending; reference scan is not visual approval."
"/assets/img/tools/hotel-star-guide.webp","tools","placed","data/localization/sw-sports-travel-parity-manifest.json","800","450","71824","69924d71530fbee4278420075e6e84c593ce0bf469a22774ec0bacf5e2b0d443","","9","not-reviewed","false","en; fr; sw","Visual/text review pending; reference scan is not visual approval."
"/assets/img/tools/hs-code-lookup.webp","tools","placed","fr/tools/recherche-code-sh/index.html","800","450","17540","5d756161ee5a37cc2b50c263610e9e093870e105e9cd22f317625d4c7d299b22","","5","not-reviewed","false","en; fr; sw","Visual/text review pending; reference scan is not visual approval."
"/assets/img/tools/htaccess-gen.svg","tools","placed","fr/tools/generateur-htaccess/index.html","600","400","1502","e15202fb2f75617024841815fe2000174cfab46a68df9d69bdad56f893fb7578","","2","contains-text","false","en; fr","Visual/text review pending; reference scan is not visual approval."
"/assets/img/tools/htaccess-gen.webp","tools","placed","data/localization/fr-developer-parity-manifest.json","800","450","10526","e42fa86edc6149d8f3c35625773795dc5b8ca4ca1feaf9b9108effc258119e27","","5","not-reviewed","false","en; fr; sw","Visual/text review pending; reference scan is not visual approval."
"/assets/img/tools/html-entities.svg","tools","placed","fr/tools/entites-html/index.html","600","400","1503","f83e144ee4f7625f1e2e211bf854f10a6a50247a3a039808e3977b128d3a7347","","3","contains-text","false","en; fr; sw","Visual/text review pending; reference scan is not visual approval."
"/assets/img/tools/html-entities.webp","tools","placed","data/localization/fr-developer-parity-manifest.json","800","450","11430","7a75c4a2d5a2eb34b4bfd9d136e1b9bc48ea5518ff147454ae8b99af875dd501","","5","not-reviewed","false","en; fr; sw","Visual/text review pending; reference scan is not visual approval."
"/assets/img/tools/html-to-pdf.webp","tools","placed","assets/js/pages/fr-document-pdf-artwork.js","800","450","21002","1b8ede09745de48f18fda300f11f744cb2e4b458adf57f16bdbb7841f4fd5f4c","","7","not-reviewed","false","en; fr; sw","Visual/text review pending; reference scan is not visual approval."
"/assets/img/tools/idea-board.webp","tools","placed","data/localization/sw-ecommerce-parity-manifest.json","800","450","21138","ba2cd811f6943abad6df37237292d4325211e594c4ce7b6981e6a05520e87d8b","","7","not-reviewed","false","en; fr; sw","Visual/text review pending; reference scan is not visual approval."
"/assets/img/tools/ielts-calculator.svg","tools","retired-alternative","/assets/img/tools/ielts-calculator.webp","600","400","1512","6c899a17b8921963711c24b608e3720a8b9172c491ce86ab74e9cd3129634ab1","","0","contains-text","false","","Legacy English text card. Retain as an old design variant; current shared registry owns discovery artwork. Do not share embedded English headings across translated pages."
"/assets/img/tools/ielts-calculator.webp","tools","placed","data/localization/fr-education-parity.json","600","400","7290","928315184085f5bfa97752eeedf85d3feb89fc5e7afaa4275ffd1947318dc2ce","","8","not-reviewed","false","en; fr; sw","Visual/text review pending; reference scan is not visual approval."
"/assets/img/tools/igbo-translator.svg","tools","retired-alternative","/assets/img/tools/igbo-translator.webp","600","400","1516","ba4bdb31a4830af85279a02de2406121dacb13777a11865c15931a5063cfcbe4","","0","contains-text","false","","Legacy English text card. Retain as an old design variant; current shared registry owns discovery artwork. Do not share embedded English headings across translated pages."
"/assets/img/tools/igbo-translator.webp","tools","placed","fr/tools/traducteur-igbo/index.html","800","450","25008","b8318d6fa3949c2ddc4484dcfb439feb5c22f4168223e5d776ba28c03a02e970","","6","not-reviewed","false","en; fr; sw","Visual/text review pending; reference scan is not visual approval."
"/assets/img/tools/image-compress.webp","tools","placed","blog/compress-image-online-application-africa/index.html","600","400","6708","a627829db983bbaedd3cd860378426e98a974a4a90d10abd48c33485f008b356","","13","not-reviewed","false","en; fr; sw","Visual/text review pending; reference scan is not visual approval."
"/assets/img/tools/image-crop.svg","tools","placed","fr/tools/recadrer-image/index.html","600","400","1516","81959f32ff9a70af203a55eec55dd9ae6ae3a16ea1327fc7d4cebf61bfadab9b","","2","contains-text","false","en; fr","Visual/text review pending; reference scan is not visual approval."
"/assets/img/tools/image-crop.webp","tools","placed","fr/tools/recadrer-image/index.html","800","450","40404","4b30329213167fa7344ec7af67b3a8e130e97c3bf2b9ba36cbb5d9fec64c78cc","","3","not-reviewed","false","en; fr; sw","Visual/text review pending; reference scan is not visual approval."
"/assets/img/tools/image-filters.svg","tools","retired-alternative","/assets/img/tools/image-filters.webp","600","400","1514","ad021a990ec9e0491974aeee2b7b7eed5f93c056d54eef32029ed55b118137f9","","0","contains-text","false","","Legacy English text card. Retain as an old design variant; current shared registry owns discovery artwork. Do not share embedded English headings across translated pages."
"/assets/img/tools/image-filters.webp","tools","placed","fr/tools/filtres-image/index.html","800","450","17218","2d3d524798d2942230d2f76e5eeeb5ae854c1edf1e3357cb830dfe17f554ff26","","5","not-reviewed","false","en; fr; sw","Visual/text review pending; reference scan is not visual approval."
"/assets/img/tools/image-format-convert.svg","tools","retired-alternative","/assets/img/tools/image-format-convert.webp","600","400","1512","a8e942c06a47aab71807024fa3ee129d770615cdd684eb9bc3fa522a7ccfc876","","0","contains-text","false","","Legacy English text card. Retain as an old design variant; current shared registry owns discovery artwork. Do not share embedded English headings across translated pages."
"/assets/img/tools/image-format-convert.webp","tools","placed","fr/image-design/index.html","800","450","26024","b0bc7b20a724e946eef4ff509425d4acf381008d6b2e0833ea41f86e0ed566c2","","8","not-reviewed","false","en; fr; sw","Visual/text review pending; reference scan is not visual approval."
"/assets/img/tools/image-resize.svg","tools","retired-alternative","/assets/img/tools/image-resize.webp","600","400","1521","e89d56abc604827af215eb054bd0e7e35bd1f89bb98374d4b20e3a2f889fee44","","0","contains-text","false","","Legacy English text card. Retain as an old design variant; current shared registry owns discovery artwork. Do not share embedded English headings across translated pages."
"/assets/img/tools/image-resize.webp","tools","placed","fr/tools/redimensionner-image/index.html","800","450","16968","049708c3b823aea45db6be01398fc79013e0e5429d3de53a06d1fdf773ed7aab","","5","not-reviewed","false","en; fr; sw","Visual/text review pending; reference scan is not visual approval."
"/assets/img/tools/image-to-text.svg","tools","retired-alternative","/assets/img/tools/image-to-text.webp","600","400","1509","4b6fdf526fad0750d41af3c17f9c1335032bac83d9d165f296640ee766b550a7","","0","contains-text","false","","Legacy English text card. Retain as an old design variant; current shared registry owns discovery artwork. Do not share embedded English headings across translated pages."
"/assets/img/tools/image-to-text.webp","tools","placed","fr/tools/image-en-texte/index.html","800","450","17730","e2e91e6c391a41b4a40c767180567ab20f9a4f46560c149f9137b8eb5c769946","","6","not-reviewed","false","en; fr; sw","Visual/text review pending; reference scan is not visual approval."
"/assets/img/tools/immigration-points.webp","tools","placed","fr/diaspora/index.html","800","450","28826","9e44c4df4e9f61a6968939802b36aadc6e5a8286473ba7cc65b0ef8d92d8e5e3","","5","not-reviewed","false","en; fr; sw","Visual/text review pending; reference scan is not visual approval."
"/assets/img/tools/import-duty.webp","tools","placed","ai/trade/index.html","600","400","12072","4b11101ef9022665ba4a8b2d95e49c77d65b5d7c7eba4cd4b3875caad4aefc9b","","17","not-reviewed","false","en; fr; sw","Visual/text review pending; reference scan is not visual approval."
"/assets/img/tools/incoterms-calculator.webp","tools","placed","fr/tools/calculateur-incoterms/index.html","800","450","32288","686dd286623105f637f75ae0dc55776a7a71a721c2b6dbe748878ad7eb20a35f","","6","not-reviewed","false","en; fr; sw","Visual/text review pending; reference scan is not visual approval."
"/assets/img/tools/inflation-calc.svg","tools","placed","blog/index.html","600","400","1509","ecf62e260449c7ad87c8340ddb8617e2df1eca313b52218635dbe8341f280819","","1","contains-text","false","en","Visual/text review pending; reference scan is not visual approval."
"/assets/img/tools/inflation-calc.webp","tools","placed","data/registry/french-finance-tax-market-data.json","800","450","17448","aff940b4afd46a6e85ae5aae6d684b27246841106fdfe7f9a4138ae7654fd520","","7","not-reviewed","false","en; fr; sw","Visual/text review pending; reference scan is not visual approval."
"/assets/img/tools/influencer-rate.webp","tools","placed","data/localization/fr-small-business-parity.json","800","450","47974","4a1b8592f17c785200ea35b9480564db3f60c716a74585d426ddabe36b62e7e6","","8","not-reviewed","false","en; fr; sw","Visual/text review pending; reference scan is not visual approval."
"/assets/img/tools/informal-fx-watch.webp","tools","placed","data/localization/fr-uniquely-african-parity-manifest.json","800","450","21256","cad8d29f9c7fa1620c0c836807dc2a324912944570ec332cd5a6099b60a4117d","","9","not-reviewed","false","en; fr; sw","Visual/text review pending; reference scan is not visual approval."
"/assets/img/tools/inheritance-tax.webp","tools","placed","data/registry/french-mortgage-property.json","800","450","92198","6b54806e6ed25ab13002977946ebec878caf6de9ed94765cd80ffa0792da2c84","","6","not-reviewed","false","en; fr; sw","Visual/text review pending; reference scan is not visual approval."
"/assets/img/tools/input-prices-angola.webp","tools","placed","agriculture/input-prices/angola.html","800","450","72292","d9fa4e0ade47093d00f0e44846aa6e19ba241ffad528a940ceb45f3ccd79916a","","6","not-reviewed","false","en; fr; sw","Visual/text review pending; reference scan is not visual approval."
"/assets/img/tools/input-prices-cameroon.webp","tools","placed","agriculture/input-prices/cameroon.html","800","450","24852","7ac494c7830dde79fc6aaceb28d8252414469992770b2974b246d23fb341ed34","","6","not-reviewed","false","en; fr; sw","Visual/text review pending; reference scan is not visual approval."
"/assets/img/tools/input-prices-cote-d-ivoire.webp","tools","placed","agriculture/input-prices/cote-d-ivoire.html","800","450","35352","e553db385a3daa21bdc797e11a41909702f49ea242cdc1e764525e6f179041a8","","6","not-reviewed","false","en; fr; sw","Visual/text review pending; reference scan is not visual approval."
"/assets/img/tools/input-prices-egypt.webp","tools","placed","agriculture/input-prices/egypt.html","800","450","36528","6ef7598a69dbc182bf33a952700db6ffb2bc2faa6a623499ac86653bdb9e319a","","6","not-reviewed","false","en; fr; sw","Visual/text review pending; reference scan is not visual approval."
"/assets/img/tools/input-prices-ethiopia.webp","tools","placed","agriculture/input-prices/ethiopia.html","800","450","21994","b20af1a23e73c7982f1a8b55988451933ca5c92b5346c65db94ba46fe72abb5e","","6","not-reviewed","false","en; fr; sw","Visual/text review pending; reference scan is not visual approval."
"/assets/img/tools/input-prices-ghana.webp","tools","placed","agriculture/input-prices/ghana.html","800","450","47726","3bff7df04e9f99c254acf4149b701753c60dab6244fbc7b28f8df940ee98f251","","6","not-reviewed","false","en; fr; sw","Visual/text review pending; reference scan is not visual approval."
"/assets/img/tools/input-prices-kenya.webp","tools","placed","agriculture/input-prices/kenya.html","800","450","44198","a4feec81033b9896089ac964197ea2ac027afc5a0b4bec5437881df86739d992","","6","not-reviewed","false","en; fr; sw","Visual/text review pending; reference scan is not visual approval."
"/assets/img/tools/input-prices-morocco.webp","tools","placed","agriculture/input-prices/morocco.html","800","450","27568","0384b0c31275f58f30cc127e7efff7b8a730772ec640fb417963ef36344ab1e3","","6","not-reviewed","false","en; fr; sw","Visual/text review pending; reference scan is not visual approval."
"/assets/img/tools/input-prices-nigeria.webp","tools","placed","agriculture/input-prices/nigeria.html","800","450","19598","c3d2aa28b0c2818cdf9e5dea91fe1433441f76fe9df927166cd185992f2b915d","","6","not-reviewed","false","en; fr; sw","Visual/text review pending; reference scan is not visual approval."
"/assets/img/tools/input-prices-rwanda.webp","tools","placed","agriculture/input-prices/rwanda.html","800","450","20276","8ac79ad8378f59d518bb1de8964f1ba568b9e4a76a0d28a9ef0db030c359879d","","6","not-reviewed","false","en; fr; sw","Visual/text review pending; reference scan is not visual approval."
"/assets/img/tools/input-prices-senegal.webp","tools","placed","agriculture/input-prices/senegal.html","800","450","46488","e8f1851dde0f119074c4059dcf957340b31592b6e243f13b75219a0150e1874b","","6","not-reviewed","false","en; fr; sw","Visual/text review pending; reference scan is not visual approval."
"/assets/img/tools/input-prices-south-africa.webp","tools","placed","agriculture/input-prices/south-africa.html","800","450","43958","87de5cc97f04c3f88da11388035d8eeef675d5bdab6abe55f28f264bd1262e78","","6","not-reviewed","false","en; fr; sw","Visual/text review pending; reference scan is not visual approval."
"/assets/img/tools/input-prices-tanzania.webp","tools","placed","agriculture/input-prices/tanzania.html","800","450","30902","d9335853902c12b97610d728241e1e694897320da7cb33562d3d01d8d6b28a42","","6","not-reviewed","false","en; fr; sw","Visual/text review pending; reference scan is not visual approval."
"/assets/img/tools/input-prices-tunisia.webp","tools","placed","agriculture/input-prices/tunisia.html","800","450","25398","aec0f7fb0c2d8fdad0268160210e0d5724b70d4e955d51444816830042a27bc2","","6","not-reviewed","false","en; fr; sw","Visual/text review pending; reference scan is not visual approval."
"/assets/img/tools/input-prices-uganda.webp","tools","placed","agriculture/input-prices/uganda.html","800","450","16254","25622628bd217734a161319b5ec62b6a4dede2022902058b629275b9d379b9a8","","6","not-reviewed","false","en; fr; sw","Visual/text review pending; reference scan is not visual approval."
"/assets/img/tools/input-prices.webp","tools","placed","agriculture/input-prices/index.html","800","450","35194","3167e0f7527cdeb0e5c8be2ff551502717b0d00694104b99cb27fca7674c1223","","6","not-reviewed","false","en; fr; sw","Visual/text review pending; reference scan is not visual approval."
"/assets/img/tools/insurance-fraud-checker.webp","tools","placed","fr/insurance/index.html","800","450","53200","2fa0b95ff9cfa8b1a0ca3fa17fb9a0a6dde2c003d8e695521eed98f37893e234","","7","not-reviewed","false","en; fr; sw","Visual/text review pending; reference scan is not visual approval."
"/assets/img/tools/interest-rate-ref.svg","tools","placed","data/localization/sw-financial-shard-a-candidate.json","600","400","1511","8f46c47936aff7079fa8d4dc50fc2cd7bb09bc3fea0467f35de95e37b477333a","","3","contains-text","false","en; fr","Visual/text review pending; reference scan is not visual approval."
"/assets/img/tools/interest-rate-ref.webp","tools","placed","data/localization/sw-financial-shard-a-candidate.json","800","450","32102","60eabb819e1da1c85000071240e7bf33ca6b0fb337ecfa5bd922b4680fb58ee2","","5","not-reviewed","false","en; fr; sw","Visual/text review pending; reference scan is not visual approval."
"/assets/img/tools/interview-prep.webp","tools","placed","data/localization/fr-education-parity.json","800","450","48030","21b18095cd6042f6ed59d00b629f61fe0b5d473f1ce72411133e0c347f06e4b7","","5","not-reviewed","false","en; fr; sw","Visual/text review pending; reference scan is not visual approval."
"/assets/img/tools/inventory.svg","tools","retired-alternative","/assets/img/tools/inventory.webp","600","400","1499","ce2213fa3cd8ffdaac6ec21becaa53eb48c2025141cda176994342f9f0d281e5","","0","contains-text","false","","Legacy English text card. Retain as an old design variant; current shared registry owns discovery artwork. Do not share embedded English headings across translated pages."
"/assets/img/tools/inventory.webp","tools","placed","blog/index.html","800","450","16096","59800a25ad27a07e3bb4f1189c6b742d45b21813c1082120e5c49cdce7c87d9c","","11","not-reviewed","false","en; fr; sw","Visual/text review pending; reference scan is not visual approval."
"/assets/img/tools/investment-return.svg","tools","retired-alternative","/assets/img/tools/investment-return.webp","600","400","1509","1e3f363b1dd131f20d94a6d7a70000cd25300b0ed46bb95591c6ef39d2f74d94","","0","contains-text","false","","Legacy English text card. Retain as an old design variant; current shared registry owns discovery artwork. Do not share embedded English headings across translated pages."
"/assets/img/tools/investment-return.webp","tools","placed","data/registry/french-finance-tax-market-data.json","800","450","17936","fd7d9a6d1956e00e2495b2c84906f5b872d0d7a69537f0ed837e8a4567a8cee7","","7","not-reviewed","false","en; fr; sw","Visual/text review pending; reference scan is not visual approval."
"/assets/img/tools/invoice-factoring.webp","tools","placed","data/localization/fr-fintech-banking-pages/invoice-factoring.html","800","450","36474","3d05deab1388cc2c981c0c24564b5f7e60fa5d7ae05f24d2bf9924a4f95dcad9","","8","not-reviewed","false","en; fr; sw","Visual/text review pending; reference scan is not visual approval."
"/assets/img/tools/invoice-generator.webp","tools","placed","blog/cote-divoire-fne-e-invoicing-2026/index.html","600","400","8192","06624188382c3644f404a5647b28cc3975bf0d625336732e222eb6679229c738","","21","not-reviewed","false","en; fr; ha; sw; yo","Visual/text review pending; reference scan is not visual approval."
"/assets/img/tools/ip-calculator.webp","tools","rejected-artwork","assets/js/components/tool-registry.js","800","450","11926","7e5beb663b66eef021c796e1269a60f20e81f6ecc95734edd0b6e11c74d756df","","0","not-reviewed","false","","Visual review shows a receipt, calculator and money. This does not illustrate Internet Protocol subnet calculation. Do not attach based on filename."
"/assets/img/tools/ip-protection.webp","tools","placed","data/registry/french-mortgage-property.json","800","450","18130","8aa28dda3d5fdb35fa03aa8474bfaa8fb6322ee4baf7d570fa036692897b3e5e","","9","not-reviewed","false","en; fr; sw","Visual/text review pending; reference scan is not visual approval."
"/assets/img/tools/ip-rights-africa.svg","tools","retired-alternative","/assets/img/tools/ip-rights-africa.webp","600","400","1500","fac351f0cdf1f0d60b56e3fcfa34dfcd16c52c47d48b30407ed22b7c8f793b2f","","0","contains-text","false","","Legacy English text card. Retain as an old design variant; current shared registry owns discovery artwork. Do not share embedded English headings across translated pages."
"/assets/img/tools/ip-rights-africa.webp","tools","placed","data/registry/french-mortgage-property.json","800","450","22104","7b583c7e38c51f758d15308a2ae77ee801349287d11628d5a0c60dfb5c21edda","","9","not-reviewed","false","en; fr; sw","Visual/text review pending; reference scan is not visual approval."
"/assets/img/tools/irrigation-algeria.webp","tools","placed","agriculture/irrigation/algeria.html","600","400","9880","288487e769b43a8333b2b5b25bbdac40d86582c4d768896d019bdc42658d1b78","","6","not-reviewed","false","en; fr; sw","Visual/text review pending; reference scan is not visual approval."
"/assets/img/tools/irrigation-angola.webp","tools","placed","agriculture/irrigation/angola.html","600","400","8334","696d5ff810666a186735f2cd241208332f89a13853d0fb1b50fd64934d7d2e9c","","6","not-reviewed","false","en; fr; sw","Visual/text review pending; reference scan is not visual approval."
"/assets/img/tools/irrigation-benin.webp","tools","placed","agriculture/irrigation/benin.html","600","400","8394","0ac6b80640f939469e3cd8c3392d60f7405b73b3a0402fb47d7cb0f3fc780a73","","6","not-reviewed","false","en; fr; sw","Visual/text review pending; reference scan is not visual approval."
"/assets/img/tools/irrigation-calculator.webp","tools","placed","agriculture/irrigation/index.html","600","400","19630","8c02a907e0fca6e7f9559bcb4988d5b8df3be373ea0d6b83232ed584bd1e03a0","","8","not-reviewed","false","en; fr; sw","Visual/text review pending; reference scan is not visual approval."
"/assets/img/tools/irrigation-cameroon.webp","tools","placed","agriculture/irrigation/cameroon.html","600","400","7504","1b2ad7bc958b593a62b9f2ec8ce29bd8ff93dba0f5cf9f19e4d4dbbe34cd28a2","","6","not-reviewed","false","en; fr; sw","Visual/text review pending; reference scan is not visual approval."
"/assets/img/tools/irrigation-dr-congo.webp","tools","placed","agriculture/irrigation/dr-congo.html","600","400","11208","6d42f0d847c86f776150d99415a786ff031109cd7d61d4f2f653d2f9f47d382d","","6","not-reviewed","false","en; fr; sw","Visual/text review pending; reference scan is not visual approval."
"/assets/img/tools/irrigation-egypt.webp","tools","placed","agriculture/irrigation/egypt.html","600","400","10112","a2eed24744b259899b83655f856f5ff7952ec22cd5cd901dddb85479d6e24fa7","","6","not-reviewed","false","en; fr; sw","Visual/text review pending; reference scan is not visual approval."
"/assets/img/tools/irrigation-ethiopia.webp","tools","placed","agriculture/irrigation/ethiopia.html","600","400","9336","ac8d30465835eb984b5e7e58bdddb910e6c523d7e0ca8428094de72bea338afc","","6","not-reviewed","false","en; fr; sw","Visual/text review pending; reference scan is not visual approval."
"/assets/img/tools/irrigation-ghana.webp","tools","placed","agriculture/irrigation/ghana.html","600","400","8424","7011886a511851d533323a3c02b9b5e07834bd7b5317084008b9db7fb7c1c0d1","","6","not-reviewed","false","en; fr; sw","Visual/text review pending; reference scan is not visual approval."
"/assets/img/tools/irrigation-guinea.webp","tools","placed","agriculture/irrigation/guinea.html","600","400","8832","c8b1e8e26d0867658929a250a4f4fd6268ce03dfb8d9a8386bffe871e2d17ee6","","6","not-reviewed","false","en; fr; sw","Visual/text review pending; reference scan is not visual approval."
"/assets/img/tools/irrigation-kenya.webp","tools","placed","agriculture/irrigation/kenya.html","600","400","10678","3adc59d5415e022cfc301723412db87409841e1503f8996061277708c537e1e5","","7","not-reviewed","false","en; fr; sw","Visual/text review pending; reference scan is not visual approval."
"/assets/img/tools/irrigation-mali.webp","tools","placed","agriculture/irrigation/mali.html","600","400","8796","e8ad13f27d88e5a85a7e97b31b7073b4290822f732541ab2226f518c3858cc11","","6","not-reviewed","false","en; fr; sw","Visual/text review pending; reference scan is not visual approval."
"/assets/img/tools/irrigation-morocco.webp","tools","placed","agriculture/irrigation/morocco.html","600","400","10270","c9aa348dd879183a85ccc94ad497deb6a7eb4dab8f2084de5a86651f1b1079e7","","6","not-reviewed","false","en; fr; sw","Visual/text review pending; reference scan is not visual approval."
"/assets/img/tools/irrigation-mozambique.webp","tools","placed","agriculture/irrigation/mozambique.html","600","400","9178","77d914d121447469cf1912130d28f9311d3be501ac6de31cced61d6128082624","","6","not-reviewed","false","en; fr; sw","Visual/text review pending; reference scan is not visual approval."
"/assets/img/tools/irrigation-niger.webp","tools","placed","agriculture/irrigation/niger.html","600","400","9892","70c6fe203014d7d9974306e0898fa7833ab4e33b4ef3a2be04333d0556bfdd06","","6","not-reviewed","false","en; fr; sw","Visual/text review pending; reference scan is not visual approval."
"/assets/img/tools/irrigation-nigeria.webp","tools","placed","agriculture/irrigation/nigeria.html","600","400","10164","34935ea884e221ff21a93c9324b752a0e6da635c06f8332f954cee8d63b10c1a","","9","not-reviewed","false","en; fr; ha; sw","Visual/text review pending; reference scan is not visual approval."
"/assets/img/tools/irrigation-rwanda.webp","tools","placed","agriculture/irrigation/rwanda.html","600","400","10308","c71da1c0957124f36a9029afd4f617fff0ed3ab4cf8f2179b1a7dbf3ef2684a8","","7","not-reviewed","false","en; fr; sw","Visual/text review pending; reference scan is not visual approval."
"/assets/img/tools/irrigation-senegal.webp","tools","placed","agriculture/irrigation/senegal.html","600","400","9630","3d6bce92d81c60d74a69ff084eb7d9f8ed43d920be5ab5fbf049bfe9a0b10ca0","","6","not-reviewed","false","en; fr; sw","Visual/text review pending; reference scan is not visual approval."
"/assets/img/tools/irrigation-somalia.webp","tools","placed","agriculture/irrigation/somalia.html","600","400","9074","95cfa2fd58a44e28e26023a4feb199a87c06e055aef8328421ff5d3ff2204db1","","6","not-reviewed","false","en; fr; sw","Visual/text review pending; reference scan is not visual approval."
"/assets/img/tools/irrigation-south-africa.webp","tools","placed","agriculture/irrigation/south-africa.html","600","400","12530","53ae31e8757164c13fb40d9a93499f6dbc9599ec265a102e14fa6f2ece0d2599","","6","not-reviewed","false","en; fr; sw","Visual/text review pending; reference scan is not visual approval."
"/assets/img/tools/irrigation-sudan.webp","tools","placed","agriculture/irrigation/sudan.html","600","400","9816","c9bc7c7fec782feea97aa29866c5742feebb31ce02dbbab7e65bb830c74cb91a","","6","not-reviewed","false","en; fr; sw","Visual/text review pending; reference scan is not visual approval."
"/assets/img/tools/irrigation-tanzania.webp","tools","placed","agriculture/irrigation/tanzania.html","600","400","11902","fa32ef96ab5f6c06c9436b7ba83c148b814bcc5e52dc3a58368edf6546d0924c","","7","not-reviewed","false","en; fr; sw","Visual/text review pending; reference scan is not visual approval."
"/assets/img/tools/irrigation-uganda.webp","tools","placed","agriculture/irrigation/uganda.html","600","400","10778","11ccacc5e413739292d40c1ffb52bcc6315f293ee3c55686f5dd92f364cf4c00","","10","not-reviewed","false","en; fr; sw","Visual/text review pending; reference scan is not visual approval."
"/assets/img/tools/irrigation-zambia.webp","tools","placed","agriculture/irrigation/zambia.html","600","400","9806","73f182410be97f52c12d22fdc06db6c81b8185967e97558f9855beea5e01c8d1","","6","not-reviewed","false","en; fr; sw","Visual/text review pending; reference scan is not visual approval."
"/assets/img/tools/irrigation-zimbabwe.webp","tools","placed","agriculture/irrigation/zimbabwe.html","600","400","8796","e8ad13f27d88e5a85a7e97b31b7073b4290822f732541ab2226f518c3858cc11","/assets/img/tools/irrigation-mali.webp","6","not-reviewed","false","en; fr; sw","Visual/text review pending; reference scan is not visual approval."
"/assets/img/tools/islamic-calendar.webp","tools","placed","data/localization/fr-religious-cultural-parity.json","800","450","34380","88a0f028ad355a8178901521c0ca7e6f3a25b1f04ee5a20c1ea9f0e7b6d6acf4","","6","not-reviewed","false","en; fr; sw","Visual/text review pending; reference scan is not visual approval."
"/assets/img/tools/islamic-finance.webp","tools","placed","data/localization/fr-religious-cultural-parity.json","800","450","31244","6dd7a2b665cb564fa066188acc59e8150b7a3727a306e281c658b5dbd2ad44ca","","8","not-reviewed","false","en; fr; sw","Visual/text review pending; reference scan is not visual approval."
"/assets/img/tools/itax-guide.svg","tools","placed","sw/zana/mwongozo-wa-itax/index.html","1200","630","1280","29674838e892b6631f1559450917650c77b36312a1fde9e8f90146a4a1083109","","1","contains-text","false","sw","Visual/text review pending; reference scan is not visual approval."
"/assets/img/tools/jamb-aggregate.svg","tools","retired-alternative","/assets/img/tools/jamb-aggregate.webp","600","400","1506","d8a0c022a126d8ce9763ad1b1e71934be01c78d30b271d22d3ef706ecf0fa08a","","0","contains-text","false","","Legacy English text card. Retain as an old design variant; current shared registry owns discovery artwork. Do not share embedded English headings across translated pages."
"/assets/img/tools/jamb-aggregate.webp","tools","placed","blog/index.html","600","400","9892","cb4bd57939c68d92cfb21362c44e43d3b54ef423ecc7519b2ee235c07d839a6f","","42","not-reviewed","false","en; fr; ha; sw; yo","Visual/text review pending; reference scan is not visual approval."
"/assets/img/tools/japa-calculator.webp","tools","placed","blog/index.html","600","400","11280","56f83068172683ab688c732dd2b0d4afe9cb4c0a1adc06f413ab428bf0d5b854","","15","not-reviewed","false","en; fr; sw","Visual/text review pending; reference scan is not visual approval."
"/assets/img/tools/job-offer-evaluator.svg","tools","placed","data/localization/sw-financial-shard-a-candidate.json","600","400","1500","95931c97c33c778e7d09bae68f0b268ab0be3eb3583f13e9366be8d491c47732","","1","contains-text","false","en","Visual/text review pending; reference scan is not visual approval."
"/assets/img/tools/job-offer-evaluator.webp","tools","placed","data/localization/sw-financial-shard-a-candidate.json","600","400","11938","d09b4670b70689572fdc7444382db84a38d0376aae46c19a1c6b5117ca235cae","","8","not-reviewed","false","en; fr; sw","Visual/text review pending; reference scan is not visual approval."
"/assets/img/tools/json-formatter.webp","tools","placed","data/localization/fr-developer-parity-manifest.json","800","450","16668","d6f8a2fcf0602c821bd850c4932af626b7ded866d85f495af87ddec13cccaecf","","8","not-reviewed","false","en; fr; sw","Visual/text review pending; reference scan is not visual approval."
"/assets/img/tools/jwt-decoder.svg","tools","retired-alternative","/assets/img/tools/jwt-decoder.webp","600","400","1507","28e78ae33bc95b6deea5750bfc024e08e955340b9bdcd7dbd9de4ff7744ca27e","","0","contains-text","false","","Legacy English text card. Retain as an old design variant; current shared registry owns discovery artwork. Do not share embedded English headings across translated pages."
"/assets/img/tools/jwt-decoder.webp","tools","placed","data/localization/fr-developer-parity-manifest.json","800","450","20832","dd70362232cba6f4aa34baf78643c77d0a01ca5bd7b4be395625b090aceb9f82","","8","not-reviewed","false","en; fr; sw","Visual/text review pending; reference scan is not visual approval."
"/assets/img/tools/kcse-calculator.webp","tools","placed","data/localization/fr-education-parity.json","800","450","27064","f23525b668cacbf053094ff61b4458e683203ffaa31d1fb36761ee20c490b7fd","","7","not-reviewed","false","en; fr; sw","Visual/text review pending; reference scan is not visual approval."
"/assets/img/tools/ke-cgt.svg","tools","placed","data/localization/sw-financial-shard-a-candidate.json","600","400","1505","a8e2787b639df102dbf7e0352837bf5c422d05f983cc6a7a2afff82cdd8472db","","1","contains-text","false","en","Visual/text review pending; reference scan is not visual approval."
"/assets/img/tools/ke-cgt.webp","tools","placed","blog/index.html","600","400","8494","8bcdfd19fb12dbea0297604c94d22e5b0804e91d85be3874c75856a17c7aae23","","9","not-reviewed","false","en; fr; sw","Visual/text review pending; reference scan is not visual approval."
"/assets/img/tools/ke-helb.svg","tools","retired-alternative","/assets/img/tools/ke-helb.webp","600","400","1511","95a9f9eadb0f3621d2088accc730b6775f54259edf27e571f001f0439d19e15b","","0","contains-text","false","","Legacy English text card. Retain as an old design variant; current shared registry owns discovery artwork. Do not share embedded English headings across translated pages."
"/assets/img/tools/ke-helb.webp","tools","placed","data/localization/fr-education-parity.json","600","400","9652","29049c699b8852d878cc8c221652784863cd2a4e358de818e29e0260ec71e312","","6","not-reviewed","false","en; fr; sw","Visual/text review pending; reference scan is not visual approval."
"/assets/img/tools/ke-nssf.svg","tools","placed","data/localization/sw-financial-shard-a-candidate.json","600","400","1652","e8beccd83658f5c27265b1fbb7cbeaf89d5c0fc12c1b681743c1c930bdfa2b7a","","1","contains-text","false","en","Visual/text review pending; reference scan is not visual approval."
"/assets/img/tools/ke-nssf.webp","tools","placed","blog/index.html","600","400","12842","8207e905763181c9bc19371c9a5720058122957b30eba370c035110399378624","","10","not-reviewed","false","en; fr; sw","Visual/text review pending; reference scan is not visual approval."
"/assets/img/tools/ke-paye.webp","tools","placed","blog/average-salary-kenya-2026/index.html","600","400","9402","bd68b67e97592e5f3ff28d23c8b0de68b4887732c4ce2ccaa612285783fad678","","24","not-reviewed","false","en; fr; sw","Visual/text review pending; reference scan is not visual approval."
"/assets/img/tools/ke-stamp-duty.svg","tools","placed","data/localization/sw-financial-shard-a-candidate.json","600","400","1512","5085ffaab0a6560de92daa4f0e3f612799cf8f4dadda89807fe65c8a3e78e920","","1","contains-text","false","en","Visual/text review pending; reference scan is not visual approval."
"/assets/img/tools/ke-stamp-duty.webp","tools","placed","data/localization/sw-financial-shard-a-candidate.json","800","450","14026","f2e5ab7a7ac2880e7d23d2496f4a5851fbba68e648c26135a0ad9b701d7b199b","","7","not-reviewed","false","en; fr; sw","Visual/text review pending; reference scan is not visual approval."
"/assets/img/tools/ke-vat.webp","tools","placed","blog/index.html","600","400","17774","8038b1123821970e3cb3895c4f4d555f77d8d3de0065b2d0b51f6c78ce7840dc","","11","not-reviewed","false","en; fr; sw","Visual/text review pending; reference scan is not visual approval."
"/assets/img/tools/ke-wht.svg","tools","placed","data/localization/sw-financial-shard-a-candidate.json","600","400","1505","253700661aaa09ddcd1cffd9b775a1cd52fb360dff61fa6b3eb86cd7bd086c4c","","1","contains-text","false","en","Visual/text review pending; reference scan is not visual approval."
"/assets/img/tools/ke-wht.webp","tools","placed","blog/index.html","600","400","13112","f18b8c70b5ed7a36b06460a0acaa0b7c421e806b0a591344ec9ad1f2d4e53aad","","10","not-reviewed","false","en; fr; sw","Visual/text review pending; reference scan is not visual approval."
"/assets/img/tools/kenya-dpa.webp","tools","placed","fr/tools/conformite-dpa-kenya/index.html","800","450","21396","1fb013ea0e024194ac3f93fd655a8f32b0bf0bc6160ca461e5ccb51453479f3a","","6","not-reviewed","false","en; fr; sw","Visual/text review pending; reference scan is not visual approval."
"/assets/img/tools/km-paye.webp","tools","placed","comoros/km-paye.html","600","400","25920","50363571cc931dbcf3fcd05e18da3d6ab5dfbd7933f31be3d8187859cc8febcf","","10","not-reviewed","false","en; fr; sw","Visual/text review pending; reference scan is not visual approval."
"/assets/img/tools/km-vat.webp","tools","placed","comoros/km-vat.html","600","400","19416","6085db8f3a82fd082c397e4b1040e4c0590f9c551191646d2c3cc7569252c215","","7","not-reviewed","false","en; fr; sw","Visual/text review pending; reference scan is not visual approval."
"/assets/img/tools/labour-law-advisor.webp","tools","placed","tools/labour-law-advisor/index.html","600","400","7274","0ea628db53a5932263db2e68a74e98413a9cc34fc216f61c2f762c7b44a3ad2e","","1","not-reviewed","false","en","Visual/text review pending; reference scan is not visual approval."
"/assets/img/tools/land-registry-fees.webp","tools","placed","blog/index.html","600","400","8314","025ea07236315ac911951253c11f79aad46698c0f5f7ba5c0191855439a34ff5","","9","not-reviewed","false","en; fr; sw","Visual/text review pending; reference scan is not visual approval."
"/assets/img/tools/land-size.svg","tools","placed","blog/index.html","600","400","1498","bec4489f1775aeb08cb9d300c33bd74d3e18b3d7f94adfdee821f3b5f86c1a7e","","1","contains-text","false","en","Visual/text review pending; reference scan is not visual approval."
"/assets/img/tools/land-size.webp","tools","placed","blog/nigerian-plot-size/index.html","800","450","22280","7b7fd0030b425eca14b740d4afc7679d359dd0b61bbfc83d5d2991d5f0c572c5","","11","not-reviewed","false","en; fr; sw","Visual/text review pending; reference scan is not visual approval."
"/assets/img/tools/land-title-check.webp","tools","placed","blog/index.html","600","375","7334","eb9c98d2112c8562340833a484e412720631648d04a75359799ae46b4d08ba94","","12","not-reviewed","false","en; fr; sw","Visual/text review pending; reference scan is not visual approval."
"/assets/img/tools/landed-cost.webp","tools","placed","blog/import-cost-checklist-african-small-business/index.html","600","400","17370","0aa6a09f84442f9570faa8035899d40b5f3ccaa4c066102241297c27962d7f09","","4","not-reviewed","false","en","Visual/text review pending; reference scan is not visual approval."
"/assets/img/tools/last-mile-delivery.webp","tools","placed","blog/index.html","800","450","25206","16bfd28042704a5b8b84b6ae104315420c73f57db13b1c6eb21d230f70030150","","9","not-reviewed","false","en; fr; sw","Visual/text review pending; reference scan is not visual approval."
"/assets/img/tools/lc-calculator.webp","tools","placed","fr/tools/calculateur-credit-documentaire/index.html","800","450","16428","87e84aacc76a8c58a3f1b0220b68ce9fa188150da975c8a92419f41687b55ab6","","6","not-reviewed","false","en; fr; sw","Visual/text review pending; reference scan is not visual approval."
"/assets/img/tools/lease-risk-check.webp","tools","placed","data/registry/french-mortgage-property.json","800","450","21984","da8ca8f8ea6614d95cfc74156305066272b75cf1bb99af22cccbc31cfcad1978","","9","not-reviewed","false","en; fr; sw","Visual/text review pending; reference scan is not visual approval."
"/assets/img/tools/leave-calculator.webp","tools","placed","data/registry/french-finance-tax-market-data.json","600","400","18888","16dbcc736c4d32c93a90c3d935ef7325261345ea036f4ff54b91b9eadc7c8fd9","","6","not-reviewed","false","en; fr; sw","Visual/text review pending; reference scan is not visual approval."
"/assets/img/tools/leave-days.svg","tools","retired-alternative","/assets/img/tools/leave-days.webp","600","400","1644","b77e50aae3fa950696f15f83cc50bf31654fc47ac896abd416e35dc3632025bc","","0","contains-text","false","","Legacy English text card. Retain as an old design variant; current shared registry owns discovery artwork. Do not share embedded English headings across translated pages."
"/assets/img/tools/leave-days.webp","tools","placed","data/registry/french-mortgage-property.json","800","450","17896","8e450f4c2fe2432569188437f34237b472f1456399053f6baa27b4c2ed16b862","","9","not-reviewed","false","en; fr; sw","Visual/text review pending; reference scan is not visual approval."
"/assets/img/tools/legal-aid.webp","tools","placed","data/registry/french-mortgage-property.json","800","450","23870","48c6b16cb97ecb6080284b89e7faed787088c029580aaaf04900742a65ce1ab5","","6","not-reviewed","false","en; fr; sw","Visual/text review pending; reference scan is not visual approval."
"/assets/img/tools/life-insurance-calc.webp","tools","placed","fr/insurance/index.html","800","450","16566","40559369abcd701ec316d70515773a3d137d75d40ec747c62ac191e70bd8fca4","","22","not-reviewed","false","en; fr; sw","Visual/text review pending; reference scan is not visual approval."
"/assets/img/tools/linkedin-optimizer.webp","tools","placed","data/localization/sw-creative-parity-manifest.json","800","450","38984","32fbd8b0e1bcbec28ab509cc74d805ed777a6c27030407067e4c1b0b4b2cb2bd","","8","not-reviewed","false","en; fr; sw","Visual/text review pending; reference scan is not visual approval."
"/assets/img/tools/livestock-feed-calculator.webp","tools","placed","agriculture/livestock-feed/angola.html","800","450","44452","5eee951476b9cd545326ee012ddd9ee99e8322fb3dda98e03dddcbe7d8cd8789","","18","not-reviewed","false","en; fr; ha; sw; yo","Visual/text review pending; reference scan is not visual approval."
"/assets/img/tools/livestock-feed-cameroon.webp","tools","placed","agriculture/livestock-feed/cameroon.html","800","450","51310","022eed2cf303283e1c1e1081ce10c009c70ae952b17a4ec593e232ce4c35ba35","","6","not-reviewed","false","en; fr; sw","Visual/text review pending; reference scan is not visual approval."
"/assets/img/tools/livestock-feed-cote-d-ivoire.webp","tools","placed","agriculture/livestock-feed/cote-d-ivoire.html","800","450","31874","af8b13f9227e94d6282270c2e9f345cfa7ae940b9e83140ce552ca69444b7c78","","6","not-reviewed","false","en; fr; sw","Visual/text review pending; reference scan is not visual approval."
"/assets/img/tools/livestock-feed-egypt.webp","tools","placed","agriculture/livestock-feed/egypt.html","800","450","44036","8d78c2ff3de3558771a1dee80596daed46042773fe82cc911026fb94cdf21c84","","6","not-reviewed","false","en; fr; sw","Visual/text review pending; reference scan is not visual approval."
"/assets/img/tools/livestock-feed-ethiopia.webp","tools","placed","agriculture/livestock-feed/ethiopia.html","800","450","38542","a3be9b1b62a278a80c49c8f9073be079eb4638e2f6e479f494d12f601440420d","","6","not-reviewed","false","en; fr; sw","Visual/text review pending; reference scan is not visual approval."
"/assets/img/tools/livestock-feed-ghana.webp","tools","placed","agriculture/livestock-feed/ghana.html","800","450","62334","3e177d2ea4184b1316662267f4cd23fcfe1f23185db8a6bc6fda390800959a03","","6","not-reviewed","false","en; fr; sw","Visual/text review pending; reference scan is not visual approval."
"/assets/img/tools/livestock-feed-kenya.webp","tools","placed","agriculture/livestock-feed/kenya.html","800","450","49588","bb3e26ddce21027100fffd298ff6eb9096d38fe1afc8a4d7fb542dba0437f251","","9","not-reviewed","false","en; fr; sw","Visual/text review pending; reference scan is not visual approval."
"/assets/img/tools/livestock-feed-morocco.webp","tools","placed","agriculture/livestock-feed/morocco.html","800","450","32890","ace08f1fd2f64ed17e306b57a958bf5e8653e74664ebf5e8d57afc5f68fe901e","","6","not-reviewed","false","en; fr; sw","Visual/text review pending; reference scan is not visual approval."
"/assets/img/tools/livestock-feed-nigeria.webp","tools","placed","agriculture/livestock-feed/nigeria.html","800","450","44850","1a80f33cb450f7d17f5772d8125d48957f89822df03a6b1c6943f5798ef7dfb3","","6","not-reviewed","false","en; fr; sw","Visual/text review pending; reference scan is not visual approval."
"/assets/img/tools/livestock-feed-rwanda.webp","tools","placed","agriculture/livestock-feed/rwanda.html","800","450","66776","c25b8a0f300d2033737e4d18b0683c26c0ad41194f9693f073e0d33feff40993","","6","not-reviewed","false","en; fr; sw","Visual/text review pending; reference scan is not visual approval."
"/assets/img/tools/livestock-feed-senegal.webp","tools","placed","agriculture/livestock-feed/senegal.html","800","450","50124","20645cce28954647b4bcd8520e5f448f7fb9bed8fa3df821e8bf7d1747d77b38","","6","not-reviewed","false","en; fr; sw","Visual/text review pending; reference scan is not visual approval."
"/assets/img/tools/livestock-feed-south-africa.webp","tools","placed","agriculture/livestock-feed/south-africa.html","800","450","45794","6997c37438d70f188b00ef90f882941a902ec6368e4fe5199f9511a11986a778","","6","not-reviewed","false","en; fr; sw","Visual/text review pending; reference scan is not visual approval."
"/assets/img/tools/livestock-feed-tanzania.webp","tools","placed","agriculture/livestock-feed/tanzania.html","800","450","29336","b5dde595c5b1eef9207f757da83f3807792240bef427276b4ae80734c4fd2bfa","","6","not-reviewed","false","en; fr; sw","Visual/text review pending; reference scan is not visual approval."
"/assets/img/tools/livestock-feed-uganda.webp","tools","placed","agriculture/livestock-feed/uganda.html","800","450","27256","be3141d8a5b5c47c15d56f563092035742b23295cc81847588eed7176199635c","","6","not-reviewed","false","en; fr; sw","Visual/text review pending; reference scan is not visual approval."
"/assets/img/tools/loan-compare.svg","tools","placed","data/localization/sw-financial-shard-a-candidate.json","600","400","1501","68f4d69909f32ee433d666dce6d71c93e6b6724f3c6dacd253086ec7d961c2e0","","1","contains-text","false","en","Visual/text review pending; reference scan is not visual approval."
"/assets/img/tools/loan-compare.webp","tools","placed","blog/flat-rate-vs-reducing-balance-loan-nigeria/index.html","600","400","22314","803fae6612b23d6c287e8dd4fbff91a4ead827997295e4bb959bbad792f17111","","11","not-reviewed","false","en; fr; sw","Visual/text review pending; reference scan is not visual approval."
"/assets/img/tools/loan-consolidation.webp","tools","placed","data/localization/fr-fintech-banking-pages/loan-consolidation.html","800","450","41008","e3038957b0f7e36ebfc3351cc73467631fcbb20f095cfdfb443ef5f67482f682","","8","not-reviewed","false","en; fr; sw","Visual/text review pending; reference scan is not visual approval."
"/assets/img/tools/loan-shark-compare.webp","tools","placed","fr/tools/pret-usurier-vs-banque/index.html","600","400","24666","56c3e16630aee7238a2f06bafcf40b532f917b7a941d511666983307a4642771","","5","not-reviewed","false","en; fr; sw","Visual/text review pending; reference scan is not visual approval."
"/assets/img/tools/lobola-calculator.svg","tools","placed","blog/index.html","600","400","1646","3a40350365c2c411ff7e22565039475c5458ad7691d0d794afdeed2a863163a5","","1","contains-text","false","en","Visual/text review pending; reference scan is not visual approval."
"/assets/img/tools/lobola-calculator.webp","tools","placed","assets/css/lobola-cluster.css","800","450","30366","7b7cd78b44d01b99141de3f7f26d42c5080b9daaec989934a1199490083c1c9b","","25","not-reviewed","false","en; fr; sw","Visual/text review pending; reference scan is not visual approval."
"/assets/img/tools/lobola-gift-list.webp","tools","placed","data/localization/fr-religious-cultural-parity.json","1280","720","143840","ac89551e111231a5c571e0c5015985c4f64583fae085e19970aa3fd827843d77","","8","text-free-reviewed","true","en; fr; sw","Visual contact-sheet review. These existing conceptual tool illustrations have no visible language-specific headings; labels belong in the page. Reuse for the same tool only."
"/assets/img/tools/lobola-negotiation-checklist.webp","tools","placed","data/localization/fr-religious-cultural-parity.json","1280","720","104654","ab100e0edb42b0fce39d56d7713d275b61ec38af44d72fd248f88b403b5374c4","","8","text-free-reviewed","true","en; fr; sw","Visual contact-sheet review. These existing conceptual tool illustrations have no visible language-specific headings; labels belong in the page. Reuse for the same tool only."
"/assets/img/tools/logo-maker.svg","tools","retired-alternative","/assets/img/tools/logo-maker.webp","600","400","1503","9f682cbc78e99bca1e8dacde1c8e73dd2824584d1e634dc8ca9801f2d519cd2b","","0","contains-text","false","","Legacy English text card. Retain as an old design variant; current shared registry owns discovery artwork. Do not share embedded English headings across translated pages."
"/assets/img/tools/logo-maker.webp","tools","placed","fr/tools/createur-logo/index.html","800","450","11296","1d765b5bb4c3b6a69239edb9a471df7d32e175758db6b049fdf4bb37b2ec4952","","6","not-reviewed","false","en; fr; sw","Visual/text review pending; reference scan is not visual approval."
"/assets/img/tools/lr-paye.svg","tools","placed","fr/liberia/lr-paye.html","600","400","1508","4b70d023fa0aca9e33aa5d3eed17e7cd72f457b367084cd5a943ce420b2f21f2","","4","contains-text","false","en; fr; sw","Visual/text review pending; reference scan is not visual approval."
"/assets/img/tools/lr-paye.webp","tools","placed","blog/index.html","800","450","16464","1861b5b7da1fb7c124a20b57b9b873d520e61a291e2da1555b271a9f8c578fb2","","8","not-reviewed","false","en; fr; sw","Visual/text review pending; reference scan is not visual approval."
"/assets/img/tools/lr-vat.svg","tools","retired-alternative","/assets/img/tools/lr-vat.webp","600","400","1507","97496f613eefdde48055b042a924f86ecef7ebc3d871e02d626666790a42e445","","0","contains-text","false","","Legacy English text card. Retain as an old design variant; current shared registry owns discovery artwork. Do not share embedded English headings across translated pages."
"/assets/img/tools/lr-vat.webp","tools","placed","data/localization/sw-ecommerce-parity-manifest.json","600","400","24400","89949876e2754e069c3562b12c32cad9020355c686d9a4fbe1eb17e0d64086fa","","7","not-reviewed","false","en; fr; sw","Visual/text review pending; reference scan is not visual approval."
"/assets/img/tools/ls-paye.webp","tools","placed","blog/index.html","600","400","19464","5218cfa1c92e4463df491b4ecc65c06aa161618f59b3dab0bf3606da8fda98cf","","12","not-reviewed","false","en; fr; sw","Visual/text review pending; reference scan is not visual approval."
"/assets/img/tools/ls-vat.webp","tools","placed","data/localization/sw-ecommerce-parity-manifest.json","600","400","17444","4dd8f048509cb770a5f73c5ed374941a7bf872235f4d486fa725bb41e48b2554","","7","not-reviewed","false","en; fr; sw","Visual/text review pending; reference scan is not visual approval."
"/assets/img/tools/ly-paye.webp","tools","placed","data/registry/french-finance-tax-market-data.json","600","400","7256","e0e8d473ee81aae4b66df89c0671e2cfb1c8f1a186ae569b073a48db0a1cf726","","9","not-reviewed","false","en; fr; sw","Visual/text review pending; reference scan is not visual approval."
"/assets/img/tools/ly-vat.webp","tools","placed","fr/libya/ly-vat.html","600","400","7256","e0e8d473ee81aae4b66df89c0671e2cfb1c8f1a186ae569b073a48db0a1cf726","/assets/img/tools/ly-paye.webp","5","not-reviewed","false","en; fr; sw","Visual/text review pending; reference scan is not visual approval."
"/assets/img/tools/ma-paye.webp","tools","placed","blog/index.html","600","400","22192","207aba75c13ac3eab2f1f612c0e57730bd46d058061c4cc0530e594f2990ecb7","","14","not-reviewed","false","en; fr; sw","Visual/text review pending; reference scan is not visual approval."
"/assets/img/tools/ma-vat.webp","tools","placed","blog/tva-maroc-taux-calcul/index.html","600","400","23814","839c2a8ea1ce34bb6167c31f42710d7e20bad7d50343bc33971df78f0ea3f9b9","","11","not-reviewed","false","en; fr; sw","Visual/text review pending; reference scan is not visual approval."
"/assets/img/tools/made-in-africa-label.webp","tools","placed","data/localization/fr-small-business-parity.json","800","450","29180","42a08d5d8de7f89e537005cc5af1f83283143902910c6913b1086b97e2bad1e1","","7","not-reviewed","false","en; fr; sw","Visual/text review pending; reference scan is not visual approval."
"/assets/img/tools/malaria-risk.svg","tools","placed","fr/tools/risque-paludisme/index.html","600","400","1499","a41a5a4fb104fc579227267fca02a92e67878b6ada9e2e0d12b207778eba51c6","","2","contains-text","false","en; fr","Visual/text review pending; reference scan is not visual approval."
"/assets/img/tools/malaria-risk.webp","tools","placed","fr/health/index.html","800","450","16082","9313419e0b150fe7f259d3d557398644a296a9f98e2bbdd691a3281ab292364b","","5","not-reviewed","false","en; fr; sw","Visual/text review pending; reference scan is not visual approval."
"/assets/img/tools/mama-put.webp","tools","placed","data/localization/fr-small-business-parity.json","600","400","24574","9264b93960791286c00211a061be4d0246fa265b7ca6c801cfa2c41a72154dec","","7","not-reviewed","false","en; fr; sw","Visual/text review pending; reference scan is not visual approval."
"/assets/img/tools/marine-insurance.webp","tools","placed","fr/insurance/index.html","800","450","20426","12a42f62e622c6cba9c8357f539ecd31184181f4c62e081bd3c052a3f87e3b02","","7","not-reviewed","false","en; fr; sw","Visual/text review pending; reference scan is not visual approval."
"/assets/img/tools/markdown-editor.svg","tools","placed","fr/tools/editeur-markdown/index.html","600","400","1496","f1d2d7f79c3a68967be100581354c82b95c27ede0226e0a05eb20c0bbcbf5e07","","3","contains-text","false","en; fr; sw","Visual/text review pending; reference scan is not visual approval."
"/assets/img/tools/markdown-editor.webp","tools","placed","data/localization/fr-developer-parity-manifest.json","800","450","12212","ceaf9703b1c72e56d52bf40bf6b97d3466790dd97ed02f0698823533cfa7e580","","4","not-reviewed","false","en; fr; sw","Visual/text review pending; reference scan is not visual approval."
"/assets/img/tools/market-days.svg","tools","placed","blog/index.html","600","400","1505","619a5d7fa6d0e63161dc60d6acf9a48a4d6e29e4948336b24c08e0dcf7bdee5d","","3","contains-text","false","en; fr","Visual/text review pending; reference scan is not visual approval."
"/assets/img/tools/market-days.webp","tools","placed","data/localization/fr-uniquely-african-parity-manifest.json","800","450","20750","62fa5996af109691b423131df19e697dbc6f22b5e80900b1cf79a332aec2299e","","9","not-reviewed","false","en; fr; sw","Visual/text review pending; reference scan is not visual approval."
"/assets/img/tools/market-stall-profit.svg","tools","retired-alternative","/assets/img/tools/market-stall-profit.webp","600","400","1653","76c21452ce734a9888239c1545185c00f0c0d20d8adbff2ba4f00d6bec149510","","0","contains-text","false","","Legacy English text card. Retain as an old design variant; current shared registry owns discovery artwork. Do not share embedded English headings across translated pages."
"/assets/img/tools/market-stall-profit.webp","tools","placed","blog/index.html","800","450","16012","856737d320a73f4a6ec7eb8fd6d2542af8f595e3f0a85963f24d84fe75db0995","","9","not-reviewed","false","en; fr; sw","Visual/text review pending; reference scan is not visual approval."
"/assets/img/tools/marketplace-fees.webp","tools","placed","data/localization/fr-small-business-parity.json","600","400","15300","6c9e82e6f25b3da4624a78fe79ca583b693de45bafb45c435c9b6244e086bdb5","","9","not-reviewed","false","en; fr; sw","Visual/text review pending; reference scan is not visual approval."
"/assets/img/tools/markup-calc.svg","tools","placed","fr/tools/calculateur-marge/index.html","600","400","1659","5b362010881d627c04bb8dd3a01578daae4af8af7662bfbdfc0b3ce4a3269c3d","","4","contains-text","false","en; fr; ha; sw","Visual/text review pending; reference scan is not visual approval."
"/assets/img/tools/markup-calc.webp","tools","placed","data/localization/sw-ecommerce-parity-manifest.json","800","450","23020","acedf6cbca7dd064c8594d44b8d75bf9db432a7a44316750b253615db48ffd9b","","5","not-reviewed","false","en; fr; ha; sw","Visual/text review pending; reference scan is not visual approval."
"/assets/img/tools/marriage-cert.webp","tools","placed","blog/ghana-marriage-registration-checklist/index.html","600","400","12776","3f62de0f29cc04121a0cfe2b60337202bafacd2da06138e2722614b1bd9208dc","","11","not-reviewed","false","en; fr; sw","Visual/text review pending; reference scan is not visual approval."
"/assets/img/tools/matatu-fare.webp","tools","placed","fr/tools/tarif-matatu-danfo/index.html","600","375","13380","a3e7c5ebd96a31b030ba3508f7ab0821af222dcc71eb53d4971eccf90a6eb026","","6","not-reviewed","false","en; fr; sw","Visual/text review pending; reference scan is not visual approval."
"/assets/img/tools/match-tickets.webp","tools","placed","data/localization/sw-sports-travel-parity-manifest.json","800","450","39540","3db9b8aa189e9144e2cba338a8214ca9b64dde3feb64a3202104f4ef2fe0f04f","","8","not-reviewed","false","en; fr; sw","Visual/text review pending; reference scan is not visual approval."
"/assets/img/tools/maternal-mortality.webp","tools","placed","fr/health/index.html","800","450","18560","cbfeeeaaace5a7594b30acab40114ca5f308f0dee35329f1523104b80751e8d1","","7","not-reviewed","false","en; fr; sw","Visual/text review pending; reference scan is not visual approval."
"/assets/img/tools/maternity-leave.webp","tools","placed","data/localization/fr-hr-payroll-parity.json","800","450","35332","279ba28b29a0aca3e61449f29cae2ad913609cc07b44e9bbc13d64c1a0434a00","","7","not-reviewed","false","en; fr; sw","Visual/text review pending; reference scan is not visual approval."
"/assets/img/tools/matric-points.svg","tools","retired-alternative","/assets/img/tools/matric-points.webp","600","400","1508","03b30601c712dba348e663081a32d99fe70f08d0268e06f4d22180ade355e910","","0","contains-text","false","","Legacy English text card. Retain as an old design variant; current shared registry owns discovery artwork. Do not share embedded English headings across translated pages."
"/assets/img/tools/matric-points.webp","tools","placed","data/localization/fr-education-parity.json","600","400","20380","dfe97fa708321f025dc7ebdf907ff59bde566102323998a6176015aa7080bf3e","","7","not-reviewed","false","en; fr; sw","Visual/text review pending; reference scan is not visual approval."
"/assets/img/tools/medical-report.svg","tools","retired-alternative","/assets/img/tools/medical-report.webp","600","400","1503","022f5e4f0ed9232d1025d56e90af4b7666087510f113a29b097d725bc90b6442","","0","contains-text","false","","Legacy English text card. Retain as an old design variant; current shared registry owns discovery artwork. Do not share embedded English headings across translated pages."
"/assets/img/tools/medical-report.webp","tools","placed","fr/health/index.html","800","450","20336","39a6bdcb320e1c9ea6cce65d5a962df553a6950d74cf8286eb3273baf2b00c0e","","7","not-reviewed","false","en; fr; sw","Visual/text review pending; reference scan is not visual approval."
"/assets/img/tools/medical-tourism.webp","tools","placed","fr/health/index.html","800","450","22462","2a8334ab331f55b1a06342a7fd85da3c758a552ac5153cde067c2ae7dab557e2","","7","not-reviewed","false","en; fr; sw","Visual/text review pending; reference scan is not visual approval."
"/assets/img/tools/meeting-cost.svg","tools","placed","fr/tools/cout-reunion/index.html","600","400","1518","a498935013628cd9512edd002368551bed0ac5c9dc6676fcd5658938a80742b2","","3","contains-text","false","en; fr; sw","Visual/text review pending; reference scan is not visual approval."
"/assets/img/tools/meeting-cost.webp","tools","placed","blog/index.html","800","450","24924","ffad05f4c8da753cdcb998da0fe06a10d91d6a6b68dfd39eb02b20f5deede235","","13","not-reviewed","false","en; fr; sw","Visual/text review pending; reference scan is not visual approval."
"/assets/img/tools/meeting-minutes.webp","tools","placed","assets/js/pages/fr-document-pdf-artwork.js","800","450","19636","1934061b2b22565d5fc1ddfd7d86a8aa0d4d5b368a4f86316d910756e30f75ac","","16","not-reviewed","false","en; fr; sw","Visual/text review pending; reference scan is not visual approval."
"/assets/img/tools/meme-generator.svg","tools","retired-alternative","/assets/img/tools/meme-generator.webp","600","400","1504","06f2fa88a4ba8bc30952b09c72e2224e6a2e5282774eaf6b95a20c075e57159f","","0","contains-text","false","","Legacy English text card. Retain as an old design variant; current shared registry owns discovery artwork. Do not share embedded English headings across translated pages."
"/assets/img/tools/meme-generator.webp","tools","placed","fr/tools/generateur-memes/index.html","800","450","21812","af88a643497f061225500e767b23201627ca0e9cd2c071de6eadf4916196a3c8","","6","not-reviewed","false","en; fr; sw","Visual/text review pending; reference scan is not visual approval."
"/assets/img/tools/mental-health-cost.webp","tools","placed","fr/health/index.html","800","450","19470","952c322f11e4a8a0dd87260f75d3bd7a8cb158ce6c7bf33eda2fe6778fea2730","","7","not-reviewed","false","en; fr; sw","Visual/text review pending; reference scan is not visual approval."
"/assets/img/tools/merchant-fees.webp","tools","placed","data/localization/fr-fintech-banking-pages/merchant-fees.html","800","450","46234","d1e0d635e11e446a72b1742a8a1e136a93c227d28706909f2d413d4b994344cd","","6","not-reviewed","false","en; fr; sw","Visual/text review pending; reference scan is not visual approval."
"/assets/img/tools/meta-tag-gen.svg","tools","placed","fr/tools/generateur-meta/index.html","600","400","1502","149a6d542f6417e1ffbd2a4279fcc9a829b975da320d35e5e81ddaaddbfe4c34","","3","contains-text","false","en; fr; sw","Visual/text review pending; reference scan is not visual approval."
"/assets/img/tools/meta-tag-gen.webp","tools","placed","data/localization/fr-developer-parity-manifest.json","800","450","12272","0a465b3d84f1738bd8f3b56e12a9d0ff4191b9303ffeff53ffd33405f5a02b03","","4","not-reviewed","false","en; fr","Visual/text review pending; reference scan is not visual approval."
"/assets/img/tools/meta-tag-generator.svg","tools","placed","fr/tools/generateur-meta-tags/index.html","600","400","1503","1ea0874d09dac36a090b474332ef2835509f994d1ae24b51ecb947d76e5e86bd","","2","contains-text","false","en; fr","Visual/text review pending; reference scan is not visual approval."
"/assets/img/tools/meta-tag-generator.webp","tools","placed","data/localization/fr-developer-parity-manifest.json","800","450","22062","6303a30a50a5fbc5c2f0c0e3eff21b0edcdcc8f673ec37bc70cee16b89b30159","","5","not-reviewed","false","en; fr; sw","Visual/text review pending; reference scan is not visual approval."
"/assets/img/tools/mg-paye.webp","tools","placed","data/registry/french-finance-tax-market-data.json","600","400","19848","6962488e7d598e1e8f58f3725877be5606398ad9e51dfb148829e7ed3772ba36","","12","not-reviewed","false","en; fr; sw","Visual/text review pending; reference scan is not visual approval."
"/assets/img/tools/mg-vat.webp","tools","placed","data/localization/sw-ecommerce-parity-manifest.json","600","400","17136","5dc7cd9a46e7a2ea8e31103d62c868b55b0fe4e4bd52ec76257fdf3274dd5fde","","7","not-reviewed","false","en; fr; sw","Visual/text review pending; reference scan is not visual approval."
"/assets/img/tools/microfinance-calc.svg","tools","retired-alternative","/assets/img/tools/microfinance-calc.webp","600","400","1509","c7466b185e54d78863f7fdd1e3e5355028195c264fbed6fd1bad44ec434f1ceb","","0","contains-text","false","","Legacy English text card. Retain as an old design variant; current shared registry owns discovery artwork. Do not share embedded English headings across translated pages."
"/assets/img/tools/microfinance-calc.webp","tools","placed","data/registry/french-finance-tax-market-data.json","800","450","15958","653b1676c2b84cc468f99ecd4e3ab5d5830affc755a343117c4a03339a3ca3a2","","6","not-reviewed","false","en; fr; sw","Visual/text review pending; reference scan is not visual approval."
"/assets/img/tools/microfinance-loan.webp","tools","placed","data/localization/fr-fintech-banking-pages/microfinance-loan.html","800","450","18582","56850b964287f99c67dec79f8d4b31ef6d469332cf0d88d4947d6b6824fc7f93","","8","not-reviewed","false","en; fr; sw","Visual/text review pending; reference scan is not visual approval."
"/assets/img/tools/microinsurance.webp","tools","placed","fr/insurance/index.html","800","450","34860","be831e4832277ded6d580fc99f231b3517d2ecc674b3f361d9da6a29cf1e5e29","","4","not-reviewed","false","en; fr; sw","Visual/text review pending; reference scan is not visual approval."
"/assets/img/tools/mini-grid-feasibility.webp","tools","placed","fr/energy/index.html","800","450","35994","be8085cc5ae63daa02f9b6f7c63482a31289af200e5de0adf272ed101f2abadc","","8","not-reviewed","false","en; fr; sw","Visual/text review pending; reference scan is not visual approval."
"/assets/img/tools/mini-importation.webp","tools","placed","data/localization/fr-small-business-parity.json","800","450","17322","2a26a15b8a44d75ce29c69fb2b8d9ce972122a4c2a0c663c27b53f489359e8e5","","9","not-reviewed","false","en; fr; sw","Visual/text review pending; reference scan is not visual approval."
"/assets/img/tools/minimum-wage-legal.webp","tools","placed","tools/minimum-wage/index.html","800","450","16608","a9476dee640675399d1119cd0cbb58819c88cd03a99946d062e83ea2f368d6b8","","1","not-reviewed","false","en","Visual/text review pending; reference scan is not visual approval."
"/assets/img/tools/minimum-wage.svg","tools","retired-alternative","/assets/img/tools/minimum-wage.webp","600","400","1498","54210fd8f2ccad77e0f8f7805c0dd8dccfba1cc344473a1dbc1e667e845ce5ea","","0","contains-text","false","","Legacy English text card. Retain as an old design variant; current shared registry owns discovery artwork. Do not share embedded English headings across translated pages."
"/assets/img/tools/minimum-wage.webp","tools","placed","data/registry/french-finance-tax-market-data.json","600","400","11846","486204422ff382b768d46790f7c4096d45b3e764a8161b12944ed1fe94ed8b1e","","7","not-reviewed","false","en; fr; sw","Visual/text review pending; reference scan is not visual approval."
"/assets/img/tools/mining-license-fee.webp","tools","placed","fr/mining/index.html","1200","1200","227474","c3c22746566a59b62124de44a659a9ed581c2f0169dd3aceb523a4047e7ab3c4","","7","text-free-reviewed","true","en; fr; sw","Visual contact-sheet review. These existing conceptual tool illustrations have no visible language-specific headings; labels belong in the page. Reuse for the same tool only."
"/assets/img/tools/mining-royalty.webp","tools","placed","fr/mining/index.html","1200","1200","200550","aa66026b94d89dab3a952c047d0329fa461c2642df8f9493c85946211df7551d","","7","text-free-reviewed","true","en; fr; sw","Visual contact-sheet review. These existing conceptual tool illustrations have no visible language-specific headings; labels belong in the page. Reuse for the same tool only."
"/assets/img/tools/ml-paye.webp","tools","placed","data/registry/french-finance-tax-market-data.json","600","400","19806","545124900cd946f83d85e197bde5d63a7654381a470db57ef1e6e451d6e2ba02","","12","not-reviewed","false","en; fr; sw","Visual/text review pending; reference scan is not visual approval."
"/assets/img/tools/ml-vat.svg","tools","retired-alternative","/assets/img/tools/ml-vat.webp","600","400","1504","ee080b4abb324911050d3a702bc1566f414df900242d108a58c0db3d6554f1d9","","0","contains-text","false","","Legacy English text card. Retain as an old design variant; current shared registry owns discovery artwork. Do not share embedded English headings across translated pages."
"/assets/img/tools/ml-vat.webp","tools","placed","data/localization/sw-ecommerce-parity-manifest.json","600","400","7658","e55abb893a520fce06df4497d5eafe0510fd99e258994fa64a7a399ac56097c9","","7","not-reviewed","false","en; fr; sw","Visual/text review pending; reference scan is not visual approval."
"/assets/img/tools/mobile-money-fees.webp","tools","placed","blog/index.html","600","400","16544","4ed97dd601bac3fc14e98509eb04f872845cda3667e71e606b02e6c2b8118456","","24","not-reviewed","false","en; fr; ha; sw","Visual/text review pending; reference scan is not visual approval."
"/assets/img/tools/mobile-vs-bank.webp","tools","placed","data/localization/fr-fintech-banking-pages/mobile-vs-bank.html","800","450","16068","a612751b90eb3352fb06028609438a9a1c657f7e0535d836753217572761d559","","10","not-reviewed","false","en; fr; ha; sw","Visual/text review pending; reference scan is not visual approval."
"/assets/img/tools/money-market.webp","tools","placed","data/localization/fr-fintech-banking-pages/money-market.html","600","400","6842","78269f068389981bf1fe034fc7535728f1cd3fead076381cd9c194285f91eadc","","8","not-reviewed","false","en; fr; sw","Visual/text review pending; reference scan is not visual approval."
"/assets/img/tools/mortgage-affordability.webp","tools","placed","data/registry/french-finance-tax-market-data.json","800","450","23486","907738f874731fa9eee682c52889f2f6412225304ebf1927e8a407daa6558f47","","6","not-reviewed","false","en; fr; sw","Visual/text review pending; reference scan is not visual approval."
"/assets/img/tools/mortgage-calculator.svg","tools","retired-alternative","/assets/img/tools/mortgage-calculator.webp","600","400","1500","dbd3874e584c826f0f37cbac1b3ec1dcf5ce88e7f73ed6f763a81a498fdead14","","0","contains-text","false","","Legacy English text card. Retain as an old design variant; current shared registry owns discovery artwork. Do not share embedded English headings across translated pages."
"/assets/img/tools/mortgage-calculator.webp","tools","placed","blog/index.html","600","400","25390","71b414ae262115ac20b797fe419a76ee62850aa00090e90082f1dc4e317db8e1","","11","not-reviewed","false","en; fr; sw","Visual/text review pending; reference scan is not visual approval."
"/assets/img/tools/motor-third-party.webp","tools","placed","fr/insurance/index.html","800","450","18782","ae267f96f170ac381d44a8377526bb41e8b777abb3fcf10207f6668d1bef5c4e","","7","not-reviewed","false","en; fr; sw","Visual/text review pending; reference scan is not visual approval."
"/assets/img/tools/mr-paye.webp","tools","placed","data/registry/french-finance-tax-market-data.json","600","400","20148","a16dfeb06f8bd9fc0e43789b82f8f4e36c45c994ee8fb3fe3277170e80e396e7","","9","not-reviewed","false","en; fr; sw","Visual/text review pending; reference scan is not visual approval."
"/assets/img/tools/mr-vat.webp","tools","placed","data/localization/sw-ecommerce-parity-manifest.json","600","400","25530","eb06e0af2fcd81d95dfc821be2b1d877431bb6d8a100f592f0ada0d788859e72","","7","not-reviewed","false","en; fr; sw","Visual/text review pending; reference scan is not visual approval."
"/assets/img/tools/mu-paye.webp","tools","placed","blog/index.html","600","400","19940","fda4a149cc4baed0235b1636ec907502c7da79431965ec711c279bd0ee325f05","","12","not-reviewed","false","en; fr; sw","Visual/text review pending; reference scan is not visual approval."
"/assets/img/tools/mu-vat.webp","tools","placed","blog/index.html","600","400","23890","de6db0b09a8efdfb33dd442f350dea4f3678f66e0d921f9436a1b432f5f21be5","","10","not-reviewed","false","en; fr; sw","Visual/text review pending; reference scan is not visual approval."
"/assets/img/tools/music-royalty-splitter.webp","tools","placed","data/localization/sw-creative-parity-manifest.json","800","450","35238","16fc0c13f301885097da7887882effb464c1c2d1c587de242e0e518492da1e5e","","7","not-reviewed","false","en; fr; sw","Visual/text review pending; reference scan is not visual approval."
"/assets/img/tools/mw-paye.webp","tools","placed","data/registry/french-finance-tax-market-data.json","600","400","20186","5db7ee111b72aea79d5eb86e22eb293c4f6d961a35ab4c94d623924d65dce2fb","","9","not-reviewed","false","en; fr; sw","Visual/text review pending; reference scan is not visual approval."
"/assets/img/tools/mw-vat.webp","tools","placed","blog/index.html","600","400","24596","74339dabda8418c15ef6faf0e5947a8ca16e56104a0105701ef241bd5108d4ef","","10","not-reviewed","false","en; fr; sw","Visual/text review pending; reference scan is not visual approval."
"/assets/img/tools/mz-paye.webp","tools","placed","data/registry/french-finance-tax-market-data.json","1536","1024","26740","49954fc05e40ff761d76f7496e66ff573fa6d3eb470a214b91fdfbe2e6e0b00c","","9","not-reviewed","false","en; fr; sw","Visual/text review pending; reference scan is not visual approval."
"/assets/img/tools/mz-vat.webp","tools","placed","blog/index.html","600","400","24172","1a7bd2f5872c9e4606dd90f94c4b567da4334550bad0db790ff4ffcbadeba326","","9","not-reviewed","false","en; fr; sw","Visual/text review pending; reference scan is not visual approval."
"/assets/img/tools/na-paye.webp","tools","placed","blog/index.html","600","400","20572","01b7cf5183634461ce03dc84475310493aae774e77f4422ab77e0483aff0ee09","","12","not-reviewed","false","en; fr; sw","Visual/text review pending; reference scan is not visual approval."
"/assets/img/tools/na-vat.webp","tools","placed","data/localization/sw-ecommerce-parity-manifest.json","600","400","24852","f8ba7e335f08d50d99278f1f5bc37fe158ced1e23dfa07aa7cad527d6c0ebeab","","7","not-reviewed","false","en; fr; sw","Visual/text review pending; reference scan is not visual approval."
"/assets/img/tools/nafdac-registration.webp","tools","placed","data/localization/fr-small-business-parity.json","800","450","31330","507f00ae37bfd0f3f1b691016c5ea1ee361eaa789db5f12f174eee169044d8f1","","7","not-reviewed","false","en; fr; sw","Visual/text review pending; reference scan is not visual approval."
"/assets/img/tools/naira-to-words.svg","tools","placed","blog/index.html","600","400","1503","adec9b63f98882e38603b0b16713e25297b478b48fc9149085c98be7c1c24360","","1","contains-text","false","en","Visual/text review pending; reference scan is not visual approval."
"/assets/img/tools/naira-to-words.webp","tools","placed","blog/naira-in-words/index.html","800","450","24812","f48390a2e1ef6f36efefc8e1a0bcb7b792f7eac3be9650d5c27fee76ede70579","","16","not-reviewed","false","en; fr; ha; sw; yo","Visual/text review pending; reference scan is not visual approval."
"/assets/img/tools/naming-ceremony.webp","tools","placed","data/localization/fr-religious-cultural-parity.json","800","450","48044","b731413d0bf1ce8ce5ebcb1ef85696209e61ce27f7bf21f4fb61ad7e135e8588","","8","not-reviewed","false","en; fr; sw","Visual/text review pending; reference scan is not visual approval."
"/assets/img/tools/national-id-guide.webp","tools","placed","blog/index.html","800","450","18200","8c7e51ca2fa2283760cc29115f3f5bf317b3bd145acbcd345d50076a5b9136da","","13","not-reviewed","false","en; fr; ha; sw; yo","Visual/text review pending; reference scan is not visual approval."
"/assets/img/tools/national-pension.webp","tools","placed","fr/tools/national-pension/index.html","800","450","20678","18e8d2280fc4366e18719ec309b84d68ce7bfba5fcbd615c9b68f7daca264363","","6","not-reviewed","false","en; fr; sw","Visual/text review pending; reference scan is not visual approval."
"/assets/img/tools/national-service-gh.webp","tools","placed","data/localization/fr-education-parity.json","800","450","29508","c8f8e2efa1303686e7319867519a35fdeafc80f2ec48b409feb4e5c1ce959020","","7","not-reviewed","false","en; fr; sw","Visual/text review pending; reference scan is not visual approval."
"/assets/img/tools/nda-generator.webp","tools","placed","blog/index.html","800","450","22508","553c12b47ead6af6c4f7480539f5818b48f3cdedf6591605a9c83be9057f437f","","16","not-reviewed","false","en; fr; sw","Visual/text review pending; reference scan is not visual approval."
"/assets/img/tools/ndpa-checker.webp","tools","placed","data/registry/french-mortgage-property.json","800","450","20732","bc736f3110889c28a88bb7c0c1e2556f5ef2001f134a4ad282f51e35eb2a4360","","9","not-reviewed","false","en; fr; sw","Visual/text review pending; reference scan is not visual approval."
"/assets/img/tools/ne-paye.webp","tools","placed","data/registry/french-finance-tax-market-data.json","600","400","19936","a54a72685a4b5196a591e136247ababf84a5defbcbc852f6bc530c20c72ca5d1","","9","not-reviewed","false","en; fr; sw","Visual/text review pending; reference scan is not visual approval."
"/assets/img/tools/ne-vat.webp","tools","placed","data/localization/sw-ecommerce-parity-manifest.json","600","400","24142","894459da5e46bf39919b863bde8fb0f1f3ee7cd86bd52fc5a804ec29049a505f","","7","not-reviewed","false","en; fr; sw","Visual/text review pending; reference scan is not visual approval."
"/assets/img/tools/net-worth.webp","tools","placed","data/localization/fr-fintech-banking-pages/net-worth.html","600","400","8716","d706d03f117d04fcee1772c0dffcc80205f590cd2b408bd5111200ec10cf2a87","","8","not-reviewed","false","en; fr; sw","Visual/text review pending; reference scan is not visual approval."
"/assets/img/tools/ng-cgt.svg","tools","retired-alternative","/assets/img/tools/ng-cgt.webp","600","400","1507","06b30143461a0e1018640da3ee7c7017e062bad55821ecb6ae52feeb94c76f2f","","0","contains-text","false","","Legacy English text card. Retain as an old design variant; current shared registry owns discovery artwork. Do not share embedded English headings across translated pages."
"/assets/img/tools/ng-cgt.webp","tools","placed","data/registry/french-finance-tax-market-data.json","600","400","26310","67335e8859f8377b25576a5a99a488988d99056daa9822506f051103e3e45d1c","","9","not-reviewed","false","en; fr; ha; sw","Visual/text review pending; reference scan is not visual approval."
"/assets/img/tools/ng-cit.svg","tools","retired-alternative","/assets/img/tools/ng-cit.webp","600","400","1507","2b1ce8ae32b8ab2fccdd3bd1769a29cfcea66f6f4db71e8b6af4ae5f8ee38e51","","0","contains-text","false","","Legacy English text card. Retain as an old design variant; current shared registry owns discovery artwork. Do not share embedded English headings across translated pages."
"/assets/img/tools/ng-cit.webp","tools","placed","data/registry/french-finance-tax-market-data.json","600","400","19840","6502256326d62e2bc50fcd97aca66bb8696051e92fb61bd2516e955aebdb5314","","12","not-reviewed","false","en; fr; ha; sw; yo","Visual/text review pending; reference scan is not visual approval."
"/assets/img/tools/ng-land-use.svg","tools","placed","fr/tools/ng-taxe-fonciere/index.html","600","400","1656","1fa41e2b9c41d66a0f53f8dbd738d01f4ecf4bc3235de595e1c009b54bc6c8fa","","3","contains-text","false","en; fr; sw","Visual/text review pending; reference scan is not visual approval."
"/assets/img/tools/ng-land-use.webp","tools","placed","data/registry/french-finance-tax-market-data.json","800","450","26410","9f0357e7a555e11fc77ee283367af43f973b1435c05b4a72f953a98e43a60643","","4","not-reviewed","false","en; fr; sw","Visual/text review pending; reference scan is not visual approval."
"/assets/img/tools/ng-nhf.svg","tools","placed","blog/index.html","600","400","1657","4013cdc44724344bf246e8da942a20ad9e9975560249e88ae0cf7196c92ca0ef","","2","contains-text","false","en","Visual/text review pending; reference scan is not visual approval."
"/assets/img/tools/ng-nhf.webp","tools","placed","blog/mortgage-rates-africa-2026/index.html","800","450","18928","c32725bfcdd69385453ed2632cb2e3496aee108be4575b1eb418c4b5e5e5531e","","13","not-reviewed","false","en; fr; ha; sw","Visual/text review pending; reference scan is not visual approval."
"/assets/img/tools/ng-paye-v2.svg","tools","placed","blog/index.html","600","400","1510","a6c457f190d955059eb907a7581d06b96e51510f16c341889341b2458b928a3f","","3","contains-text","false","en","Visual/text review pending; reference scan is not visual approval."
"/assets/img/tools/ng-paye.webp","tools","placed","blog/index.html","600","400","7664","ab1b7d1f3dff3b12c09ad2df2d5a1e376943b86679b3db929766813bbf70c486","","34","not-reviewed","false","en; fr; ha; sw; yo","Visual/text review pending; reference scan is not visual approval."
"/assets/img/tools/ng-pension.svg","tools","retired-alternative","/assets/img/tools/ng-pension.webp","600","400","1511","f130348acb8a8edb8fde02297c8d586e9601c954c5bf81d6a7386d201fc3e905","","0","contains-text","false","","Legacy English text card. Retain as an old design variant; current shared registry owns discovery artwork. Do not share embedded English headings across translated pages."
"/assets/img/tools/ng-pension.webp","tools","placed","data/registry/french-finance-tax-market-data.json","600","400","11664","08ff0467299a2eb509caf8fa68b6f364d8c81019fa58816e43e6762bdf44c9d3","","9","not-reviewed","false","en; fr; ha; sw","Visual/text review pending; reference scan is not visual approval."
"/assets/img/tools/ng-vat.webp","tools","placed","blog/register-business-nigeria-cac-2026/index.html","600","400","16948","eee121d6709287dc19c713b1bdd334dd8c24ff08403a01ff856a5ec6049dcce6","","9","not-reviewed","false","en; fr; sw","Visual/text review pending; reference scan is not visual approval."
"/assets/img/tools/ng-wht.svg","tools","retired-alternative","/assets/img/tools/ng-wht.webp","600","400","1507","8dfe49a4adb83bee7c77aff57c0ac702b61e57ebd7d5d555d1c3b9d98dd5e6c5","","0","contains-text","false","","Legacy English text card. Retain as an old design variant; current shared registry owns discovery artwork. Do not share embedded English headings across translated pages."
"/assets/img/tools/ng-wht.webp","tools","placed","blog/index.html","600","400","11378","7b72a60db24c9bc6e866e39033996d293499ed4198aee3f3a5f0b13e1881e896","","14","not-reviewed","false","en; fr; ha; sw; yo","Visual/text review pending; reference scan is not visual approval."
"/assets/img/tools/nollywood-box-office.webp","tools","placed","data/localization/sw-sports-travel-parity-manifest.json","800","450","15612","874d81988fbb1c59779918235b5fe65a246ce7ec0a75d4b516c82296c62c85aa","","8","not-reviewed","false","en; fr; sw","Visual/text review pending; reference scan is not visual approval."
"/assets/img/tools/nollywood-pitch.svg","tools","placed","blog/index.html","600","400","1646","d458c1632af6424fce4d73fb1b87f5343f2e1754cb4ee276eae35ded40c19aad","","1","contains-text","false","en","Visual/text review pending; reference scan is not visual approval."
"/assets/img/tools/nollywood-pitch.webp","tools","placed","blog/nollywood-movie-budget/index.html","800","450","16244","ef0b22809bc54fd27cf1237785efa73e4f62d5cb4237c7aa1c2b972091650d3a","","11","not-reviewed","false","en; fr; sw","Visual/text review pending; reference scan is not visual approval."
"/assets/img/tools/nysc-allowance.webp","tools","placed","data/localization/fr-education-parity.json","600","375","21536","e68beb0fafdeb87d25cc9d564b119023ecf18799fb0320538b172210fb31a0f7","","11","not-reviewed","false","en; fr; ha; sw; yo","Visual/text review pending; reference scan is not visual approval."
"/assets/img/tools/oee-calculator.webp","tools","placed","data/localization/fr-small-business-parity.json","800","450","39928","452cf7d981a81ddab676123c8cc01bc8c237af7f41e40a5a2ea75f7895a29e96","","7","not-reviewed","false","en; fr; sw","Visual/text review pending; reference scan is not visual approval."
"/assets/img/tools/offplan-vs-ready.webp","tools","placed","data/registry/french-mortgage-property.json","800","450","21448","d33a2bcacda4ead34bdf4586c308827086bdf27e4c160147ccb0d27f744df4af","","9","not-reviewed","false","en; fr; sw","Visual/text review pending; reference scan is not visual approval."
"/assets/img/tools/oil-gas-revenue.webp","tools","placed","fr/mining/index.html","1200","1200","99372","7a4160675ee22cbbe19c2eae5a59880296576363ba95dd0b94786b1a238bf920","","7","text-free-reviewed","true","en; fr; sw","Visual contact-sheet review. These existing conceptual tool illustrations have no visible language-specific headings; labels belong in the page. Reuse for the same tool only."
"/assets/img/tools/oil-well-production.webp","tools","placed","fr/mining/index.html","1200","1200","183472","c7a601c50b6913d93d2ac1e5e8c807b0111a91c9c36b55f7e0b2e1e1088f8665","","7","text-free-reviewed","true","en; fr; sw","Visual contact-sheet review. These existing conceptual tool illustrations have no visible language-specific headings; labels belong in the page. Reuse for the same tool only."
"/assets/img/tools/okada-income.svg","tools","retired-alternative","/assets/img/tools/okada-income.webp","600","400","1650","dfda81f5f2d32d2354ffc2eff2a3c9ee6562b03fbd64b30d98d8f7e7e7b205d4","","0","contains-text","false","","Legacy English text card. Retain as an old design variant; current shared registry owns discovery artwork. Do not share embedded English headings across translated pages."
"/assets/img/tools/okada-income.webp","tools","placed","blog/index.html","600","400","16742","c5c5bae046ffbb8c2e92172a0dd6c863c2738ef340f5b6f33fdaf6ec4af724af","","12","not-reviewed","false","en; fr; sw","Visual/text review pending; reference scan is not visual approval."
"/assets/img/tools/outage-cost.webp","tools","placed","fr/energy/index.html","600","400","20508","0a82199f3f9aa2bed2bdfff957e85868f252bd1f4e5d9939465a5a5923e6230b","","37","not-reviewed","false","en; fr; sw","Visual/text review pending; reference scan is not visual approval."
"/assets/img/tools/overtime-calc.webp","tools","placed","data/registry/french-finance-tax-market-data.json","600","400","11976","9be7b6bb8c25f3959e5246b60a43a7d723e96bf2cc3841c9bfbfd4bb55cb3ad6","","6","not-reviewed","false","en; fr; sw","Visual/text review pending; reference scan is not visual approval."
"/assets/img/tools/ovulation-calc.svg","tools","placed","fr/tools/calculateur-ovulation/index.html","600","400","1650","7bf24850dfda8bc2b7023efed33c91f2a107ab717d92c69d47b032433855d488","","2","contains-text","false","en; fr","Visual/text review pending; reference scan is not visual approval."
"/assets/img/tools/ovulation-calc.webp","tools","placed","fr/health/index.html","800","450","37854","65b146cf487adde5305081945d084dfb99477d4d1f4fcd0884a9bd09ea7bf548","","5","not-reviewed","false","en; fr; sw","Visual/text review pending; reference scan is not visual approval."
"/assets/img/tools/packaging-cost.webp","tools","placed","data/localization/fr-small-business-parity.json","800","450","31924","8db09ecb9757171c14d03906ff3bb0662585156033600fd3a79c2873cc5a0424","","7","not-reviewed","false","en; fr; sw","Visual/text review pending; reference scan is not visual approval."
"/assets/img/tools/packing-list.webp","tools","placed","fr/tools/liste-colisage/index.html","800","450","39870","efb29771c49d1cb64899c35e9fafa1f8a2a8ccc833f6fd740b0653b7606ea827","","6","not-reviewed","false","en; fr; sw","Visual/text review pending; reference scan is not visual approval."
"/assets/img/tools/paint-calc.svg","tools","retired-alternative","/assets/img/tools/paint-calc.webp","600","400","1511","2eb3086724024599cc0424120324350f5851c7411c3b343cacec2258ddcb7061","","0","contains-text","false","","Legacy English text card. Retain as an old design variant; current shared registry owns discovery artwork. Do not share embedded English headings across translated pages."
"/assets/img/tools/paint-calc.webp","tools","placed","blog/index.html","800","450","11522","592b565db854b25b43787a24fc3b6fdca821507e6974ef90301702e9667ca949","","10","not-reviewed","false","en; fr; sw","Visual/text review pending; reference scan is not visual approval."
"/assets/img/tools/parking-fee.webp","tools","placed","fr/tools/frais-parking/index.html","800","450","33024","9eb61eb92d159fcbe06f570388606aac1afefab3bd7301907800598dce6129ed","","7","not-reviewed","false","en; fr; sw","Visual/text review pending; reference scan is not visual approval."
"/assets/img/tools/partnership-agreement.webp","tools","placed","data/registry/french-mortgage-property.json","800","450","29680","a1afb1b41ba1eb7ab035767495fb464fa126da1d18759f8c78ffe56ba6d03523","","9","not-reviewed","false","en; fr; sw","Visual/text review pending; reference scan is not visual approval."
"/assets/img/tools/passport-checklist.webp","tools","placed","blog/ghana-passport-renewal-documents-checklist/index.html","800","450","19830","75e9bbb4832a2d7bd283b42ea9c456fc774fd139510001ce43e9268b1b79e88a","","12","not-reviewed","false","en; fr; sw","Visual/text review pending; reference scan is not visual approval."
"/assets/img/tools/passport-photo.svg","tools","retired-alternative","/assets/img/tools/passport-photo.webp","600","400","1509","481f393b87c1ca003988650310f57f3d42599a062629dcde367eec0e2e5a6e4d","","0","contains-text","false","","Legacy English text card. Retain as an old design variant; current shared registry owns discovery artwork. Do not share embedded English headings across translated pages."
"/assets/img/tools/passport-photo.webp","tools","placed","blog/index.html","800","450","19076","9a1d9072f9e925c1e2a5e21dbdbc20d6ae85426406a9cf18e705885daa11b15c","","8","not-reviewed","false","en; fr; sw","Visual/text review pending; reference scan is not visual approval."
"/assets/img/tools/password-gen.svg","tools","placed","fr/tools/generateur-mot-de-passe/index.html","600","400","1513","d320a54ae39ddd75124d107e754e4c267bfbe1b843349055d1f83ff9b25c376c","","2","contains-text","false","en; fr","Visual/text review pending; reference scan is not visual approval."
"/assets/img/tools/password-gen.webp","tools","placed","blog/index.html","800","450","15058","476623f2ab448499666aa73092b36c10be01fe77b1df36a135abf57c1223700e","","12","not-reviewed","false","en; fr; sw","Visual/text review pending; reference scan is not visual approval."
"/assets/img/tools/password-strength.webp","tools","placed","fr/tools/force-mot-de-passe/index.html","800","450","27704","130d5823fb74ea6cfbc378a824804c47aea8ab288a5b68f52cafab77b760e63e","","6","text-free-reviewed","true","en; fr; sw","Visual contact-sheet review. These existing conceptual tool illustrations have no visible language-specific headings; labels belong in the page. Reuse for the same tool only."
"/assets/img/tools/paye-calculator.webp","tools","placed","data/registry/french-finance-tax-market-data.json","800","450","16620","881425003d843ed3e09596705525912c04d24c8137642cee4ff57c7ebb3bf27d","","12","not-reviewed","false","en; fr; sw","Visual/text review pending; reference scan is not visual approval."
"/assets/img/tools/paygo-solar.webp","tools","placed","fr/energy/index.html","800","450","32864","9bf9c77989a0019c12fd432fbc708d5ed46389336e75fa90f8e1380b925a1c1a","","7","not-reviewed","false","en; fr; sw","Visual/text review pending; reference scan is not visual approval."
"/assets/img/tools/payment-comparator.webp","tools","placed","fr/tools/comparateur-paiements/index.html","800","450","17176","d1f30d44e47ba912014cfb816f3cbbfb96d1cf86642661a336738b07bd1d2bf0","","6","not-reviewed","false","en; fr; sw","Visual/text review pending; reference scan is not visual approval."
"/assets/img/tools/payment-gateway.webp","tools","placed","data/localization/fr-fintech-banking-pages/payment-gateway.html","800","450","21020","1007baebea6c5f4e8c4e3a34860405cfcf3c335c98e5d1c0bce0ad9c2a9abe98","","12","not-reviewed","false","en; fr; ha; sw","Visual/text review pending; reference scan is not visual approval."
"/assets/img/tools/payslip-generator.svg","tools","retired-alternative","/assets/img/tools/payslip-generator.webp","600","400","1498","7a7249cd505d77442695ec7cbe33790c02cafa0d05fd444eae2e545e1e6bcc8a","","0","contains-text","false","","Legacy English text card. Retain as an old design variant; current shared registry owns discovery artwork. Do not share embedded English headings across translated pages."
"/assets/img/tools/payslip-generator.webp","tools","placed","blog/index.html","600","400","22804","b9dc81c8a62c6d34ec6ac52d759eb95251f5824fa7cf632cc621598fd0f17f15","","17","not-reviewed","false","en; fr; ha; sw","Visual/text review pending; reference scan is not visual approval."
"/assets/img/tools/paystack-calculator.webp","tools","placed","blog/paystack-fees-explained/index.html","800","450","16036","73bb9d6177b5e9c4bb9113e065f72d45991f4feee79dd5ceb9551f441457991a","","7","not-reviewed","false","en; sw","Visual/text review pending; reference scan is not visual approval."
"/assets/img/tools/pdf-bates.webp","tools","placed","assets/js/pages/fr-document-pdf-artwork.js","800","450","28430","415cb260de4116045e5272cb1dcd8903a50d44e195817626d2e9e838b2dff68f","","7","not-reviewed","false","en; fr; sw","Visual/text review pending; reference scan is not visual approval."
"/assets/img/tools/pdf-chat.webp","tools","placed","assets/js/pages/fr-document-pdf-artwork.js","600","400","7282","8281ac246561ae2af7e0bbb604cd7778a9bffc0801dd37feb4c9e639210708f0","","7","not-reviewed","false","en; fr; sw","Visual/text review pending; reference scan is not visual approval."
"/assets/img/tools/pdf-compare.webp","tools","placed","assets/js/pages/fr-document-pdf-artwork.js","600","400","6328","64c5bd1633166675c0f7dab3230df8b8da3647c1828a29dfc8ab84b16c918385","","9","not-reviewed","false","en; fr; sw","Visual/text review pending; reference scan is not visual approval."
"/assets/img/tools/pdf-compress.svg","tools","retired-alternative","/assets/img/tools/pdf-compress.webp","600","400","1507","d34001746f347c2ecd71f0a305e52d9cab3d558cf9450bc3c6d1735799b802d4","","0","contains-text","false","","Legacy English text card. Retain as an old design variant; current shared registry owns discovery artwork. Do not share embedded English headings across translated pages."
"/assets/img/tools/pdf-compress.webp","tools","placed","fr/tools/compresser-pdf/index.html","600","400","13148","a813cf6ae2a875d503ca29de2ae60d77eee65615983097d109b866837fbb8527","","9","not-reviewed","false","en; fr; ha; sw; yo","Visual/text review pending; reference scan is not visual approval."
"/assets/img/tools/pdf-convert.webp","tools","placed","assets/js/pages/fr-document-pdf-artwork.js","600","400","7142","8f946b4e781839dd8a6a3a02e787580a29e084fd7921b07ef43e7f7343d3e861","","9","not-reviewed","false","en; fr; ha; sw","Visual/text review pending; reference scan is not visual approval."
"/assets/img/tools/pdf-editor.webp","tools","placed","fr/tools/editeur-pdf/index.html","600","400","11870","dec98cffc75e2d145f111452aaac683a0d4d5c99ceee76fc182ba1c2ec0af483","","7","not-reviewed","false","en; fr; ha; sw","Visual/text review pending; reference scan is not visual approval."
"/assets/img/tools/pdf-find-replace.webp","tools","placed","assets/js/pages/fr-document-pdf-artwork.js","800","450","26706","6cd7bd2a8a2515c90934d65d018a95620a3b1d43a1adeb200f08224358e477cb","","6","not-reviewed","false","en; fr; sw","Visual/text review pending; reference scan is not visual approval."
"/assets/img/tools/pdf-form-filler.svg","tools","retired-alternative","/assets/img/tools/pdf-form-filler.webp","600","400","1505","747f0921968c6c5bd381f3dd2ae3e7b6a153963ceb33cea3a87edbd2acbd0ca4","","0","contains-text","false","","Legacy English text card. Retain as an old design variant; current shared registry owns discovery artwork. Do not share embedded English headings across translated pages."
"/assets/img/tools/pdf-form-filler.webp","tools","placed","fr/tools/remplir-formulaire-pdf/index.html","600","400","15476","a58a59a9451635d9b4d74c4fde85fd97bf616477efeaaeb7e42bba28134f6db1","","5","not-reviewed","false","en; fr; sw","Visual/text review pending; reference scan is not visual approval."
"/assets/img/tools/pdf-header-footer.svg","tools","retired-alternative","/assets/img/tools/pdf-header-footer.webp","600","400","1513","a8acb3b337be57947d8b66932dabb24ebecd386df729aeb4bc2ca8cd6f8c8e71","","0","contains-text","false","","Legacy English text card. Retain as an old design variant; current shared registry owns discovery artwork. Do not share embedded English headings across translated pages."
"/assets/img/tools/pdf-header-footer.webp","tools","placed","fr/tools/entete-pied-pdf/index.html","600","400","14236","99bff66879fd811cbe637ebe54a4c138853f64e04a74673f88e51992b9a07a41","","5","not-reviewed","false","en; fr; sw","Visual/text review pending; reference scan is not visual approval."
"/assets/img/tools/pdf-image-convert.svg","tools","retired-alternative","/assets/img/tools/pdf-image-convert.webp","600","400","1516","69a638fbe3bc874f5a515641bc754ca53935de9eda8758e05d71373077e83e94","","0","contains-text","false","","Legacy English text card. Retain as an old design variant; current shared registry owns discovery artwork. Do not share embedded English headings across translated pages."
"/assets/img/tools/pdf-image-convert.webp","tools","placed","assets/js/pages/fr-document-pdf-artwork.js","800","450","14784","c0eb8561e5d1d2391af079f7c79b2d537f1d77268a42b99f7768998880beb94e","","7","not-reviewed","false","en; fr; sw","Visual/text review pending; reference scan is not visual approval."
"/assets/img/tools/pdf-merge-split.svg","tools","retired-alternative","/assets/img/tools/pdf-merge-split.webp","600","400","1511","a81e917ffe58a2eb5e8c28b1046bff06550dd0aa2bcce48be5a8fc41df511ab1","","0","contains-text","false","","Legacy English text card. Retain as an old design variant; current shared registry owns discovery artwork. Do not share embedded English headings across translated pages."
"/assets/img/tools/pdf-merge-split.webp","tools","placed","blog/index.html","600","400","14336","5c72c9a1c585a301627546241f4e56f9f364c7288d7361c2d16fef537bb98c18","","16","not-reviewed","false","en; fr; ha; sw; yo","Visual/text review pending; reference scan is not visual approval."
"/assets/img/tools/pdf-ocr.svg","tools","retired-alternative","/assets/img/tools/pdf-ocr.webp","600","400","1502","b7ff62da1a0f8d6142a8d5bdd0a0b792cd4e1fa9f28121c0961e15b4294dc3a2","","0","contains-text","false","","Legacy English text card. Retain as an old design variant; current shared registry owns discovery artwork. Do not share embedded English headings across translated pages."
"/assets/img/tools/pdf-ocr.webp","tools","placed","fr/tools/ocr-pdf/index.html","600","400","12712","5480466ec4645e879dd2b1849be15eb2e5c91674232b7745f0a8a205ef13dfd0","","5","not-reviewed","false","en; fr; sw","Visual/text review pending; reference scan is not visual approval."
"/assets/img/tools/pdf-page-numbers.svg","tools","retired-alternative","/assets/img/tools/pdf-page-numbers.webp","600","400","1511","50ff78017ac4934ee3d8aac640173bb7850d1c07bbb1e9ef32a4a6d33fd675aa","","0","contains-text","false","","Legacy English text card. Retain as an old design variant; current shared registry owns discovery artwork. Do not share embedded English headings across translated pages."
"/assets/img/tools/pdf-page-numbers.webp","tools","placed","fr/tools/numerotation-pdf/index.html","600","400","13422","77894573be4144bef5d6e1eff85d0722d30552676e2b603d5733149b55400bba","","7","not-reviewed","false","en; fr; ha; sw","Visual/text review pending; reference scan is not visual approval."
"/assets/img/tools/pdf-password.svg","tools","retired-alternative","/assets/img/tools/pdf-password.webp","600","400","1510","b9eb25e9c53f49578ebbdd09c471ecfa1687598518460943beb12d95d31c3388","","0","contains-text","false","","Legacy English text card. Retain as an old design variant; current shared registry owns discovery artwork. Do not share embedded English headings across translated pages."
"/assets/img/tools/pdf-password.webp","tools","placed","blog/index.html","600","400","13738","737d956f62f7fca90fc375b4fedab28c6f2ab1f4759ee8e26887c5c5321d7191","","7","not-reviewed","false","en; fr; sw","Visual/text review pending; reference scan is not visual approval."
"/assets/img/tools/pdf-redact.svg","tools","retired-alternative","/assets/img/tools/pdf-redact.webp","600","400","1507","3c4f5c1b6dc4e3ad4b5645d5689ff8f5263ab38d1285bf196a0bb3c4ac12f5cd","","0","contains-text","false","","Legacy English text card. Retain as an old design variant; current shared registry owns discovery artwork. Do not share embedded English headings across translated pages."
"/assets/img/tools/pdf-redact.webp","tools","placed","blog/index.html","600","400","14714","93799d33fcc997336bf9590a67a1a6d467586bce9687289df1807f2be946c4d2","","8","not-reviewed","false","en; fr; sw","Visual/text review pending; reference scan is not visual approval."
"/assets/img/tools/pdf-reorder.webp","tools","placed","assets/js/pages/fr-document-pdf-artwork.js","800","450","15852","fe2dc76d72fb34a0c0cb54ee1f076a97e6ca9351600f7d3a6a83c1963327a5e0","","9","not-reviewed","false","en; fr; sw; yo","Visual/text review pending; reference scan is not visual approval."
"/assets/img/tools/pdf-repair.webp","tools","placed","assets/js/pages/fr-document-pdf-artwork.js","800","450","34180","87d51adf145f6784b23a9701ec19e11e04169f8d48e8e5a98343c64e9014be25","","7","not-reviewed","false","en; fr; sw","Visual/text review pending; reference scan is not visual approval."
"/assets/img/tools/pdf-sign.svg","tools","retired-alternative","/assets/img/tools/pdf-sign.webp","600","400","1511","4264c2651b38b89bc136d0be958dcf7914737aa359de1143960e2abfde3d7942","","0","contains-text","false","","Legacy English text card. Retain as an old design variant; current shared registry owns discovery artwork. Do not share embedded English headings across translated pages."
"/assets/img/tools/pdf-sign.webp","tools","placed","fr/tools/signer-pdf/index.html","600","400","12706","1e1a9e3255a38490a1471e4da9df151dcd1f5ef507f825b204da2bea13d68909","","7","not-reviewed","false","en; fr; ha; sw","Visual/text review pending; reference scan is not visual approval."
"/assets/img/tools/pdf-to-audio.webp","tools","placed","assets/js/pages/fr-document-pdf-artwork.js","800","450","21178","68301dafb62ec8a4cbfccfe5cf81b7d3cf101bdf61fa309df66e271b60a9eba8","","7","not-reviewed","false","en; fr; sw","Visual/text review pending; reference scan is not visual approval."
"/assets/img/tools/pdf-translate.webp","tools","placed","assets/js/pages/fr-document-pdf-artwork.js","600","400","6090","2250256f96ee583e04d1594dc60d595a0df112d38cc3a08eeb132a87487bac52","","7","not-reviewed","false","en; fr; sw","Visual/text review pending; reference scan is not visual approval."
"/assets/img/tools/pdf-watermark.svg","tools","retired-alternative","/assets/img/tools/pdf-watermark.webp","600","400","1508","93a09d286d182e8d6f426d7024e0324f0ef63e50a0f3f857f11f45f036b88569","","0","contains-text","false","","Legacy English text card. Retain as an old design variant; current shared registry owns discovery artwork. Do not share embedded English headings across translated pages."
"/assets/img/tools/pdf-watermark.webp","tools","placed","fr/tools/filigrane-pdf/index.html","600","400","13570","06854e19c6a632cedc12cbfafff620f0db4048cb0dddad08ec86db5d8bd50b42","","5","not-reviewed","false","en; fr; sw","Visual/text review pending; reference scan is not visual approval."
"/assets/img/tools/pdf-workflow.webp","tools","placed","fr/tools/flux-pdf/index.html","600","400","12638","a5585f5bbb52f29ed84c6c63d6f5e24743595169000336db9e1854fa194220e2","","5","not-reviewed","false","en; fr; sw","Visual/text review pending; reference scan is not visual approval."
"/assets/img/tools/pdf-workspace.webp","tools","placed","blog/index.html","600","400","10728","cc854461161e8fb5b9978a9bc4b7b064818998738bbbe555d44c9d570b9cb26d","","21","not-reviewed","false","en; fr; ha; sw; yo","Visual/text review pending; reference scan is not visual approval."
"/assets/img/tools/pension-proj.svg","tools","retired-alternative","/assets/img/tools/pension-proj.webp","600","400","1647","b7c9afbe5973168f917d572339d09795e78ca3b301730d56e6ea56d3c7cf0eb9","","0","contains-text","false","","Legacy English text card. Retain as an old design variant; current shared registry owns discovery artwork. Do not share embedded English headings across translated pages."
"/assets/img/tools/pension-proj.webp","tools","placed","blog/index.html","600","400","14656","c4b32052e603e5f99ab70560bb43e81404758e3641cfec5c25948e713cb1eef7","","10","not-reviewed","false","en; fr; sw","Visual/text review pending; reference scan is not visual approval."
"/assets/img/tools/pension-projection.webp","tools","placed","data/registry/french-finance-tax-market-data.json","800","450","29044","bbf7cc3e5499979c4652e706f80f1055ea1d0deaf56080a942940922b736a861","","7","not-reviewed","false","en; fr; sw","Visual/text review pending; reference scan is not visual approval."
"/assets/img/tools/percentage-calc.svg","tools","retired-alternative","/assets/img/tools/percentage-calc.webp","600","400","1502","c78eff833099431a0ae8752a2fbee790681c532c0f9e540d12c5d8fc32842054","","0","contains-text","false","","Legacy English text card. Retain as an old design variant; current shared registry owns discovery artwork. Do not share embedded English headings across translated pages."
"/assets/img/tools/percentage-calc.webp","tools","placed","data/localization/fr-education-parity.json","600","400","8678","3b206a1f6d7134db9f9eea35b15ac381dfe8943fa30e40a79f25a3c15b59f5d3","","7","not-reviewed","false","en; fr; sw","Visual/text review pending; reference scan is not visual approval."
"/assets/img/tools/periodic-table.svg","tools","retired-alternative","/assets/img/tools/periodic-table.webp","600","400","1509","735b15438f704d2108b6c800ed614f42afce3b570364f4f89533b5998b231136","","0","contains-text","false","","Legacy English text card. Retain as an old design variant; current shared registry owns discovery artwork. Do not share embedded English headings across translated pages."
"/assets/img/tools/periodic-table.webp","tools","placed","data/localization/fr-education-parity.json","600","400","25132","e82b2c40b9d84bb49f2f43e111f8abee6a310f538924fd098b361423ba4efb18","","8","not-reviewed","false","en; fr; sw","Visual/text review pending; reference scan is not visual approval."
"/assets/img/tools/personal-brand-audit.webp","tools","placed","data/localization/sw-creative-parity-manifest.json","800","450","36872","5a4f2a03a6848666efad9ca6f8d8deb2689329560ce77124638af7e6a56cdfa1","","9","not-reviewed","false","en; fr; sw","Visual/text review pending; reference scan is not visual approval."
"/assets/img/tools/pesticide-dosage-calculator.webp","tools","placed","agriculture/pesticide-dosage/index.html","800","450","31028","b20bed87c0ff3bd2d324c1c57d3145b1f78649936c53e0ac32e9067921927c65","","6","not-reviewed","false","en; fr; sw","Visual/text review pending; reference scan is not visual approval."
"/assets/img/tools/pharmacy-prices.webp","tools","placed","fr/health/index.html","800","450","16966","35d522a41de0ab80dabf4d3730ebec1b21dc8a962f29250dfd1c54ea7f434d37","","7","not-reviewed","false","en; fr; sw","Visual/text review pending; reference scan is not visual approval."
"/assets/img/tools/phishing-quiz.webp","tools","placed","fr/tools/quiz-phishing/index.html","800","450","20116","bc7fc709ae969ca26c2972dfc90fcb765e2c869a9ac8710963b75bccc1793aa2","","6","not-reviewed","false","en; fr; sw","Visual/text review pending; reference scan is not visual approval."
"/assets/img/tools/photo-video-pricing.webp","tools","placed","blog/index.html","800","450","21352","d1af767ec251ecb720386377859b6841a6f519efdabb5e006167070f5d1ec588","","11","not-reviewed","false","en; fr; sw","Visual/text review pending; reference scan is not visual approval."
"/assets/img/tools/photography-pricing.webp","tools","placed","data/localization/sw-creative-parity-manifest.json","800","450","21746","9aba04f2838f4a9c66338049799d92f1471e60f8e1f2cd29069842900b907a3c","","7","not-reviewed","false","en; fr; sw","Visual/text review pending; reference scan is not visual approval."
"/assets/img/tools/pidgin-translator.svg","tools","retired-alternative","/assets/img/tools/pidgin-translator.webp","600","400","1509","8044c5543a16ea834b56f50621bb59167b42d2bef441b834e09d2614c3a53fbe","","0","contains-text","false","","Legacy English text card. Retain as an old design variant; current shared registry owns discovery artwork. Do not share embedded English headings across translated pages."
"/assets/img/tools/pidgin-translator.webp","tools","placed","fr/tools/traducteur-pidgin/index.html","800","450","25254","73f84bc0cfc54989e2e6267403afd42ceabd1a7025cb3412b4d17db2da799621","","5","not-reviewed","false","en; fr; sw","Visual/text review pending; reference scan is not visual approval."
"/assets/img/tools/plagiarism-pct.webp","tools","placed","data/localization/fr-education-parity.json","800","450","28144","da982d183a7851edfb465efb259d8ef61cc777893618c4cc1665f6dd087c2d28","","7","not-reviewed","false","en; fr; sw","Visual/text review pending; reference scan is not visual approval."
"/assets/img/tools/planting-calendar.svg","tools","placed","ha/noma/kalandar-shuka/index.html","600","400","1499","40c2fb9c40e761f4485dd7e3f9fa0bf1a692192b8771c3ae7e8c73241d72a8cf","","1","contains-text","false","ha","Visual/text review pending; reference scan is not visual approval."
"/assets/img/tools/planting-calendar.webp","tools","placed","data/localization/fr-agriculture-parity-manifest.json","800","450","16704","792d7e6c8f35324d827dcd2c6578560743c7d4b51a790716a5c20eb651b84671","","9","not-reviewed","false","en; fr; ha; sw","Visual/text review pending; reference scan is not visual approval."
"/assets/img/tools/plot-converter.webp","tools","placed","data/registry/french-mortgage-property.json","600","375","11986","657c98d7051898df76dabf4ba4f4675ba77720dafd895c0bf824fe3426dff8d2","","9","not-reviewed","false","en; fr; sw","Visual/text review pending; reference scan is not visual approval."
"/assets/img/tools/plumbing-material.webp","tools","placed","fr/ingenierie/index.html","600","375","12446","d3e625075960472dfe31ddf410611362745351e41a8281232d7a0bbe63a3991c","","5","not-reviewed","false","en; fr; sw","Visual/text review pending; reference scan is not visual approval."
"/assets/img/tools/podcast-monetization.webp","tools","placed","data/localization/sw-creative-parity-manifest.json","800","450","56482","7d4cf20fd84924569e011382075bbccd7fb21303b51dd711aef3c8b9d33c58bc","","7","not-reviewed","false","en; fr; sw","Visual/text review pending; reference scan is not visual approval."
"/assets/img/tools/pomodoro.svg","tools","placed","fr/tools/minuteur-pomodoro/index.html","600","400","1509","f3c09288f07629ba93d20f6fb2cec78c788f75029553481074e5f8a0c7a06897","","3","contains-text","false","en; fr; sw","Visual/text review pending; reference scan is not visual approval."
"/assets/img/tools/pomodoro.webp","tools","placed","data/localization/fr-business-roi-parity.json","800","450","37310","81b983f1bbd55d12aed2b4711e39a0044461058f0c54162c934e95f29c39268c","","6","not-reviewed","false","en; fr; sw","Visual/text review pending; reference scan is not visual approval."
"/assets/img/tools/popia-checker.webp","tools","placed","data/registry/french-mortgage-property.json","600","375","9098","353b219995544fed3b67e2665ada7c0c1803458f58888d4fd19540fb8108c74b","","9","not-reviewed","false","en; fr; sw","Visual/text review pending; reference scan is not visual approval."
"/assets/img/tools/pos-agent.webp","tools","placed","data/localization/fr-small-business-parity.json","600","375","12796","2bda5ff9ea786eb56e757346b743ca27b977a71b4fd87ec841d75eb531b0ce3b","","9","not-reviewed","false","en; fr; sw","Visual/text review pending; reference scan is not visual approval."
"/assets/img/tools/pos-fees.webp","tools","placed","data/localization/fr-fintech-banking-pages/pos-fees.html","800","450","33236","424f73ebe5dc741754333d128c71b1e7fbda858af7c701f0387e85172b840cad","","6","not-reviewed","false","en; fr; sw","Visual/text review pending; reference scan is not visual approval."
"/assets/img/tools/poultry-roi-calculator.webp","tools","placed","agriculture/poultry-roi/index.html","600","400","10900","cce758cee73d08fab89796223666ad0c6b91ade1779bb2d260256ca7d8975782","","10","not-reviewed","false","en; fr; sw","Visual/text review pending; reference scan is not visual approval."
"/assets/img/tools/power-of-attorney.webp","tools","placed","data/registry/french-mortgage-property.json","800","450","26214","7876446f98f5514a8c3725c9c3a7cb3f05fc5806eae3c94e10172661f43f280f","","9","not-reviewed","false","en; fr; sw","Visual/text review pending; reference scan is not visual approval."
"/assets/img/tools/prayer-times.webp","tools","placed","data/localization/fr-religious-cultural-parity.json","800","450","22278","564ec80f4d7ce0e0a0e23e47d695188bafb397491934aab06d4d17068d144f85","","8","not-reviewed","false","en; fr; sw","Visual/text review pending; reference scan is not visual approval."
"/assets/img/tools/pregnancy-nutrition.webp","tools","placed","fr/health/index.html","800","450","47522","82f0da88c61662a3d88d79203d40b90579597472fb6763c2b299c81ced48225c","","7","not-reviewed","false","en; fr; sw","Visual/text review pending; reference scan is not visual approval."
"/assets/img/tools/prepaid-meter.webp","tools","placed","blog/index.html","600","375","9978","fe63a4cc71f440f735058944c8eaeeff2a56d74d4c994f020c6c3774d6345ab7","","15","not-reviewed","false","en; fr; sw","Visual/text review pending; reference scan is not visual approval."
"/assets/img/tools/privacy-policy-gen.webp","tools","placed","data/registry/french-mortgage-property.json","600","375","5664","d10913c963f94dec798dd22d7790a25b8be2119e697d3ad554deefa29bcff18c","","9","not-reviewed","false","en; fr; sw","Visual/text review pending; reference scan is not visual approval."
"/assets/img/tools/production-cost.webp","tools","placed","data/localization/fr-small-business-parity.json","800","450","30702","b83d3d4395663f826aedc030cba6319b2ade9c76702e7e5688b3928b9d3d6faa","","7","not-reviewed","false","en; fr; sw","Visual/text review pending; reference scan is not visual approval."
"/assets/img/tools/professional-indemnity.webp","tools","placed","fr/insurance/index.html","800","450","48448","3afd91ffafe4bc8115f249f4fac56710715f79252f4a812849390e41f67f3243","","4","not-reviewed","false","en; fr; sw","Visual/text review pending; reference scan is not visual approval."
"/assets/img/tools/profit-margin.svg","tools","retired-alternative","/assets/img/tools/profit-margin.webp","600","400","1506","75292775b5ccdd7d22508ffce3812121a4c8583a54bd8d5783750151ca09d098","","0","contains-text","false","","Legacy English text card. Retain as an old design variant; current shared registry owns discovery artwork. Do not share embedded English headings across translated pages."
"/assets/img/tools/profit-margin.webp","tools","placed","data/localization/sw-ecommerce-parity-manifest.json","800","450","11022","5c788b689848782abad04209de976fe69e043a2f03d7c86b77dfa7691073b0be","","14","not-reviewed","false","en; fr; ha; sw","Visual/text review pending; reference scan is not visual approval."
"/assets/img/tools/proforma-invoice.webp","tools","placed","fr/tools/facture-proforma/index.html","600","375","7936","11b36e7fb031f846cf0057b8bfd4e349e8c113a0bb5e4bf019f0001d578c996a","","5","not-reviewed","false","en; fr; sw","Visual/text review pending; reference scan is not visual approval."
"/assets/img/tools/property-cgt.webp","tools","placed","data/registry/french-mortgage-property.json","600","400","16608","02a83d68423d13c7b289d1953a798a71b547c6d771c03a2797c664a4e4db84f4","","9","not-reviewed","false","en; fr; sw","Visual/text review pending; reference scan is not visual approval."
"/assets/img/tools/property-mgmt-fees.webp","tools","placed","data/registry/french-mortgage-property.json","600","450","14254","6ee24d3b3a5047c77e686be114b6921db8510fa03fac0b26840ce004e88346b2","","9","not-reviewed","false","en; fr; sw","Visual/text review pending; reference scan is not visual approval."
"/assets/img/tools/property-roi.webp","tools","placed","data/registry/french-finance-tax-market-data.json","800","450","20258","a27c7d61700edb23b710f9e7a029943f319bf1a4c34496645c07f5ee07723a9d","","7","not-reviewed","false","en; fr; sw","Visual/text review pending; reference scan is not visual approval."
"/assets/img/tools/property-tax.svg","tools","retired-alternative","/assets/img/tools/property-tax.webp","600","400","1504","b7c7e0c141a2a9b72be4c77c4d0b3dcecbec6f8401d6a41e6489bfc346c11cb0","","0","contains-text","false","","Legacy English text card. Retain as an old design variant; current shared registry owns discovery artwork. Do not share embedded English headings across translated pages."
"/assets/img/tools/property-tax.webp","tools","placed","blog/property-tax-guide-africa/index.html","800","450","21944","5de0bc55fd6e0e81b21cc0f20528277cf2bdc0cf8f3e6e813e0aa33132cb1aa7","","11","not-reviewed","false","en; fr; sw","Visual/text review pending; reference scan is not visual approval."
"/assets/img/tools/property-transfer-cost.webp","tools","placed","data/registry/french-finance-tax-market-data.json","600","400","11472","b77cb5e99044ade1ef08189978d9e6b2cde6415535447e027a73392b4da78ac7","","9","not-reviewed","false","en; fr; sw","Visual/text review pending; reference scan is not visual approval."
"/assets/img/tools/property-valuation.webp","tools","placed","data/registry/french-mortgage-property.json","800","450","18894","ada096175b6a763630b46982c5f99520123faa3b8e50d3cf5c84f749b5af2cb3","","9","not-reviewed","false","en; fr; sw","Visual/text review pending; reference scan is not visual approval."
"/assets/img/tools/property-vs-stocks.webp","tools","placed","data/localization/fr-fintech-banking-pages/property-vs-stocks.html","800","450","45580","2810c38a07cef0e7922107f3298f3000e54d3121f5dd1942bfaca26a3d2529ea","","8","not-reviewed","false","en; fr; sw","Visual/text review pending; reference scan is not visual approval."
"/assets/img/tools/public-holidays.svg","tools","retired-alternative","/assets/img/tools/public-holidays.webp","600","400","1663","663478369a38767236adc17d182210c6beba326ec1576036be6068646ece3a1f","","0","contains-text","false","","Legacy English text card. Retain as an old design variant; current shared registry owns discovery artwork. Do not share embedded English headings across translated pages."
"/assets/img/tools/public-holidays.webp","tools","placed","data/localization/fr-business-roi-parity.json","800","450","20942","010be5419fe50aad25d016319f8f3952931de2472e86bfc51fa8cf0a85437273","","9","not-reviewed","false","en; fr; sw","Visual/text review pending; reference scan is not visual approval."
"/assets/img/tools/pwa-manifest.webp","tools","placed","data/localization/fr-developer-parity-manifest.json","800","450","17672","ac9e95d832ed43e4150aff78ac472414951b819c4874e473ac0b4b74be54ccd7","","8","not-reviewed","false","en; fr; sw","Visual/text review pending; reference scan is not visual approval."
"/assets/img/tools/qr-generator.webp","tools","placed","blog/index.html","600","400","13088","c4345622bc60a25ad350ea0cf5347c3e4a59abce1644b9172eef6bef02b1f571","","12","not-reviewed","false","en; fr; sw","Visual/text review pending; reference scan is not visual approval."
"/assets/img/tools/qr-payment.webp","tools","placed","data/localization/fr-fintech-banking-pages/qr-payment.html","800","450","31558","7255e835987e7fe10bc6ebb0f41e349e70aed70510dbbe3563058cde050ad730","","8","not-reviewed","false","en; fr; sw","Visual/text review pending; reference scan is not visual approval."
"/assets/img/tools/quality-sampling.webp","tools","placed","data/localization/fr-small-business-parity.json","800","450","34574","2a69c2fcc36f21e5d29f83af0df20a4d4e1cc8038b9a3ffead9482ce0d935cd3","","7","not-reviewed","false","en; fr; sw","Visual/text review pending; reference scan is not visual approval."
"/assets/img/tools/rainfall-tracker.webp","tools","placed","data/localization/fr-climate-parity-manifest.json","800","450","15288","73730ef4d10a7e58470fab1acd33fcaf3c6ca0353e4291fbf282458e3856a311","","7","not-reviewed","false","en; fr; sw","Visual/text review pending; reference scan is not visual approval."
"/assets/img/tools/ramadan-timetable.webp","tools","placed","data/localization/fr-religious-cultural-parity.json","800","450","31846","e2d383a5d0fb7dc32635bd581a55bd7b64c41b4fdd4b99a2f3a52050399b2991","","8","not-reviewed","false","en; fr; sw","Visual/text review pending; reference scan is not visual approval."
"/assets/img/tools/random-picker.svg","tools","placed","fr/tools/selecteur-aleatoire/index.html","600","400","1520","c7f2ad6ed49207df75fad5ce6bd2eeba92547c0da66c8322594780c834130bc4","","3","contains-text","false","en; fr; sw","Visual/text review pending; reference scan is not visual approval."
"/assets/img/tools/random-picker.webp","tools","placed","data/localization/fr-business-roi-parity.json","800","450","16996","bf4b4bdb2f987a60f15eab31e530b162be762ec92ff482cd637101fa71503a62","","6","not-reviewed","false","en; fr; sw","Visual/text review pending; reference scan is not visual approval."
"/assets/img/tools/real-return.webp","tools","placed","fr/tools/rendement-reel-inflation/index.html","600","400","10696","7446e46d4b1169e33792019cc22bc1d81f252daae641a6d0681fe5b1b10639a7","","5","not-reviewed","false","en; fr; sw","Visual/text review pending; reference scan is not visual approval."
"/assets/img/tools/rebar-calc.webp","tools","placed","fr/ingenierie/index.html","800","450","37052","dfceadf5c1a8b3340dd48b71705270850aae447d0d42b56dd0b5e56ee75e3b03","","6","not-reviewed","false","en; fr; sw","Visual/text review pending; reference scan is not visual approval."
"/assets/img/tools/receipt-generator.svg","tools","retired-alternative","/assets/img/tools/receipt-generator.webp","600","400","1507","bf1c0e37012fff60c9180703a11067e1fed91c34e9f78dac040f903d47877856","","0","contains-text","false","","Legacy English text card. Retain as an old design variant; current shared registry owns discovery artwork. Do not share embedded English headings across translated pages."
"/assets/img/tools/receipt-generator.webp","tools","placed","assets/js/pages/fr-document-pdf-artwork.js","800","450","21754","d34609e71701951b61c1db2201293913d1fe1363103acf29345f125d60e4281b","","16","not-reviewed","false","en; fr; ha; sw; yo","Visual/text review pending; reference scan is not visual approval."
"/assets/img/tools/recycling-revenue.webp","tools","placed","data/localization/fr-climate-parity-manifest.json","800","450","25012","4af7bca0b90cda53cc6b8815bec8d847fb0048c91220f280a8341ed80f07ffa0","","8","not-reviewed","false","en; fr; sw","Visual/text review pending; reference scan is not visual approval."
"/assets/img/tools/regex-tester.svg","tools","placed","blog/index.html","600","400","1493","a5b3ca4f0be23798c64e47fd6481e09884ede92c51da70da442f6c1214915ad6","","1","contains-text","false","en","Visual/text review pending; reference scan is not visual approval."
"/assets/img/tools/regex-tester.webp","tools","placed","data/localization/fr-developer-parity-manifest.json","800","450","12092","7aebb19a1536e105a4aabefa798ea1ee2fb29059ae34a23eb061128977f1e0dc","","8","not-reviewed","false","en; fr; sw","Visual/text review pending; reference scan is not visual approval."
"/assets/img/tools/remittance-compare.webp","tools","placed","blog/index.html","600","400","14650","9a711f177a658558559e710847dc2517251b57ddfb60c3f17ac0001c8343e998","","16","not-reviewed","false","en; fr; ha; sw","Visual/text review pending; reference scan is not visual approval."
"/assets/img/tools/remittance-v2.svg","tools","placed","blog/index.html","600","400","1503","28a48c84edcccd4c21fd5f2f7c3d3e5be546a20da139849da8edb2710354c3ca","","3","contains-text","false","en; fr","Visual/text review pending; reference scan is not visual approval."
"/assets/img/tools/remittance-v2.webp","tools","placed","blog/remittance-fees-africa/index.html","800","450","26618","ceb68f418694ef2700b2b775d5a0a80dea1b0b25169eb53cf5cc935ad7d33c28","","7","not-reviewed","false","en; fr; sw","Visual/text review pending; reference scan is not visual approval."
"/assets/img/tools/rent-affordability.webp","tools","placed","data/registry/french-mortgage-property.json","800","450","25218","440d418be63301d83fb1b18e5bbd510d7e8aedd45aa9e61a954e394d4ca38fe7","","9","not-reviewed","false","en; fr; sw","Visual/text review pending; reference scan is not visual approval."
"/assets/img/tools/rent-intelligence.webp","tools","placed","data/registry/french-mortgage-property.json","600","400","12632","bffff24a7f98a7f2362668a9eb88e0bd119537d9cb71fd7d13b4d575c1dec5da","","9","not-reviewed","false","en; fr; sw","Visual/text review pending; reference scan is not visual approval."
"/assets/img/tools/rent-vs-buy.webp","tools","placed","data/registry/french-finance-tax-market-data.json","800","450","23848","627e318d0a7f1b6283cfa9afdbfb5f6f7266d34263f39f9e5c0e01c033c9e524","","7","not-reviewed","false","en; fr; sw","Visual/text review pending; reference scan is not visual approval."
"/assets/img/tools/rental-agreement.webp","tools","placed","data/registry/french-mortgage-property.json","800","450","17050","3c9c8d03a334621d790fb4f54b074d40839ee231c24cba64005300337a2a5721","","9","not-reviewed","false","en; fr; sw","Visual/text review pending; reference scan is not visual approval."
"/assets/img/tools/rental-yield.svg","tools","retired-alternative","/assets/img/tools/rental-yield.webp","600","400","1504","3c810816bd15cfae2525368f2a2e553d0d933b39b4443304ae06ab74ac83350b","","0","contains-text","false","","Legacy English text card. Retain as an old design variant; current shared registry owns discovery artwork. Do not share embedded English headings across translated pages."
"/assets/img/tools/rental-yield.webp","tools","placed","data/registry/french-mortgage-property.json","800","450","16516","c26bee4f260eae61ca838690e03af53b118e9bc82bd86a25be6b3ac51cd99ee9","","9","not-reviewed","false","en; fr; sw","Visual/text review pending; reference scan is not visual approval."
"/assets/img/tools/retirement-planner.svg","tools","retired-alternative","/assets/img/tools/retirement-planner.webp","600","400","1508","a82ed8183367bf10fa2a3e6523faa3498d3c38d17b2ffc0a93ac696fc5881fa6","","0","contains-text","false","","Legacy English text card. Retain as an old design variant; current shared registry owns discovery artwork. Do not share embedded English headings across translated pages."
"/assets/img/tools/retirement-planner.webp","tools","placed","data/registry/french-finance-tax-market-data.json","800","450","15336","c7d64ba97cf4b435e5ff966254e7cc3370a91b88abe801dab5066203e428523b","","7","not-reviewed","false","en; fr; sw","Visual/text review pending; reference scan is not visual approval."
"/assets/img/tools/retirement-readiness.webp","tools","placed","data/localization/fr-career-parity-manifest.json","800","450","19234","4b7793307c019f3bbc275891e210ac06bf28c8d85fb61198e138a7f5a208b833","","7","not-reviewed","false","en; fr; sw","Visual/text review pending; reference scan is not visual approval."
"/assets/img/tools/retrenchment-calculator.webp","tools","placed","data/localization/fr-hr-payroll-parity.json","800","450","35910","691dd1e5fca8dfda3ee46ae1ab0dab52987d30f03c559b8033045c8d8a755eae","","7","not-reviewed","false","en; fr; sw","Visual/text review pending; reference scan is not visual approval."
"/assets/img/tools/ride-fare.webp","tools","placed","fr/tools/tarif-vtc-taxi/index.html","600","400","11844","c560a3f9fc001a55a6b3993ae751150f25a699e5b81315227ce01e12c238424b","","6","not-reviewed","false","en; fr; sw","Visual/text review pending; reference scan is not visual approval."
"/assets/img/tools/road-construction-cost.webp","tools","placed","fr/ingenierie/index.html","600","450","27984","3bb7ad95c4192c8e2c68ba20eb174a6b9403925507f15e183b680fd45480075b","","7","not-reviewed","false","en; fr; sw","Visual/text review pending; reference scan is not visual approval."
"/assets/img/tools/roadworthiness.webp","tools","placed","blog/index.html","600","400","25582","ec736d29ce776b7a98e3fb259d2bab3eec5c79db73522bea93f8d11dbd89ef82","","10","not-reviewed","false","en; fr; sw","Visual/text review pending; reference scan is not visual approval."
"/assets/img/tools/robots-txt.svg","tools","placed","fr/tools/generateur-robots-txt/index.html","600","400","1501","86aaafd923ea09038bb9c47a5de84acfc3f91b147f3acae4c3408d642611b00a","","2","contains-text","false","en; fr","Visual/text review pending; reference scan is not visual approval."
"/assets/img/tools/robots-txt.webp","tools","placed","data/localization/fr-developer-parity-manifest.json","800","450","15824","6d257d4f75dc929c967ad8e1b359dd0099fcae134e7079cd1760c549b2249e4b","","5","not-reviewed","false","en; fr; sw","Visual/text review pending; reference scan is not visual approval."
"/assets/img/tools/roman-numerals.svg","tools","placed","fr/tools/chiffres-romains/index.html","600","400","1504","360cff84d4fc3c3e4cc76801eafd3b2b11880efcf1bdaca2659118d4b5ad0020","","4","contains-text","false","en; fr; sw","Visual/text review pending; reference scan is not visual approval."
"/assets/img/tools/roman-numerals.webp","tools","placed","data/localization/fr-education-parity.json","800","450","17546","259c3a95e09d6e0b211b6ce042290a4eb83b18bd54c7281b3d8f4bfadc780818","","4","not-reviewed","false","en; fr; sw","Visual/text review pending; reference scan is not visual approval."
"/assets/img/tools/roofing-calc.svg","tools","placed","fr/tools/calculateur-toiture/index.html","600","400","1513","32221935d5215d7872d4ee98a734af09ce5639e2421137d79b98a56c04879db7","","3","contains-text","false","en; fr; sw","Visual/text review pending; reference scan is not visual approval."
"/assets/img/tools/roofing-calc.webp","tools","placed","blog/index.html","800","450","34984","70d037535dab19e00ed3be9f9e7c9f8cf531c86be0844a3db329ad744f4f1690","","7","not-reviewed","false","en; fr; sw","Visual/text review pending; reference scan is not visual approval."
"/assets/img/tools/route-cost.webp","tools","placed","fr/tools/calculateur-du-cout-d-un-trajet/index.html","800","450","21322","52a03e0d7d38d892acba03243a730d587c37fa27cd68da20438d6ab528e47cf9","","6","not-reviewed","false","en; fr; sw","Visual/text review pending; reference scan is not visual approval."
"/assets/img/tools/route-fares.webp","tools","placed","data/registry/french-finance-tax-market-data.json","800","450","19388","0acc90254c408ffe55538478b8ebbc8750b0bdec7986e7152e7d29894f2d6090","","7","not-reviewed","false","en; fr; sw","Visual/text review pending; reference scan is not visual approval."
"/assets/img/tools/rw-paye.webp","tools","placed","blog/index.html","600","400","10002","797c5d798b491cab3876908acda74911d8b32cee76e1f6b71ee518b6e5bcf23c","","13","not-reviewed","false","en; fr; sw","Visual/text review pending; reference scan is not visual approval."
"/assets/img/tools/rw-vat.webp","tools","placed","blog/index.html","600","400","17108","4661faf9dbce83b550fcb9d86208254580e901843c17263e8e1df127d878829a","","12","not-reviewed","false","en; fr; sw","Visual/text review pending; reference scan is not visual approval."
"/assets/img/tools/sacco-calc.webp","tools","placed","fr/tools/calculateur-sacco-cooperative/index.html","600","400","18734","4133049023bff72b97098a9ab20e582ba4f392acdaf7c4dba6f3d3e8f676b91c","","5","not-reviewed","false","en; fr; sw","Visual/text review pending; reference scan is not visual approval."
"/assets/img/tools/sadc-roo.webp","tools","placed","fr/tools/regles-origine-sadc/index.html","600","400","15188","9d89044bfc262743ae1e987c0a945dd39f2837b67d7e0bba2ddb99b35b65aa7b","","6","not-reviewed","false","en; fr; sw","Visual/text review pending; reference scan is not visual approval."
"/assets/img/tools/safari-cost.webp","tools","placed","data/localization/sw-sports-travel-parity-manifest.json","800","450","24088","8114e4e630a58a2892268150a8dacb08560648d8bb57998217f907354d3c75c8","","9","not-reviewed","false","en; fr; sw","Visual/text review pending; reference scan is not visual approval."
"/assets/img/tools/salary-compare.svg","tools","placed","blog/index.html","600","400","1507","7ef5b340122259b002b7e7a29a8760b0b38162705c5b31b2ac71ad182e2e52d0","","2","contains-text","false","en","Visual/text review pending; reference scan is not visual approval."
"/assets/img/tools/salary-compare.webp","tools","placed","blog/index.html","600","400","10782","a7b85c8b83d71d192cead557f9bf64365239eeb252a3c58205ef0c32611c7c17","","15","not-reviewed","false","en; fr; sw","Visual/text review pending; reference scan is not visual approval."
"/assets/img/tools/salary-intelligence.webp","tools","placed","data/registry/french-finance-tax-market-data.json","600","400","15144","27c6f854ab153c21e4b128aed96aee4b543a79d038eae27383c70cfc0d7e5d1e","","12","not-reviewed","false","en; fr; sw","Visual/text review pending; reference scan is not visual approval."
"/assets/img/tools/salary-negotiation.webp","tools","placed","data/localization/fr-career-parity-manifest.json","800","450","55968","4fd005a76b8e8d16a538a261c2a2d0870beb0b92cc42fdfe65f92980a4ea14d4","","7","not-reviewed","false","en; fr; sw","Visual/text review pending; reference scan is not visual approval."
"/assets/img/tools/sars-efiling.svg","tools","placed","fr/tools/guide-de-sars-efiling/index.html","1200","630","1298","fd87312acc62cae8d9bedf7b77fc6514dac3d5c7267702815090c8b383be5010","","3","contains-text","false","en; fr; sw","Visual/text review pending; reference scan is not visual approval."
"/assets/img/tools/savings-goal.svg","tools","placed","blog/index.html","600","400","1504","4405954cf23b45c356e9b6d851a3afc42c02ff31fb64133b1cb9ef56148eee01","","4","contains-text","false","en","Visual/text review pending; reference scan is not visual approval."
"/assets/img/tools/savings-goal.webp","tools","placed","blog/relocate-nigeria-to-canada-2026/index.html","600","400","10714","820fb7ac2a798ac0abcd5e5e3674f03fe1d08f031f6462f0f8e764dba3a5d37b","","13","not-reviewed","false","en; fr; sw","Visual/text review pending; reference scan is not visual approval."
"/assets/img/tools/sc-paye.webp","tools","placed","data/registry/french-finance-tax-market-data.json","600","400","20652","40e388d66c0d57070b10d2f8263af7323edea139f83603eda0e96225fa1b575e","","9","not-reviewed","false","en; fr; sw","Visual/text review pending; reference scan is not visual approval."
"/assets/img/tools/sc-vat.webp","tools","placed","blog/index.html","600","400","32126","26a55b0aab858b556311c596e0466e64a374c85c0b321569de284b6345062ceb","","9","not-reviewed","false","en; fr; sw","Visual/text review pending; reference scan is not visual approval."
"/assets/img/tools/scaffolding-calc.webp","tools","placed","fr/ingenierie/index.html","600","450","25110","435179ab8fa66ea093bbd5d3404c3ab96125b9c8aa4a359d7a829f0577a128e4","","6","not-reviewed","false","en; fr; sw","Visual/text review pending; reference scan is not visual approval."
"/assets/img/tools/scholarship-finder.svg","tools","retired-alternative","/assets/img/tools/scholarship-finder.webp","600","400","1507","1a6e9132a3c3e82a4d0038d1d89ae9b2b67117206cdcbae64b3fbb3c2025e6a3","","0","contains-text","false","","Legacy English text card. Retain as an old design variant; current shared registry owns discovery artwork. Do not share embedded English headings across translated pages."
"/assets/img/tools/scholarship-finder.webp","tools","placed","blog/index.html","600","600","30396","da90854b4d151316028443d2306a2fe1334bdc4ae5f5aa34de9289b43b24b5ab","","15","not-reviewed","false","en; fr; ha; sw","Visual/text review pending; reference scan is not visual approval."
"/assets/img/tools/school-fees.svg","tools","retired-alternative","/assets/img/tools/school-fees.webp","600","400","1500","ad14652219dd7ef2c321c9f6881b0932b66533b73b8d7d65a5fbd78d380497b3","","0","contains-text","false","","Legacy English text card. Retain as an old design variant; current shared registry owns discovery artwork. Do not share embedded English headings across translated pages."
"/assets/img/tools/school-fees.webp","tools","placed","data/localization/fr-education-parity.json","600","400","9870","8528f28071b08f7afd3f2ba76fcf5305a6c07a579834cc53ac8decacaec907db","","8","not-reviewed","false","en; fr; ha; sw","Visual/text review pending; reference scan is not visual approval."
"/assets/img/tools/scientific-calc.svg","tools","retired-alternative","/assets/img/tools/scientific-calc.webp","600","400","1502","e3c91dbc4f4d2d2602622b57e7148a6fc811d4065f45f735758ed94b49bee2df","","0","contains-text","false","","Legacy English text card. Retain as an old design variant; current shared registry owns discovery artwork. Do not share embedded English headings across translated pages."
"/assets/img/tools/scientific-calc.webp","tools","placed","data/localization/fr-education-parity.json","600","400","5996","a94f5a273097eccc0bddfa081c0e5744cd5b49f45783c6b360222514dd6ee2b8","","7","not-reviewed","false","en; fr; sw","Visual/text review pending; reference scan is not visual approval."
"/assets/img/tools/sd-paye.webp","tools","placed","data/registry/french-finance-tax-market-data.json","600","400","7828","c5e3336cab4be28611b23cf8e489125015b2dc03d6ad0324fa5274786db98cf1","","9","not-reviewed","false","en; fr; sw","Visual/text review pending; reference scan is not visual approval."
"/assets/img/tools/sd-vat.webp","tools","placed","data/localization/sw-ecommerce-parity-manifest.json","600","400","24288","fdd674158e9ff537a1e28bd626e64f5ae2611fa0731962107b59dc89f3c72109","","7","not-reviewed","false","en; fr; sw","Visual/text review pending; reference scan is not visual approval."
"/assets/img/tools/security-emergency-fund.webp","tools","placed","data/localization/sw-personal-finance-parity-manifest.json","800","450","18986","67802ce1812f3d4fb5fa7e3572c1d8b9d2d7a09d44ef670c570cb0079ab058a3","","9","not-reviewed","false","en; fr; sw","Visual/text review pending; reference scan is not visual approval."
"/assets/img/tools/seed-rate-ao.webp","tools","placed","agriculture/seed-rate/angola.html","600","400","10252","017fdc54c2324c5f7ff55682d2921bb29d068d8f7906c7afe43a7d687bbaf02c","","6","not-reviewed","false","en; fr; sw","Visual/text review pending; reference scan is not visual approval."
"/assets/img/tools/seed-rate-bf.webp","tools","placed","agriculture/seed-rate/burkina-faso.html","800","450","40894","071ce2f706c1cf87297d9411bb33630963e8d6d23fc671a43081b160e231a015","","6","not-reviewed","false","en; fr; sw","Visual/text review pending; reference scan is not visual approval."
"/assets/img/tools/seed-rate-bi.webp","tools","placed","agriculture/seed-rate/burundi.html","800","450","36460","63122363ef00f9a042ab69e4fde208932dc7d39ddb6dd41c8de72df62f151d2f","","6","not-reviewed","false","en; fr; sw","Visual/text review pending; reference scan is not visual approval."
"/assets/img/tools/seed-rate-bj.webp","tools","placed","agriculture/seed-rate/benin.html","800","450","33368","b4923787160435788f9a1dbe48bf497f1ed60b32ff06f1bb40b3ed9631c01b29","","6","not-reviewed","false","en; fr; sw","Visual/text review pending; reference scan is not visual approval."
"/assets/img/tools/seed-rate-bw.webp","tools","placed","agriculture/seed-rate/botswana.html","800","450","62502","baa0248e11d287c294f77ba8820111f9c3379f730d1330b8f51f255a1845e210","","6","not-reviewed","false","en; fr; sw","Visual/text review pending; reference scan is not visual approval."
"/assets/img/tools/seed-rate-calculator.webp","tools","placed","agriculture/seed-rate/index.html","600","400","9948","a7ccc0225e6b74c659eadb722609b60334478024e043eda5bcb885c45a8f3fb4","","6","not-reviewed","false","en; fr; sw","Visual/text review pending; reference scan is not visual approval."
"/assets/img/tools/seed-rate-cd.webp","tools","placed","agriculture/seed-rate/dr-congo.html","800","450","43666","960a6779430858f4d9114515b9a50855c7e355f249849044d12e2cc609359e05","","6","not-reviewed","false","en; fr; sw","Visual/text review pending; reference scan is not visual approval."
"/assets/img/tools/seed-rate-cf.webp","tools","placed","agriculture/seed-rate/central-african-republic.html","800","450","33804","abac2f87ff3174cba28fd12b255e2789271a5a49f0594c127919116b546cde6e","","6","not-reviewed","false","en; fr; sw","Visual/text review pending; reference scan is not visual approval."
"/assets/img/tools/seed-rate-cg.webp","tools","placed","agriculture/seed-rate/congo-brazzaville.html","800","450","47746","057d93dc455399e82e24ba85ab77bb3368da5cf1a528ddba0e19244d91f13c0f","","6","not-reviewed","false","en; fr; sw","Visual/text review pending; reference scan is not visual approval."
"/assets/img/tools/seed-rate-ci.webp","tools","placed","agriculture/seed-rate/cote-d-ivoire.html","600","400","11250","2a9c74b70000ed7ebf9af825ea7fbf44773fdbb6eed8ee2dbaaf766a92932096","","6","not-reviewed","false","en; fr; sw","Visual/text review pending; reference scan is not visual approval."
"/assets/img/tools/seed-rate-cm.webp","tools","placed","agriculture/seed-rate/cameroon.html","600","400","8980","a33c92aa6addba5061245282f6d95c6d1e112ee8676c02ffa56a6a98f70ed8e1","","6","not-reviewed","false","en; fr; sw","Visual/text review pending; reference scan is not visual approval."
"/assets/img/tools/seed-rate-cv.webp","tools","placed","agriculture/seed-rate/cabo-verde.html","800","450","60446","7116c5eea8316f1f52156a7b16d8182da6a74f7611e4b870c3abd8c85a0ffddd","","6","not-reviewed","false","en; fr; sw","Visual/text review pending; reference scan is not visual approval."
"/assets/img/tools/seed-rate-dj.webp","tools","placed","agriculture/seed-rate/djibouti.html","800","450","43548","f769d3cab844787f36f06c3a92165c54b4e0fc0a69eba27782237eafec6fb449","","6","not-reviewed","false","en; fr; sw","Visual/text review pending; reference scan is not visual approval."
"/assets/img/tools/seed-rate-eg.webp","tools","placed","agriculture/seed-rate/egypt.html","600","400","10918","254961f125345da3ceaf9e137c1c80f2bbe3bd8d7d68c1056634dcfadd73a2bf","","6","not-reviewed","false","en; fr; sw","Visual/text review pending; reference scan is not visual approval."
"/assets/img/tools/seed-rate-et.webp","tools","placed","agriculture/seed-rate/ethiopia.html","600","400","9340","2b257d19f73de8e7fdccce5a482a04afd200b5437a4204bb81797352681a0899","","6","not-reviewed","false","en; fr; sw","Visual/text review pending; reference scan is not visual approval."
"/assets/img/tools/seed-rate-ga.webp","tools","placed","agriculture/seed-rate/gabon.html","800","450","63192","e3cd3f61430c0f12cb729facb49e55936241b6a9486a8d7b9305148684116624","","6","not-reviewed","false","en; fr; sw","Visual/text review pending; reference scan is not visual approval."
"/assets/img/tools/seed-rate-gh.webp","tools","placed","agriculture/seed-rate/ghana.html","600","400","9818","e532cadd268ce74c39d96f46778a61c15b8c976d596fd4313d843e501947de01","","6","not-reviewed","false","en; fr; sw","Visual/text review pending; reference scan is not visual approval."
"/assets/img/tools/seed-rate-gm.webp","tools","placed","agriculture/seed-rate/gambia.html","800","450","32278","69b816edf82297397bd6f4da2795c5f009fc6acdf299652beb02f5f9c56cc12c","","6","not-reviewed","false","en; fr; sw","Visual/text review pending; reference scan is not visual approval."
"/assets/img/tools/seed-rate-gn.webp","tools","placed","agriculture/seed-rate/guinea.html","800","450","40034","b7479c4c50f2c5fbd4bdfdb23cce4aeb317af52bb48617cf7b393330d0facefe","","6","not-reviewed","false","en; fr; sw","Visual/text review pending; reference scan is not visual approval."
"/assets/img/tools/seed-rate-gq.webp","tools","placed","agriculture/seed-rate/equatorial-guinea.html","800","450","44946","02388928ab071996c43266c9d9943d685efb163aba97cbeac9dd2e3404341a6b","","6","not-reviewed","false","en; fr; sw","Visual/text review pending; reference scan is not visual approval."
"/assets/img/tools/seed-rate-ke.webp","tools","placed","agriculture/seed-rate/kenya.html","600","400","9804","ffbeaa7ea1ecabf95b98f42c1fc4b45e07000f6741aa59c26112ff1d8c1ccd85","","6","not-reviewed","false","en; fr; sw","Visual/text review pending; reference scan is not visual approval."
"/assets/img/tools/seed-rate-km.webp","tools","placed","agriculture/seed-rate/comoros.html","800","450","45916","af9a573ab39f2839155d46d5789f70bb324d41c78c661273c4004d7d57f2cd52","","6","not-reviewed","false","en; fr; sw","Visual/text review pending; reference scan is not visual approval."
"/assets/img/tools/seed-rate-lr.webp","tools","placed","agriculture/seed-rate/liberia.html","800","450","38156","baac7ec68e06e0c2a6b0c33d97b5b234477822763214a4cab63563fb30766f61","","6","not-reviewed","false","en; fr; sw","Visual/text review pending; reference scan is not visual approval."
"/assets/img/tools/seed-rate-ls.webp","tools","placed","agriculture/seed-rate/lesotho.html","800","450","30988","484b04d1195ba02eff4aeb8378be64f7d5f5feb103fd39a61523103c70aa9866","","6","not-reviewed","false","en; fr; sw","Visual/text review pending; reference scan is not visual approval."
"/assets/img/tools/seed-rate-ly.webp","tools","placed","agriculture/seed-rate/libya.html","800","450","60756","978ebb4d9d352c50b16f1441a61bbcab55ef2865e4b7ff5430312c2361654f71","","6","not-reviewed","false","en; fr; sw","Visual/text review pending; reference scan is not visual approval."
"/assets/img/tools/seed-rate-ma.webp","tools","placed","agriculture/seed-rate/morocco.html","600","400","9568","88ef63417247e3d825d6b43e271a6fe4fbdcd010760f03218541e593d7fe37dc","","6","not-reviewed","false","en; fr; sw","Visual/text review pending; reference scan is not visual approval."
"/assets/img/tools/seed-rate-mr.webp","tools","placed","agriculture/seed-rate/mauritania.html","800","450","46756","0850630ba7d684a66712f09159d39d3e3307c421dae74a1d5343a1c4443b89b0","","6","not-reviewed","false","en; fr; sw","Visual/text review pending; reference scan is not visual approval."
"/assets/img/tools/seed-rate-mu.webp","tools","placed","agriculture/seed-rate/mauritius.html","800","450","64190","a4b11d837d7db6f84a29324c87b935af3b274ce9d4921f3c6ce27335a1607bf9","","6","not-reviewed","false","en; fr; sw","Visual/text review pending; reference scan is not visual approval."
"/assets/img/tools/seed-rate-mw.webp","tools","placed","agriculture/seed-rate/malawi.html","800","450","44888","76a05ae340050c7a704259f8ecb60accf1f5038ac2836ed224a230c160106b4e","","6","not-reviewed","false","en; fr; sw","Visual/text review pending; reference scan is not visual approval."
"/assets/img/tools/seed-rate-mz.webp","tools","placed","agriculture/seed-rate/mozambique.html","600","400","8996","21dc5fb4d0dfea67c8284191fe7a8e9885f252f552a59ccea0554d2b1ff4878e","","6","not-reviewed","false","en; fr; sw","Visual/text review pending; reference scan is not visual approval."
"/assets/img/tools/seed-rate-ne.webp","tools","placed","agriculture/seed-rate/niger.html","800","450","38898","c172a5b95595ea4f0b32305ba724057628bdc6f698b9483866d0676539683408","","6","not-reviewed","false","en; fr; sw","Visual/text review pending; reference scan is not visual approval."
"/assets/img/tools/seed-rate-ng.webp","tools","placed","agriculture/seed-rate/nigeria.html","600","400","8200","b6c156db6f0299694d0420cbe9f79b93d9c681d7aa63bd546a859ade80d7e94c","","11","not-reviewed","false","en; fr; ha; sw","Visual/text review pending; reference scan is not visual approval."
"/assets/img/tools/seed-rate-rw.webp","tools","placed","agriculture/seed-rate/rwanda.html","800","450","87778","21ca15890bf50814d32cf03a902f617ddd06d811be80d7d7d1ab382c0c8eea7d","","6","not-reviewed","false","en; fr; sw","Visual/text review pending; reference scan is not visual approval."
"/assets/img/tools/seed-rate-sc.webp","tools","placed","agriculture/seed-rate/seychelles.html","800","450","65378","21d059dc7680fece4ac8774a9e34f4813530bdc9ce29597286403df8ff0674cc","","6","not-reviewed","false","en; fr; sw","Visual/text review pending; reference scan is not visual approval."
"/assets/img/tools/seed-rate-sd.webp","tools","placed","agriculture/seed-rate/sudan.html","800","450","52694","a32a63386ee08247a39601bc66245c5f103fd9163d8c40662bf64af6020d0825","","6","not-reviewed","false","en; fr; sw","Visual/text review pending; reference scan is not visual approval."
"/assets/img/tools/seed-rate-sl.webp","tools","placed","agriculture/seed-rate/sierra-leone.html","800","450","49166","c3cde0f2592b81611bf127f27a9f6561d5d1cd0d4e2255b93b65da794c507509","","6","not-reviewed","false","en; fr; sw","Visual/text review pending; reference scan is not visual approval."
"/assets/img/tools/seed-rate-sn.webp","tools","placed","agriculture/seed-rate/senegal.html","800","450","83028","459233dd7f56404789404caa18c6df61dfb9b455636be6e289dc850682292118","","6","not-reviewed","false","en; fr; sw","Visual/text review pending; reference scan is not visual approval."
"/assets/img/tools/seed-rate-so.webp","tools","placed","agriculture/seed-rate/somalia.html","800","450","59936","0a89a2762b4100299352b58d5cbbc75abdb37918adabb7362751d461441662c7","","6","not-reviewed","false","en; fr; sw","Visual/text review pending; reference scan is not visual approval."
"/assets/img/tools/seed-rate-ss.webp","tools","placed","agriculture/seed-rate/south-sudan.html","800","450","48022","a28b71576aa156ae145eb6d83825516c4344112734f73d948f25ff8b9d90a959","","6","not-reviewed","false","en; fr; sw","Visual/text review pending; reference scan is not visual approval."
"/assets/img/tools/seed-rate-st.webp","tools","placed","agriculture/seed-rate/sao-tome-and-principe.html","800","450","69280","a98e040bc9abc057425d3bca609820192e12ba8f6d662d575462246fdf659682","","6","not-reviewed","false","en; fr; sw","Visual/text review pending; reference scan is not visual approval."
"/assets/img/tools/seed-rate-sz.webp","tools","placed","agriculture/seed-rate/eswatini.html","800","450","93678","42e0eb33a41924c3d0488339d68e194e1abc24d8bef0fed5baec2b00f84d9f18","","6","not-reviewed","false","en; fr; sw","Visual/text review pending; reference scan is not visual approval."
"/assets/img/tools/seed-rate-td.webp","tools","placed","agriculture/seed-rate/chad.html","800","450","66802","061754ae54ada717076799f0777eef8e06b9ee3dd6ec63fec7e9517340510c83","","6","not-reviewed","false","en; fr; sw","Visual/text review pending; reference scan is not visual approval."
"/assets/img/tools/seed-rate-tg.webp","tools","placed","agriculture/seed-rate/togo.html","800","450","48832","e63bfe64a7af51b2c9ae5f6e5205fdb92e728fab3ae6e8e5ba639be6279c6807","","6","not-reviewed","false","en; fr; sw","Visual/text review pending; reference scan is not visual approval."
"/assets/img/tools/seed-rate-tn.webp","tools","placed","agriculture/seed-rate/tunisia.html","800","450","68658","4cc7527459d3f818391511c42e9f8c5da979356ec50a1c1a26e6cc69cad1eb32","","6","not-reviewed","false","en; fr; sw","Visual/text review pending; reference scan is not visual approval."
"/assets/img/tools/seed-rate-tz.webp","tools","placed","agriculture/seed-rate/tanzania.html","600","400","9490","b61af99104c484530ce37a35fb8a03f9998d38377da809a9f3f98969e0f23700","","6","not-reviewed","false","en; fr; sw","Visual/text review pending; reference scan is not visual approval."
"/assets/img/tools/seed-rate-ug.webp","tools","placed","agriculture/seed-rate/uganda.html","600","400","10048","e6af0fcfe76440f5e39b3e8537bd3ad3cc4c533993eab2b5f51032467693198b","","6","not-reviewed","false","en; fr; sw","Visual/text review pending; reference scan is not visual approval."
"/assets/img/tools/seed-rate-za.webp","tools","placed","agriculture/seed-rate/south-africa.html","600","400","11236","724baf27c6e5ce5749ae3b8a9d11cfbdaedd48e373329c1dc5e328c4e37e190c","","6","not-reviewed","false","en; fr; sw","Visual/text review pending; reference scan is not visual approval."
"/assets/img/tools/seed-rate-zm.webp","tools","placed","agriculture/seed-rate/zambia.html","600","400","10654","87f81096659fd52d48ac6c2b7142fe922798522ab2b395ebaa024a77e9c30f69","","6","not-reviewed","false","en; fr; sw","Visual/text review pending; reference scan is not visual approval."
"/assets/img/tools/seed-rate-zw.webp","tools","placed","agriculture/seed-rate/zimbabwe.html","600","400","9166","408adecc321a8d778568dfe9bd40810576695347cd4a399bdbafd8fe0ac710dc","","6","not-reviewed","false","en; fr; sw","Visual/text review pending; reference scan is not visual approval."
"/assets/img/tools/self-publishing-royalty.webp","tools","placed","data/localization/sw-creative-parity-manifest.json","800","450","40838","ba4a969fbe15d361c003a8d76e128009522bfbf9ef9020bf68589943f6ef76bd","","7","not-reviewed","false","en; fr; sw","Visual/text review pending; reference scan is not visual approval."
"/assets/img/tools/septic-tank.webp","tools","placed","fr/ingenierie/index.html","600","400","22586","889f17611ab2daa94645552aad797e0c2007efc9f81cadfcb2989667140e8d29","","6","not-reviewed","false","en; fr; sw","Visual/text review pending; reference scan is not visual approval."
"/assets/img/tools/service-charge.webp","tools","placed","data/registry/french-mortgage-property.json","600","400","19798","de7fca17a5bca589c0c6942565013d040326753749911feb69c85c5da3d65211","","9","not-reviewed","false","en; fr; sw","Visual/text review pending; reference scan is not visual approval."
"/assets/img/tools/shareholder-agreement.webp","tools","placed","data/registry/french-mortgage-property.json","800","450","51896","a49f9d388dd4775f688436a483c8a4d3d239c63a0c057d0810ff85692e160798","","6","not-reviewed","false","en; fr; sw","Visual/text review pending; reference scan is not visual approval."
"/assets/img/tools/shipping-calc.svg","tools","placed","fr/tools/calculateur-expedition/index.html","600","400","1506","7f16442d2dd31bdd086d014bd6e81e48c630c2ae289dfd5cc39c602ebe8ced41","","3","contains-text","false","en; fr; sw","Visual/text review pending; reference scan is not visual approval."
"/assets/img/tools/shipping-calc.webp","tools","placed","blog/export-packing-list-checklist-africa/index.html","800","450","20236","4b9637fbd7c23cfb7f29f877d1518446af50c565cf5293870877850ecd8d9e91","","6","not-reviewed","false","en; fr; sw","Visual/text review pending; reference scan is not visual approval."
"/assets/img/tools/shipping-estimator.webp","tools","placed","fr/tools/estimateur-fret/index.html","800","450","28916","fc9f64b3c6952359a27ce5c1f7f651c9218d6edd9e5a3308818774bfc54aa39d","","5","not-reviewed","false","en; fr; sw","Visual/text review pending; reference scan is not visual approval."
"/assets/img/tools/shipping-weight.webp","tools","placed","blog/index.html","800","450","71776","b2d33cb093adc2c258627e267ea0f321328b6dba5c742a985d41992f6770f334","","6","not-reviewed","false","en; fr; sw","Visual/text review pending; reference scan is not visual approval."
"/assets/img/tools/short-let-calc.webp","tools","placed","data/registry/french-mortgage-property.json","600","400","23580","00b33e32c648c100a055075678fedff7351e18cc7a8bf4fe27eaa4a4c312c279","","9","not-reviewed","false","en; fr; sw","Visual/text review pending; reference scan is not visual approval."
"/assets/img/tools/sickle-cell.svg","tools","retired-alternative","/assets/img/tools/sickle-cell.webp","600","400","1505","134c52ec3676026f578be3bc8bc186b247b8598d12a564499b086c07c1c3d70d","","0","contains-text","false","","Legacy English text card. Retain as an old design variant; current shared registry owns discovery artwork. Do not share embedded English headings across translated pages."
"/assets/img/tools/sickle-cell.webp","tools","placed","fr/health/index.html","800","450","23168","b88a3f0dfe1276f0cae71aef4e9927d7ab84c948d2e55c0f2d78e5b73b9268d3","","11","not-reviewed","false","en; fr; ha; sw; yo","Visual/text review pending; reference scan is not visual approval."
"/assets/img/tools/side-hustle-ranker.webp","tools","placed","data/localization/sw-personal-finance-parity-manifest.json","800","450","109042","9c61d6ad9d8a4bfa8678ffe33ccb0e347676fc051cdd4ea1de52d8750f00a0fa","","9","not-reviewed","false","en; fr; sw","Visual/text review pending; reference scan is not visual approval."
"/assets/img/tools/side-hustle-tax.svg","tools","placed","blog/index.html","600","400","1507","04afe3870eaf3ced2c5d3db76ff27a17d72cbb4a68f83262369b6a04d750ba90","","1","contains-text","false","en","Visual/text review pending; reference scan is not visual approval."
"/assets/img/tools/side-hustle-tax.webp","tools","placed","blog/side-hustle-tax-guide-africa/index.html","800","450","20672","60ada2154c8f2a4bb4a9f62c5d0c796850d3270e97458a2d79deef6402568363","","9","not-reviewed","false","en; fr; sw","Visual/text review pending; reference scan is not visual approval."
"/assets/img/tools/site-clearance.webp","tools","placed","fr/ingenierie/index.html","800","450","12434","b8e5b9a77c6e3348d84b521fbb7dd23d21569b0acec8345ede67eb200ee50418","","7","not-reviewed","false","en; fr; sw","Visual/text review pending; reference scan is not visual approval."
"/assets/img/tools/site-clearing.webp","tools","retired-alternative","assets/js/components/tool-registry.js#site-clearing","600","400","21318","952c0900c76c389dc71406bfdb5b27a95a183b194fcef93c88000fe110d5b890","","0","not-reviewed","false","","English heading embedded in artwork; retain as a locale-specific alternate instead of replacing shared canonical imagery."
"/assets/img/tools/sitemap-gen.svg","tools","placed","fr/tools/generateur-sitemap/index.html","600","400","1501","838bd065484b3a88ff76534f8deb76bae4c77958cf4874cfa616cfd8c4d83105","","3","contains-text","false","en; fr; sw","Visual/text review pending; reference scan is not visual approval."
"/assets/img/tools/sitemap-gen.webp","tools","placed","data/localization/fr-developer-parity-manifest.json","800","450","10564","fef853690026fdf61a7470a9d09f6f9ca1f77c6e9a563f1fd24d0bc8fccf595d","","5","not-reviewed","false","en; fr; sw","Visual/text review pending; reference scan is not visual approval."
"/assets/img/tools/sl-paye.webp","tools","placed","blog/index.html","600","400","19874","ed378a91ec8ec5973a8c45db2117c288a3bcbb47138bfa07d3b18ccc2d0d23a9","","12","not-reviewed","false","en; fr; sw","Visual/text review pending; reference scan is not visual approval."
"/assets/img/tools/sl-vat.webp","tools","placed","data/localization/sw-ecommerce-parity-manifest.json","600","400","24400","89949876e2754e069c3562b12c32cad9020355c686d9a4fbe1eb17e0d64086fa","/assets/img/tools/lr-vat.webp","7","not-reviewed","false","en; fr; sw","Visual/text review pending; reference scan is not visual approval."
"/assets/img/tools/sn-paye.webp","tools","placed","data/registry/french-finance-tax-market-data.json","600","400","20420","6fb3859923dfd8eb7958dfd3bc558a7a170baecea7872cfea67177f69ddb7729","","15","not-reviewed","false","en; fr; sw","Visual/text review pending; reference scan is not visual approval."
"/assets/img/tools/sn-vat.webp","tools","placed","blog/index.html","600","400","22404","3e3550de56e15e60f812a1b0c185af23155a18b53e7c4bdd8674f77e885c195e","","9","not-reviewed","false","en; fr; sw","Visual/text review pending; reference scan is not visual approval."
"/assets/img/tools/sn-vs-ci-fr.webp","tools","placed","fr/comparer/senegal-vs-cote-divoire-impots/index.html","800","450","20274","ab4fffbc4b4d1c6c4682a380a6892d8d8f572f218d761fc7ebe90458522002f7","","2","not-reviewed","false","fr","Visual/text review pending; reference scan is not visual approval."
"/assets/img/tools/so-paye.webp","tools","placed","data/registry/french-finance-tax-market-data.json","600","400","20480","2df772e1ea01466d99f02f1871042a1c01feec3d6c992064c8b8667ce655d0b6","","9","not-reviewed","false","en; fr; sw","Visual/text review pending; reference scan is not visual approval."
"/assets/img/tools/so-vat.webp","tools","placed","data/localization/sw-ecommerce-parity-manifest.json","600","400","20480","2df772e1ea01466d99f02f1871042a1c01feec3d6c992064c8b8667ce655d0b6","/assets/img/tools/so-paye.webp","7","not-reviewed","false","en; fr; sw","Visual/text review pending; reference scan is not visual approval."
"/assets/img/tools/social-card.svg","tools","retired-alternative","/assets/img/tools/social-card.webp","600","400","1517","9edfd9ee5670dfd422262cabf17ac7ccf01abee43fc1211dfa19e03394a2248c","","0","contains-text","false","","Legacy English text card. Retain as an old design variant; current shared registry owns discovery artwork. Do not share embedded English headings across translated pages."
"/assets/img/tools/social-card.webp","tools","placed","fr/tools/carte-sociale/index.html","800","450","12984","f180cbe2171d4caf7e8e4dd1cf30f8412c6446d7dca88e93681719918cb32f3f","","6","not-reviewed","false","en; fr; sw","Visual/text review pending; reference scan is not visual approval."
"/assets/img/tools/social-media-calendar.webp","tools","placed","data/localization/sw-creative-parity-manifest.json","800","450","51564","db1f4002093289df0939fc35a7fde052c0a6d848c6b84fe2b19a17feeff102c9","","5","not-reviewed","false","en; fr; sw","Visual/text review pending; reference scan is not visual approval."
"/assets/img/tools/social-security.webp","tools","placed","data/registry/french-finance-tax-market-data.json","600","400","16098","00e410441b58682c356ddcfe29fb5b470395229e5d12a0df91742ecd55466a30","","6","not-reviewed","false","en; fr; sw","Visual/text review pending; reference scan is not visual approval."
"/assets/img/tools/social-welfare.webp","tools","placed","fr/tools/eligibilite-aide-sociale/index.html","600","400","24936","a8d636a3e9ee1b4afffd1f3d1841b8edcdba7ca4ce89c829373899ce614e46c4","","6","not-reviewed","false","en; fr; sw","Visual/text review pending; reference scan is not visual approval."
"/assets/img/tools/soil-ph-calculator.webp","tools","placed","agriculture/soil-ph/index.html","600","400","9000","6912018cb62b0e1ac2e5616d1ed21f020c8159ce02fdb085ad6d8552902f4eff","","6","not-reviewed","false","en; fr; sw","Visual/text review pending; reference scan is not visual approval."
"/assets/img/tools/solar-calculator.svg","tools","placed","blog/index.html","600","400","1507","1f0d33788a82f80d6dca3358b22f62d53bdf47edf556b8b39c088c66fd161f72","","2","contains-text","false","en","Visual/text review pending; reference scan is not visual approval."
"/assets/img/tools/solar-calculator.webp","tools","placed","fr/ingenierie/index.html","800","450","24446","a90f7474aefe4a8492f1fa6394896844f54fe07ae4eadc39c4f5372e886bbe7f","","6","not-reviewed","false","en; fr; sw","Visual/text review pending; reference scan is not visual approval."
"/assets/img/tools/solar-roi.webp","tools","placed","blog/index.html","800","450","27222","7d0d6ed2ee8cb1864e873ce757178bb58f32f6b91b9331fa68afd3dce5557a1b","","175","not-reviewed","false","en; fr; sw","Visual/text review pending; reference scan is not visual approval."
"/assets/img/tools/solar-sizing.webp","tools","placed","blog/index.html","800","450","21310","5bb4ba2747322e424813cbb41f7b4305e6c888e99905541115c25cb90c26dcc8","","10","not-reviewed","false","en; fr; sw","Visual/text review pending; reference scan is not visual approval."
"/assets/img/tools/solar-vs-generator.webp","tools","placed","fr/energy/index.html","800","450","24328","6c7f26dfaa70ee37a8b4e9470431697ad7ff3cc1a79fe055d3c0139e19c95e2f","","7","not-reviewed","false","en; fr; sw","Visual/text review pending; reference scan is not visual approval."
"/assets/img/tools/sports-scholarship.webp","tools","placed","data/localization/sw-sports-travel-parity-manifest.json","800","450","21242","34e4cf2e414d473394b2780dd3a42e411199c9e35f9fe2a55fa336beb57ad8e0","","8","not-reviewed","false","en; fr; sw","Visual/text review pending; reference scan is not visual approval."
"/assets/img/tools/sql-formatter.svg","tools","placed","fr/tools/formateur-sql/index.html","600","400","1513","26f84558365676ba60982f8b997d996dd34efd5f01db198e2c38eabe43030590","","3","contains-text","false","en; fr; sw","Visual/text review pending; reference scan is not visual approval."
"/assets/img/tools/sql-formatter.webp","tools","placed","data/localization/fr-developer-parity-manifest.json","800","450","15520","6324a5ef8abb0579e5413103fc36ca6d110b462192eebaf5ef5aa72b64ff4fa2","","5","not-reviewed","false","en; fr; sw","Visual/text review pending; reference scan is not visual approval."
"/assets/img/tools/sql-playground.svg","tools","retired-alternative","/assets/img/tools/sql-playground.webp","600","400","1498","8427562d244d63d8fe12bb1b619c8a45eafb1dbe0793fddc140d653fbfe1f04c","","0","contains-text","false","","Legacy English text card. Retain as an old design variant; current shared registry owns discovery artwork. Do not share embedded English headings across translated pages."
"/assets/img/tools/sql-playground.webp","tools","placed","data/localization/fr-developer-parity-manifest.json","800","450","12594","40650ec4acc3772d91a2ce67e7520975f3783c7cf25842bc74aa75e5b3fbfbb2","","8","not-reviewed","false","en; fr; sw","Visual/text review pending; reference scan is not visual approval."
"/assets/img/tools/ss-paye.webp","tools","placed","data/registry/french-finance-tax-market-data.json","600","400","21270","6a5b9d72d3e485b6dad8d29413b513890ca73bc1a3f8a47772b76350abb38b00","","9","not-reviewed","false","en; fr; sw","Visual/text review pending; reference scan is not visual approval."
"/assets/img/tools/ss-vat.webp","tools","placed","fr/south-sudan/ss-vat.html","600","400","17332","3104036d7d17c303f464b163f3eb2825f8ef737b120567839ca62a527fd2ecf7","","5","not-reviewed","false","en; fr; sw","Visual/text review pending; reference scan is not visual approval."
"/assets/img/tools/st-paye.webp","tools","placed","data/registry/french-finance-tax-market-data.json","600","400","20486","1f91fa3f519946c2975ecf39b399256e04062bdea6bbd7ce854b39dc752deccd","","8","not-reviewed","false","en; fr; sw","Visual/text review pending; reference scan is not visual approval."
"/assets/img/tools/st-vat.webp","tools","placed","data/localization/sw-ecommerce-parity-manifest.json","600","400","22758","08c93790c7a3a76636022a0933ddbe90fc86fe56ee8d908d6f719a6bb9c01a13","","6","not-reviewed","false","en; fr; sw","Visual/text review pending; reference scan is not visual approval."
"/assets/img/tools/staff-cost.svg","tools","placed","blog/index.html","600","400","1505","ab9a0b86451b847f5d7fe274b79291b81fca8ddad431895cfd08e6ae0937ce0f","","1","contains-text","false","en","Visual/text review pending; reference scan is not visual approval."
"/assets/img/tools/staff-cost.webp","tools","placed","data/registry/french-finance-tax-market-data.json","600","400","10724","60542644a90bca1b1e85f93becd796a1bc16b55e7c2f251a5fdfc0cf2ac0304c","","11","not-reviewed","false","en; fr; ha; sw","Visual/text review pending; reference scan is not visual approval."
"/assets/img/tools/stamp-duty.svg","tools","placed","blog/index.html","600","400","1500","01d29b9b334c9c6739e50ada0f45cb0af86b1fabb6bcbc368cf24bdb61b9254f","","2","contains-text","false","en","Visual/text review pending; reference scan is not visual approval."
"/assets/img/tools/stamp-duty.webp","tools","placed","blog/land-survey-costs-nigeria-2026/index.html","800","450","18724","103385c35a03135263d7d26b892a2eb36380d4b92abd702a56a5c68a2a91e355","","11","not-reviewed","false","en; fr; sw","Visual/text review pending; reference scan is not visual approval."
"/assets/img/tools/staple-basket.webp","tools","placed","data/localization/fr-uniquely-african-parity-manifest.json","800","450","22054","4cb7b800bf74c877763ca516a6762f94c22ffc6743d23009f79ca8f776df053d","","13","not-reviewed","false","en; fr; ha; sw; yo","Visual/text review pending; reference scan is not visual approval."
"/assets/img/tools/startup-runway.webp","tools","placed","data/localization/fr-small-business-parity.json","600","400","16188","7dcbd666c85f6b43244110b19f875c0b6512ab9d8934e6b6039a9182494cb771","","9","not-reviewed","false","en; fr; sw","Visual/text review pending; reference scan is not visual approval."
"/assets/img/tools/startup-valuation.svg","tools","retired-alternative","/assets/img/tools/startup-valuation.webp","600","400","1648","2aa207bdf62a2ef45b7688e00975541fb25409f6280932399938e5388f36a787","","0","contains-text","false","","Legacy English text card. Retain as an old design variant; current shared registry owns discovery artwork. Do not share embedded English headings across translated pages."
"/assets/img/tools/startup-valuation.webp","tools","placed","data/registry/french-finance-tax-market-data.json","800","450","13862","4cae94eda3c85fad46455ecb0fa8069ebbf1deb32e864ea710874a9d8e1a2914","","6","not-reviewed","false","en; fr; sw","Visual/text review pending; reference scan is not visual approval."
"/assets/img/tools/statistics-calc.svg","tools","retired-alternative","/assets/img/tools/statistics-calc.webp","600","400","1502","4e402b42297bee234f25d7e44c0f45a38b94d88ea0f3cf998e067fd8f3e47968","","0","contains-text","false","","Legacy English text card. Retain as an old design variant; current shared registry owns discovery artwork. Do not share embedded English headings across translated pages."
"/assets/img/tools/statistics-calc.webp","tools","placed","data/localization/fr-education-parity.json","600","400","6152","41edf864136f427ad3c2cc63051fc80cdf90a2f02eabcb768e14bf9f654593d6","","7","not-reviewed","false","en; fr; sw","Visual/text review pending; reference scan is not visual approval."
"/assets/img/tools/statutory-declaration.webp","tools","placed","data/registry/french-mortgage-property.json","800","450","20502","8a510b9dd337a6c073fee76e6de10653679c330ab97619a47c85aa353fd7c588","","6","not-reviewed","false","en; fr; sw","Visual/text review pending; reference scan is not visual approval."
"/assets/img/tools/stock-portfolio.webp","tools","placed","fr/tools/suivi-portefeuille-actions/index.html","600","400","15314","fcffa8ec6f2e3f547d1dd04fcb386b0088043d986a3015a4cf33ebf66a033611","","5","not-reviewed","false","en; fr; sw","Visual/text review pending; reference scan is not visual approval."
"/assets/img/tools/storage-loss.webp","tools","placed","agriculture/storage-loss/index.html","600","400","11720","4fa75cc26cbdef84d6677184f4a6806477a58a0ce06886c63f0d8e5c7dbe6eb4","","9","not-reviewed","false","en; fr; sw","Visual/text review pending; reference scan is not visual approval."
"/assets/img/tools/streaming-royalties.webp","tools","placed","data/localization/sw-sports-travel-parity-manifest.json","800","450","21236","19ab093482d1030677a4194d4424e5e51175713dbcc69a7b0910a3a9c0f1f495","","8","not-reviewed","false","en; fr; sw","Visual/text review pending; reference scan is not visual approval."
"/assets/img/tools/structural-calc.svg","tools","retired-alternative","/assets/img/tools/structural-calc.webp","600","400","1504","3148725ac264987f6a317f7dff21ad23efc6d62fe77f9cc74dcddc5081854369","","0","contains-text","false","","Legacy English text card. Retain as an old design variant; current shared registry owns discovery artwork. Do not share embedded English headings across translated pages."
"/assets/img/tools/structural-calc.webp","tools","placed","fr/ingenierie/index.html","800","450","11854","9c0611e4c566d98ee6b935f08b7aa3ea3018d28eef02686beea71b0cd3013324","","7","not-reviewed","false","en; fr; sw","Visual/text review pending; reference scan is not visual approval."
"/assets/img/tools/student-budget.webp","tools","placed","data/localization/fr-education-parity.json","800","450","20126","c20a86dfddeea2a747d161469849913352f19bf53b400da4311060216cc5a458","","8","not-reviewed","false","en; fr; ha; sw","Visual/text review pending; reference scan is not visual approval."
"/assets/img/tools/student-loan-repay.webp","tools","placed","data/localization/fr-education-parity.json","600","400","21718","d4351c60b60da32e6def4322e38c73b4aec28b6e354d4412b65b0a969785b36b","","6","not-reviewed","false","en; fr; sw","Visual/text review pending; reference scan is not visual approval."
"/assets/img/tools/student-loan.svg","tools","placed","fr/tools/pret-etudiant/index.html","600","400","1651","be0fb07eb917ff033977c368b269c18be4d9809300ae95154c80c9c6e539f3e5","","3","contains-text","false","en; fr; sw","Visual/text review pending; reference scan is not visual approval."
"/assets/img/tools/student-loan.webp","tools","placed","data/registry/french-finance-tax-market-data.json","800","450","26858","96e73f99667f2c67e9a26468b890e8aa97ca394b2b3c273cb17d946098f99c55","","4","not-reviewed","false","en; fr; sw","Visual/text review pending; reference scan is not visual approval."
"/assets/img/tools/study-abroad-campus-banner.webp","tools","placed","ai/education/index.html","4896","3264","188380","8253d9b1a1feaabc8ba7add805a9a28de291b87d4260e9b05f437a68919550e6","","3","not-reviewed","false","en","Visual/text review pending; reference scan is not visual approval."
"/assets/img/tools/study-abroad-cost.webp","tools","placed","blog/index.html","800","450","19246","54b715d866598d9e1d008e3ed077d81c951df27bdddf1fd130a7e4f7e8d24d22","","16","not-reviewed","false","en; fr; sw","Visual/text review pending; reference scan is not visual approval."
"/assets/img/tools/study-abroad-flag-uk.svg","tools","placed","tools/study-abroad-cost/study-abroad-customer-simplify.css","60","40","423","1a57617124619f97b127eaaa5d0c13e65082c97f540581c65c7822a76cd68d1d","","1","not-reviewed","false","en","Visual/text review pending; reference scan is not visual approval."
"/assets/img/tools/study-planner.svg","tools","retired-alternative","/assets/img/tools/study-planner.webp","600","400","1510","9994b031bd84b5e69e33c7cc768aa4e80319e21687157415ab48d9cf0a3615db","","0","contains-text","false","","Legacy English text card. Retain as an old design variant; current shared registry owns discovery artwork. Do not share embedded English headings across translated pages."
"/assets/img/tools/study-planner.webp","tools","placed","data/localization/fr-education-parity.json","800","450","29184","fbd23f1314409f072a48770653967194dec06ddb5c28f2de95cb1a5b76b569ca","","7","not-reviewed","false","en; fr; sw","Visual/text review pending; reference scan is not visual approval."
"/assets/img/tools/survey-cost.webp","tools","placed","data/registry/french-mortgage-property.json","800","450","34664","cfa775ae1df2e11762f0644fb41a3048a9dd21b40af5b90526ae864099534a76","","9","not-reviewed","false","en; fr; sw","Visual/text review pending; reference scan is not visual approval."
"/assets/img/tools/sustainability-scorecard.webp","tools","placed","data/localization/fr-climate-parity-manifest.json","800","450","22758","5b142fa0048df4139383101ae0dbec8d6a063d973cfe5dc5f69214323325f873","","7","not-reviewed","false","en; fr; sw","Visual/text review pending; reference scan is not visual approval."
"/assets/img/tools/susu-tracker.svg","tools","placed","blog/index.html","600","400","1496","b5638e737e840d2f24efdb2e30af825f1e3f74ba4b83f3aae959922a5f57f6cd","","1","contains-text","false","en","Visual/text review pending; reference scan is not visual approval."
"/assets/img/tools/susu-tracker.webp","tools","placed","blog/susu-savings-ghana/index.html","800","450","25212","36aed74502dc04e4ecdc59a81a3b860bc88a862287dbbd2a66b657ba36028699","","12","not-reviewed","false","en; fr; sw","Visual/text review pending; reference scan is not visual approval."
"/assets/img/tools/swahili-translator.svg","tools","placed","blog/index.html","600","400","1498","db269feb07a3ebd17a42ace8f60d9ad8f02638dd2fc5a60eb2ef22c436ab9144","","2","contains-text","false","en","Visual/text review pending; reference scan is not visual approval."
"/assets/img/tools/swahili-translator.webp","tools","placed","blog/learn-african-languages-free/index.html","800","450","24828","802b1ef2311a1b80fd591613fa01b263b2ee6adeddd353d0f00fe0e440b14dae","","8","not-reviewed","false","en; fr; sw","Visual/text review pending; reference scan is not visual approval."
"/assets/img/tools/swimming-pool-cost.webp","tools","placed","fr/ingenierie/index.html","600","400","24182","13f679c6ca9169ff32696b6832f20df6d6d0a4e4f32b009327294201099e7c85","","7","not-reviewed","false","en; fr; sw","Visual/text review pending; reference scan is not visual approval."
"/assets/img/tools/sz-paye.webp","tools","placed","blog/eswatini-employer-payroll-compliance-2026/index.html","600","400","27322","3299930d771b8a960392844297187e8cfb1044ea3e5ddd3e2ba51c5e93e5a32d","","12","not-reviewed","false","en; fr; sw","Visual/text review pending; reference scan is not visual approval."
"/assets/img/tools/sz-vat.webp","tools","placed","data/localization/sw-ecommerce-parity-manifest.json","600","400","20678","5e8c766e39aa5c2c57bb58e4b21f2e90fe55c0fe1926873d21be00a50c821936","","7","not-reviewed","false","en; fr; sw","Visual/text review pending; reference scan is not visual approval."
"/assets/img/tools/tailoring-pricing.webp","tools","placed","data/localization/fr-small-business-parity.json","800","450","52932","8d5d5fe959b2d4897b1fcdd9062c995a0d02806e6662c918b530a39ff2760432","","5","not-reviewed","false","en; fr; sw","Visual/text review pending; reference scan is not visual approval."
"/assets/img/tools/tam-sam-som.webp","tools","placed","data/localization/fr-small-business-parity.json","600","400","26950","ddfbff67e7c67d97e6e65cd57fcaeb7c6786439db21d5a35d4693300534f1eba","","7","not-reviewed","false","en; fr; sw","Visual/text review pending; reference scan is not visual approval."
"/assets/img/tools/tb-tracker.webp","tools","placed","fr/health/index.html","800","450","30596","6f8559848b9bda0ebb281df433d51d2b0ecc5424aff93effe663bea2d8c7201e","","7","not-reviewed","false","en; fr; sw","Visual/text review pending; reference scan is not visual approval."
"/assets/img/tools/tbill-calc.webp","tools","placed","fr/tools/rendement-bons-tresor/index.html","600","400","17166","bab9cc1cfbea4ed409d2d20c6cb9481bdd4e343e7407a709248efe3a91c4e9d6","","5","not-reviewed","false","en; fr; sw","Visual/text review pending; reference scan is not visual approval."
"/assets/img/tools/td-paye.webp","tools","placed","chad/td-paye.html","600","400","24746","1f406dc051f77a5e1d124bf75d748594593193a564915e17afbe52a28d12d4e8","","9","not-reviewed","false","en; fr; sw","Visual/text review pending; reference scan is not visual approval."
"/assets/img/tools/td-vat.webp","tools","placed","chad/td-vat.html","600","400","19218","1611a645bb5ebbc9c0f9d630dd66e62c96d3c6d45dee478e1a5fd9a493f5cdec","","7","not-reviewed","false","en; fr; sw","Visual/text review pending; reference scan is not visual approval."
"/assets/img/tools/teacher-salary.webp","tools","placed","data/localization/fr-education-parity.json","600","400","30814","267d810af61f51d7d0339d8c42c92a33edd58169303a56ca5d74cd822427b316","","6","not-reviewed","false","en; fr; sw","Visual/text review pending; reference scan is not visual approval."
"/assets/img/tools/telecom-airtime.webp","tools","placed","fr/telecom/index.html","800","450","26038","2ffe690e8760a891175f5d8100f798a8b7462bb3f1797b3075317b9e23f63af9","","10","not-reviewed","false","en; fr; ha; sw","Visual/text review pending; reference scan is not visual approval."
"/assets/img/tools/telecom-bulk-sms.webp","tools","placed","fr/telecom/index.html","800","450","20842","5e6fc25c3c4d1c029eb3c03ee78613abf2f1f382bf2d7ec414852b59c7d03a70","","8","not-reviewed","false","en; fr; sw","Visual/text review pending; reference scan is not visual approval."
"/assets/img/tools/telecom-business-internet.webp","tools","placed","fr/telecom/index.html","800","450","14338","98827ecfdfed4d10d484e64f9b811810ab6378039fd98c3a905b52b98e93805e","","8","not-reviewed","false","en; fr; sw","Visual/text review pending; reference scan is not visual approval."
"/assets/img/tools/telecom-data-plan.webp","tools","placed","fr/blog/comparer-forfaits-internet-cote-divoire/index.html","800","450","19604","013fafee05cc73e4fedcadad7dc1a0c1d6ba09fbbfca6404f51e66fa2b9fd124","","13","not-reviewed","false","en; fr; ha; sw","Visual/text review pending; reference scan is not visual approval."
"/assets/img/tools/telecom-data-usage.webp","tools","placed","fr/telecom/calculateur-consommation-data/index.html","800","450","16648","2a2649d450f6c10176c1989967c96f7e33ed55776b7134cfc6f835cc3f8a006c","","12","not-reviewed","false","en; fr; ha; sw; yo","Visual/text review pending; reference scan is not visual approval."
"/assets/img/tools/telecom-fiber-lte-5g.webp","tools","placed","fr/telecom/fibre-lte-5g/index.html","800","450","15508","0682b18994e897c15d2475107c5aba508587daa22ab68b186347bfc0643497b8","","8","not-reviewed","false","en; fr; sw","Visual/text review pending; reference scan is not visual approval."
"/assets/img/tools/telecom-internet.webp","tools","placed","fr/telecom/comparateur-internet/index.html","800","450","16868","4f5847b179194eac84dc2addeb3d34c30c04751c132e5f294369842a77e5e519","","8","not-reviewed","false","en; fr; sw","Visual/text review pending; reference scan is not visual approval."
"/assets/img/tools/telecom-portability.webp","tools","placed","fr/telecom/index.html","800","450","17674","5f81498e7049ccad0f09d7d24dd3f045dcd49b5c77beccf9e38a917e38dce98b","","8","not-reviewed","false","en; fr; sw","Visual/text review pending; reference scan is not visual approval."
"/assets/img/tools/telecom-roaming.webp","tools","placed","fr/telecom/calculateur-roaming/index.html","800","450","18236","bf4d1bf05b9e3987103f13500bfd83c3942ea0796412fdfc68115526e3cac16d","","8","not-reviewed","false","en; fr; sw","Visual/text review pending; reference scan is not visual approval."
"/assets/img/tools/telecom-sim-reg.webp","tools","placed","fr/telecom/index.html","800","450","27816","676152eda76ef399272a51932aea68242938b432da182c0f703ff97604c02e1e","","8","not-reviewed","false","en; fr; sw","Visual/text review pending; reference scan is not visual approval."
"/assets/img/tools/telecom-starlink.webp","tools","placed","fr/telecom/comparateur-starlink-isp/index.html","800","450","15702","5895bbb0714c451aa65ea6084c3636b201cfdfd864af5412bceea6d7beae5ec0","","8","not-reviewed","false","en; fr; sw","Visual/text review pending; reference scan is not visual approval."
"/assets/img/tools/telecom-tv.webp","tools","placed","fr/telecom/comparateur-tv-streaming/index.html","800","450","31202","529e6050ddaac158a6cceb581a6e5336394809de1bb6bb9bfd31428d862c8d76","","8","not-reviewed","false","en; fr; sw","Visual/text review pending; reference scan is not visual approval."
"/assets/img/tools/telecom-ussd.webp","tools","placed","fr/telecom/annuaire-codes-ussd/index.html","800","450","16682","6d80333c5af23ccba181513bf77939475bc80c91419a66c884e197077dec84fc","","16","not-reviewed","false","en; fr; ha; sw; yo","Visual/text review pending; reference scan is not visual approval."
"/assets/img/tools/telecom-whatsapp-vs-sms.webp","tools","placed","fr/telecom/index.html","800","450","18292","3b76242f2f285c93814d1a6f00a869343262708112d3c1813d9083b88d666710","","8","not-reviewed","false","en; fr; sw","Visual/text review pending; reference scan is not visual approval."
"/assets/img/tools/tenancy-agreement.svg","tools","placed","blog/index.html","600","400","1503","9bb6835c360aca5342e3d9fddbd6ce4fef97ba9edb48eec3c5b1e13142272719","","2","contains-text","false","en","Visual/text review pending; reference scan is not visual approval."
"/assets/img/tools/tenancy-agreement.webp","tools","placed","blog/ghana-tenancy-agreement-checklist/index.html","800","450","9542","55334e5d740b9c18e5cac03415b1fb73c2414068a656da1d614e33e00f38f827","","68","not-reviewed","false","en; fr; sw","Visual/text review pending; reference scan is not visual approval."
"/assets/img/tools/tenancy-deposit.svg","tools","retired-alternative","/assets/img/tools/tenancy-deposit.webp","600","400","1502","7d255d316ade31d0d87249a4d25666837df11c2e31720022b8de264e9a91bf4f","","0","contains-text","false","","Legacy English text card. Retain as an old design variant; current shared registry owns discovery artwork. Do not share embedded English headings across translated pages."
"/assets/img/tools/tenancy-deposit.webp","tools","placed","data/registry/french-mortgage-property.json","800","450","17998","814c57e444525ad1a906a0790322ae9fef917de8fca790bf7ed18a7419a041c4","","9","not-reviewed","false","en; fr; sw","Visual/text review pending; reference scan is not visual approval."
"/assets/img/tools/tenant-screening.webp","tools","placed","data/registry/french-mortgage-property.json","800","450","27914","bea6415317f293b27c10337fc6ab5655540362019f6731b2ef2da32ee2c7cbc7","","9","not-reviewed","false","en; fr; sw","Visual/text review pending; reference scan is not visual approval."
"/assets/img/tools/tg-paye.webp","tools","placed","blog/index.html","600","400","20802","2ff0b25f73788caf7dc98df56e44612fc9ca0a33cd16fa4dc350565b76219453","","11","not-reviewed","false","en; fr; sw","Visual/text review pending; reference scan is not visual approval."
"/assets/img/tools/tg-vat.webp","tools","placed","data/localization/sw-ecommerce-parity-manifest.json","600","400","24582","a8420e60f9f42bb4ec1faf5cbd4ee1987b7284b14bce0f404e29908cc5318411","","7","not-reviewed","false","en; fr; sw","Visual/text review pending; reference scan is not visual approval."
"/assets/img/tools/thrift-calc.webp","tools","placed","data/localization/fr-fintech-banking-pages/thrift-calc.html","800","450","28732","3ea1dc4a37502d7fd69206f172f39c9fa243aa09db73d99ed6636bc381e9452a","","6","not-reviewed","false","en; fr; sw","Visual/text review pending; reference scan is not visual approval."
"/assets/img/tools/thumbnail-maker.svg","tools","placed","blog/index.html","600","400","1516","0135c2782b2d8f26e29032f57a8a8cecb0ff285e26d3b3e934ee875c02e4f872","","6","contains-text","false","en; fr; sw","Visual/text review pending; reference scan is not visual approval."
"/assets/img/tools/thumbnail-maker.webp","tools","placed","blog/youtube-monetization-africa-2026/index.html","800","450","20444","ef86bb1d2cb23ba19935539a6a20ed65dfb47fa9877c8ca2efb530b64090737c","","5","not-reviewed","false","en; fr; sw","Visual/text review pending; reference scan is not visual approval."
"/assets/img/tools/tiles-calc.svg","tools","retired-alternative","/assets/img/tools/tiles-calc.webp","600","400","1514","f3045b01b53f76defb2f21d2980421f3d0ef97542d70c0d34f3ba7687d4c5da5","","0","contains-text","false","","Legacy English text card. Retain as an old design variant; current shared registry owns discovery artwork. Do not share embedded English headings across translated pages."
"/assets/img/tools/tiles-calc.webp","tools","placed","fr/ingenierie/index.html","800","450","17060","f2840fa347c791c321d95c3fa02b4d04317c62350b7a9d1e767ca9581011e725","","7","not-reviewed","false","en; fr; sw","Visual/text review pending; reference scan is not visual approval."
"/assets/img/tools/time-zone.svg","tools","placed","fr/tools/fuseaux-horaires/index.html","600","400","1522","9f4671fe5623ec1a61d6556fa67295858598e571ab2d867d10327c34e4b69bc9","","3","contains-text","false","en; fr; sw","Visual/text review pending; reference scan is not visual approval."
"/assets/img/tools/time-zone.webp","tools","placed","blog/africa-time-zone-converter-remote-meetings/index.html","800","450","12270","7ddd7deb2b0afdbd2d83844460c4062d8b98843a0ab01cf398c90b1750b269fe","","13","not-reviewed","false","en; fr; sw","Visual/text review pending; reference scan is not visual approval."
"/assets/img/tools/tin-guide.webp","tools","placed","data/registry/french-mortgage-property.json","800","450","31794","c57869d272066428fa17ac18b4965f01b2b0b6ee34e9905dadd640a640ed30de","","8","not-reviewed","false","en; fr; ha; sw; yo","Visual/text review pending; reference scan is not visual approval."
"/assets/img/tools/tip-calculator.svg","tools","placed","fr/tools/calculateur-pourboire/index.html","600","400","1521","d5de63c1de71aa957cffe2b8b4e0fb3a34302bb32ccdc23b67c91e58cfc5cd7f","","3","contains-text","false","en; fr; sw","Visual/text review pending; reference scan is not visual approval."
"/assets/img/tools/tip-calculator.webp","tools","placed","data/localization/fr-business-roi-parity.json","800","450","39878","2e540da3d38b3faff21da73326eaae33955b2614848c7e1c518753a5bde4a3e2","","6","not-reviewed","false","en; fr; sw","Visual/text review pending; reference scan is not visual approval."
"/assets/img/tools/tithe-offering-calculator.webp","tools","retired-alternative","assets/js/components/tool-registry.js#tithe-offering-calculator","800","450","45666","50a454b6aa1a9f43c339f9285801b08890b66b697571be1ca307794207bff623","","0","not-reviewed","false","","Unused alternate illustration. Existing tool/card artwork remains canonical; retain this variant under its original subject, without creating duplicate locale artwork bindings."
"/assets/img/tools/tithe-offering.svg","tools","retired-alternative","/assets/img/tools/tithe-offering.webp","600","400","1508","fab944961b8303db296fd1aaf432585a091bbdc0f599dce2df08175644c730fb","","0","contains-text","false","","Legacy English text card. Retain as an old design variant; current shared registry owns discovery artwork. Do not share embedded English headings across translated pages."
"/assets/img/tools/tithe-offering.webp","tools","placed","data/localization/fr-religious-cultural-parity.json","800","450","16054","3f7dc18a8e70ab8f4ebde8ab49f33e57234fc94a653717b1edd953a11c3e6203","","8","not-reviewed","false","en; fr; sw","Visual/text review pending; reference scan is not visual approval."
"/assets/img/tools/tn-paye.webp","tools","placed","data/registry/french-finance-tax-market-data.json","600","400","9480","b438e9e1becb780ae646becbb08c9b2def578b8d323b43a61af4212bd2b6ee5f","","10","not-reviewed","false","en; fr; sw","Visual/text review pending; reference scan is not visual approval."
"/assets/img/tools/tn-vat.webp","tools","placed","data/localization/sw-ecommerce-parity-manifest.json","600","400","23334","77424061bd3494f72163803f50243f634768b921f0515f1b6d4af60d540a4b6d","","7","not-reviewed","false","en; fr; sw","Visual/text review pending; reference scan is not visual approval."
"/assets/img/tools/toll-calc.webp","tools","placed","fr/tools/calculateur-frais-peage/index.html","800","450","29938","1ae0a30dfd088c6eb13a476cec092607340677d036a8ddbcade79717800591a6","","4","not-reviewed","false","en; fr; sw","Visual/text review pending; reference scan is not visual approval."
"/assets/img/tools/tractor-calculator.webp","tools","placed","agriculture/tractor-calculator/index.html","600","400","7040","a04689a515067b4d28e512ecc8a03c6894437d229a8e0026256c7092f8c622a0","","6","not-reviewed","false","en; fr; sw","Visual/text review pending; reference scan is not visual approval."
"/assets/img/tools/trade-credit.webp","tools","placed","data/localization/fr-fintech-banking-pages/trade-credit.html","800","450","46394","78fc20afee17e155e2236e20f6332f0d024848f1df7ee5160179bd6e1a0a18c3","","6","not-reviewed","false","en; fr; sw","Visual/text review pending; reference scan is not visual approval."
"/assets/img/tools/trade-finance-comparator.webp","tools","placed","fr/tools/comparateur-financement-commerce/index.html","800","450","16376","0a295f31b7aa076a3afa4b7a248e50c069d9e21fbd13de69449abaed1ed23c29","","5","not-reviewed","false","en; fr; sw","Visual/text review pending; reference scan is not visual approval."
"/assets/img/tools/trademark-registration.webp","tools","placed","data/registry/french-mortgage-property.json","800","450","48938","952b376d3e2e5598da1ca5646101961dc2faf7c381bdf8d2f78750971925332c","","6","not-reviewed","false","en; fr; sw","Visual/text review pending; reference scan is not visual approval."
"/assets/img/tools/traditional-attire.webp","tools","placed","data/localization/fr-religious-cultural-parity.json","800","450","39998","f6773e6adc8d77e02a612085ee1318c75d40ff729d8b90615b75298be543c454","","9","not-reviewed","false","en; fr; sw","Visual/text review pending; reference scan is not visual approval."
"/assets/img/tools/traditional-calendar.webp","tools","placed","data/localization/fr-religious-cultural-parity.json","800","450","17826","3b55f4952e58af81e01ded1cbe4025a7f5f51a18c21f30e1c6a34ce86ffa064d","","9","not-reviewed","false","en; fr; sw","Visual/text review pending; reference scan is not visual approval."
"/assets/img/tools/traditional-vs-western.webp","tools","placed","fr/health/index.html","800","450","36488","6fe724a6d78bf36d937dbc33b825b96e1654803d40b9b294eacd0c64f6c0498d","","7","not-reviewed","false","en; fr; sw","Visual/text review pending; reference scan is not visual approval."
"/assets/img/tools/transfer-pricing.svg","tools","retired-alternative","/assets/img/tools/transfer-pricing.webp","600","400","1502","74f66e17b39cb87665c4cb6fff6ba63c630f601eee37feb56e2a735c6e9f5225","","0","contains-text","false","","Legacy English text card. Retain as an old design variant; current shared registry owns discovery artwork. Do not share embedded English headings across translated pages."
"/assets/img/tools/transfer-pricing.webp","tools","placed","data/registry/french-finance-tax-market-data.json","600","400","17330","17ed3abec3c31b10f8b341542f12de5712ef330aab28f8a61c5c49517b3839dc","","7","not-reviewed","false","en; fr; sw","Visual/text review pending; reference scan is not visual approval."
"/assets/img/tools/transliterate-fr.webp","tools","retired-alternative","assets/js/components/tool-registry.js#transliterate-fr","800","450","52110","134af6eaa17416c037d618b9b926b78103f3c149084bf02ad521df1b7d939b80","","0","not-reviewed","false","","Alternate transliteration illustration with embedded glyphs; current shared artwork remains canonical."
"/assets/img/tools/transliterate.svg","tools","placed","fr/tools/translitteration/index.html","600","400","1500","784d614a0993b644a0c42c6728f93631bba6fdb05fb2faab1a39df56f81595b6","","2","contains-text","false","en; fr","Visual/text review pending; reference scan is not visual approval."
"/assets/img/tools/transliterate.webp","tools","placed","fr/tools/translitteration/index.html","800","450","18676","2d2dc8ea29c1d8dedb417d70c6ade06653a4b5b9616903f2ab776a15318dfe7c","","3","not-reviewed","false","en; fr; sw","Visual/text review pending; reference scan is not visual approval."
"/assets/img/tools/travel-insurance.webp","tools","placed","fr/insurance/index.html","800","450","21136","ee9f34b56c7c0b72e39a1f0ff3f638f4384361dd45b8adb5f5d4995f0aad4e1d","","7","not-reviewed","false","en; fr; sw","Visual/text review pending; reference scan is not visual approval."
"/assets/img/tools/travel-packing-list.webp","tools","placed","data/localization/sw-sports-travel-parity-manifest.json","800","450","42194","3a6200abf53a1ba4327ae56afc07c450ac6db3c4cb705a00d8a84a20d2b84386","","6","not-reviewed","false","en; fr; sw","Visual/text review pending; reference scan is not visual approval."
"/assets/img/tools/travel-vaccination-cost.webp","tools","placed","data/localization/sw-sports-travel-parity-manifest.json","800","450","37160","8a3af7922446c9db3bc2906e42a26e8196618dd8bc955b4538d3ba20c5b90a7b","","6","not-reviewed","false","en; fr; sw","Visual/text review pending; reference scan is not visual approval."
"/assets/img/tools/tree-planting-roi.webp","tools","placed","data/localization/fr-climate-parity-manifest.json","800","450","30084","2899ea3e14a06c5bc996f60dc5ee812d413adee1b3486d7d52f3c43c1ba82f12","","7","not-reviewed","false","en; fr; sw","Visual/text review pending; reference scan is not visual approval."
"/assets/img/tools/truck-load.webp","tools","placed","fr/tools/optimiseur-chargement-camion/index.html","800","450","55174","feecec99e123a608f582c7ed7fdd71b612cad782e0d57526617b03bba870f7f5","","4","not-reviewed","false","en; fr; sw","Visual/text review pending; reference scan is not visual approval."
"/assets/img/tools/tutoring-rate.webp","tools","placed","data/localization/fr-education-parity.json","800","450","38716","3dfc4f5534ced5b4a6db54046078682d3279e52ea8d33956d08a990e7ff54895","","4","not-reviewed","false","en; fr; sw","Visual/text review pending; reference scan is not visual approval."
"/assets/img/tools/tz-paye.webp","tools","placed","blog/index.html","600","400","10066","84d701b7c7bd80d2583ec33b57ee3123b37127fb7d3cf8bf826e83219ccb19bb","","14","not-reviewed","false","en; fr; sw","Visual/text review pending; reference scan is not visual approval."
"/assets/img/tools/tz-vat.webp","tools","placed","blog/index.html","600","400","18068","407f2dde27245055d006d76aea45987a33b73ee71ce68f3ef9747e2403da59c1","","10","not-reviewed","false","en; fr; sw","Visual/text review pending; reference scan is not visual approval."
"/assets/img/tools/ug-paye.webp","tools","placed","blog/index.html","600","400","18818","6fed801c6b05d9e1d83924ade43524de8b8ed248362fecab13a9f03d54f7e88f","","14","not-reviewed","false","en; fr; sw","Visual/text review pending; reference scan is not visual approval."
"/assets/img/tools/ug-vat.webp","tools","placed","blog/index.html","600","400","24754","73e2efd0c5524bdbe21ab9943e0edb49fc98c9f87928de388e489022e779e9ea","","11","not-reviewed","false","en; fr; sw","Visual/text review pending; reference scan is not visual approval."
"/assets/img/tools/unit-converter.svg","tools","retired-alternative","/assets/img/tools/unit-converter.webp","600","400","1519","a25fd56cf96bf28eee3ecb9cd211d92eebf4083f1b4c5d57b49ecfca151059a2","","0","contains-text","false","","Legacy English text card. Retain as an old design variant; current shared registry owns discovery artwork. Do not share embedded English headings across translated pages."
"/assets/img/tools/unit-converter.webp","tools","placed","blog/index.html","800","450","16122","0b678d45095f1c8069b71c715d9c28054f56684110ec5cf3e9570fdbf7e1b6dc","","16","not-reviewed","false","en; fr; sw","Visual/text review pending; reference scan is not visual approval."
"/assets/img/tools/unit-economics.webp","tools","placed","data/localization/fr-small-business-parity.json","600","400","26926","18fc6cf360ccd8923ea5b55a740e49270aacc2e7f36695006194ca095c71a8ef","","8","not-reviewed","false","en; fr; sw","Visual/text review pending; reference scan is not visual approval."
"/assets/img/tools/university-admission.webp","tools","placed","data/localization/fr-education-parity.json","800","450","16728","67eeecbf4f55cdc624d1929bce71ea8101f0c206763f532f883d835754a86a1e","","7","not-reviewed","false","en; fr; sw","Visual/text review pending; reference scan is not visual approval."
"/assets/img/tools/university-ranking.svg","tools","retired-alternative","/assets/img/tools/university-ranking.webp","600","400","1508","320c1ed36342825b3e41ea8ce158e10e4212412f44933b3ce6e2480da657e6db","","0","contains-text","false","","Legacy English text card. Retain as an old design variant; current shared registry owns discovery artwork. Do not share embedded English headings across translated pages."
"/assets/img/tools/university-ranking.webp","tools","placed","data/localization/fr-education-parity.json","600","400","7040","ece87ed9f9de825568c9c51374e8584300d819a8995ff205c221fd1bc0a5ab12","","7","not-reviewed","false","en; fr; sw","Visual/text review pending; reference scan is not visual approval."
"/assets/img/tools/url-encoder.svg","tools","retired-alternative","/assets/img/tools/url-encoder.webp","600","400","1500","2d24231920f1e86911be427f9b4758d2e45143b6b9055ad0405c6382eb0f8bd4","","0","contains-text","false","","Legacy English text card. Retain as an old design variant; current shared registry owns discovery artwork. Do not share embedded English headings across translated pages."
"/assets/img/tools/url-encoder.webp","tools","placed","data/localization/fr-developer-parity-manifest.json","800","450","20938","038ff734cd07f3beacf163a79f5e68172987c376418e26bd1d3039c7812151da","","7","not-reviewed","false","en; fr; sw","Visual/text review pending; reference scan is not visual approval."
"/assets/img/tools/ussd-flow-builder.webp","tools","placed","data/localization/fr-developer-parity-manifest.json","800","450","23258","9618ff47d9870837d0134acedcd3817aa18675bd9a335143424b8b95fd65acf5","","5","not-reviewed","false","en; fr; sw","Visual/text review pending; reference scan is not visual approval."
"/assets/img/tools/ussd-simulator.svg","tools","retired-alternative","/assets/img/tools/ussd-simulator.webp","600","400","1500","ddcb9dccd557b852d9f451dda29bdf0cc8cdc18cc53ae3d1e1ff2a7c69bb6c92","","0","contains-text","false","","Legacy English text card. Retain as an old design variant; current shared registry owns discovery artwork. Do not share embedded English headings across translated pages."
"/assets/img/tools/ussd-simulator.webp","tools","placed","data/localization/fr-developer-parity-manifest.json","800","450","11560","7ac84d3c4ae89dd8d46e4a10075bafbbb4dfa76230bd2a035b95367997dd5f27","","10","not-reviewed","false","en; fr; ha; sw","Visual/text review pending; reference scan is not visual approval."
"/assets/img/tools/uuid-generator.svg","tools","placed","fr/tools/generateur-uuid/index.html","600","400","1495","9114e1f5896d6e0edabb8354266e0ec5770c5d3c7154cc28fd23da4649807e06","","3","contains-text","false","en; fr; sw","Visual/text review pending; reference scan is not visual approval."
"/assets/img/tools/uuid-generator.webp","tools","placed","data/localization/fr-developer-parity-manifest.json","800","450","17978","89d1343809b23e8b3b30104db4e31001d61621a440f76beb27e29214639fdabb","","5","not-reviewed","false","en; fr; sw","Visual/text review pending; reference scan is not visual approval."
"/assets/img/tools/vaccination-schedule.webp","tools","placed","agriculture/vaccination-schedule/index.html","500","400","13326","0c08bc6d2b5b1135630545247a637f2acb92029e462d824e2d9dc9d438e79876","","6","not-reviewed","false","en; fr; sw","Visual/text review pending; reference scan is not visual approval."
"/assets/img/tools/vaccine-schedule.svg","tools","retired-alternative","/assets/img/tools/vaccine-schedule.webp","600","400","1644","ce7fddadc55f6afcff68c355bb901c3c1768390fb75382da5db240ed5739dd3e","","0","contains-text","false","","Legacy English text card. Retain as an old design variant; current shared registry owns discovery artwork. Do not share embedded English headings across translated pages."
"/assets/img/tools/vaccine-schedule.webp","tools","placed","fr/health/index.html","800","450","21198","3f8c3c54fd0f54e71c5de49205fe403c30a8c49f118fe111d7f6133232342bb1","","7","not-reviewed","false","en; fr; sw","Visual/text review pending; reference scan is not visual approval."
"/assets/img/tools/vat-calc-pan-african.webp","tools","placed","data/localization/sw-ecommerce-parity-manifest.json","800","450","18886","4d81c53f0a411fb8276efd6c504f4f30319a7c4d1a775aeb69ebad24b10b7f65","","14","not-reviewed","false","en; fr; ha; sw; yo","Visual/text review pending; reference scan is not visual approval."
"/assets/img/tools/vat-calculator.webp","tools","placed","blog/index.html","600","400","13346","58b61857f15baf95b7a865b9344ec34df17928ece866c691ac0df22391b59523","","6","not-reviewed","false","en; fr","Visual/text review pending; reference scan is not visual approval."
"/assets/img/tools/vehicle-depreciation.webp","tools","placed","fr/tools/depreciation-vehicule/index.html","800","450","31656","a73ef2ecbcc4a7ac1682c747cc825e101cccc680cd0b1575026ed137c7ab17b8","","6","not-reviewed","false","en; fr; sw","Visual/text review pending; reference scan is not visual approval."
"/assets/img/tools/vehicle-import-duty.webp","tools","retired-alternative","assets/js/components/tool-registry.js#vehicle-import-duty","800","450","20148","f7dd5fb3fe91809be0e47c19ae54c05ec9f204abaa8f1f8e6dcec69e98bfed83","","0","not-reviewed","false","","Unused alternate illustration. Existing tool/card artwork remains canonical; retain this variant under its original subject, without creating duplicate locale artwork bindings."
"/assets/img/tools/vehicle-operating-cost.webp","tools","placed","blog/index.html","800","450","34126","136446cf9544a9748d432e063a9719cddb48a3645010f688c4467d7939ebbb87","","7","not-reviewed","false","en; fr; sw","Visual/text review pending; reference scan is not visual approval."
"/assets/img/tools/vehicle-registration.webp","tools","placed","blog/index.html","800","450","35882","916d3feb1473a597dc3183c01e18dfe46037fd4c2dcc6a0b92c9279289f4ce49","","8","not-reviewed","false","en; fr; sw","Visual/text review pending; reference scan is not visual approval."
"/assets/img/tools/vehicle-tracker-roi.webp","tools","placed","fr/tools/roi-traceur-vehicule/index.html","800","450","41514","4c898cd97ae51323bf3ee840a286a372ec69528703e484e60531b250281e1789","","4","not-reviewed","false","en; fr; sw","Visual/text review pending; reference scan is not visual approval."
"/assets/img/tools/visa-checker.webp","tools","placed","blog/african-visa-requirements-checklist/index.html","800","450","15866","445b9de43d1f0bc1c733f145842692fc613cc5dd18f0b478c3bfc6414048a9e1","","13","not-reviewed","false","en; fr; sw","Visual/text review pending; reference scan is not visual approval."
"/assets/img/tools/visa-cost.svg","tools","placed","blog/index.html","600","400","1503","9db31dc35f23acad8aa02e897fb52b9a1b59fba8bae88c7240dc662e7d2f8d60","","2","contains-text","false","en","Visual/text review pending; reference scan is not visual approval."
"/assets/img/tools/visa-cost.webp","tools","placed","data/registry/french-mortgage-property.json","800","450","16650","91ae8fe864feca1056cdd1d9e3ff5366c77f7c80767c55be4deaf90c79ad3cf4","","9","not-reviewed","false","en; fr; sw","Visual/text review pending; reference scan is not visual approval."
"/assets/img/tools/visa-tracker.webp","tools","placed","fr/diaspora/index.html","800","450","39736","d8e8476ec55996a5f80c08d6fa286c057afee3ebae1486463256976f8cdaecd1","","5","not-reviewed","false","en; fr; sw","Visual/text review pending; reference scan is not visual approval."
"/assets/img/tools/voter-registration.webp","tools","placed","fr/tools/guide-inscription-electorale/index.html","800","450","36308","1267437102a07dceec563f3182ab58b68743a5b91b0b1d261eb2924ae3962a7e","","6","not-reviewed","false","en; fr; sw","Visual/text review pending; reference scan is not visual approval."
"/assets/img/tools/waec-calculator.webp","tools","placed","blog/index.html","600","400","16134","672ceb9ea2e8556131fa80417f2b35d1f9251db94dc7083bfaec816eb49171f6","","15","not-reviewed","false","en; fr; ha; sw; yo","Visual/text review pending; reference scan is not visual approval."
"/assets/img/tools/waist-hip-ratio.svg","tools","placed","fr/tools/ratio-taille-hanches/index.html","600","400","1503","7ec52fda06d2bdf5a029f5bb3d3698b78fb734c16d5b28313cc54943aa79cf53","","3","contains-text","false","en; fr; sw","Visual/text review pending; reference scan is not visual approval."
"/assets/img/tools/waist-hip-ratio.webp","tools","placed","fr/health/index.html","800","450","19024","a622db43f243dfd18706fffc7f4bb9272ab20400e2e3ff83b36b6cf25949ba56","","5","not-reviewed","false","en; fr; sw","Visual/text review pending; reference scan is not visual approval."
"/assets/img/tools/warehouse-receipt.webp","tools","placed","agriculture/warehouse-receipt/index.html","800","450","25038","ef24541d7f87dc810250dd56fd57191d18a1824bb4ca3b09251f6b289c548861","","9","not-reviewed","false","en; fr; sw","Visual/text review pending; reference scan is not visual approval."
"/assets/img/tools/waste-management.webp","tools","placed","data/localization/fr-climate-parity-manifest.json","800","450","16354","7b0085c44902b65939e7ed8d9ff7be9d220b157de0df7029eee783af500a2d4c","","8","not-reviewed","false","en; fr; sw","Visual/text review pending; reference scan is not visual approval."
"/assets/img/tools/water-bill.webp","tools","placed","fr/energy/index.html","800","450","20954","83eb800c08a61a427218c8cd80c22db34aafbd39433252be50e3129f2ac75f2e","","7","not-reviewed","false","en; fr; sw","Visual/text review pending; reference scan is not visual approval."
"/assets/img/tools/water-intake.svg","tools","retired-alternative","/assets/img/tools/water-intake.webp","600","400","1500","b68b46c8be42277c973b617a3587b81ee86b78cd892e12c7784a0da3a69e8f65","","0","contains-text","false","","Legacy English text card. Retain as an old design variant; current shared registry owns discovery artwork. Do not share embedded English headings across translated pages."
"/assets/img/tools/water-intake.webp","tools","placed","fr/health/index.html","800","450","15304","adfde12fc26339aefe98f955a95722b605ec4195fcca5be3b55d9a9de3490139","","7","not-reviewed","false","en; fr; sw","Visual/text review pending; reference scan is not visual approval."
"/assets/img/tools/water-quality.svg","tools","retired-alternative","/assets/img/tools/water-quality.webp","600","400","1497","ae1ff10cb116ddbcb5bd15d4fca0467fc98ddbad6f91e684f36ff4dda15234b0","","0","contains-text","false","","Legacy English text card. Retain as an old design variant; current shared registry owns discovery artwork. Do not share embedded English headings across translated pages."
"/assets/img/tools/water-quality.webp","tools","placed","fr/health/index.html","800","450","21990","3c50dfbbc94ec9b07714e69d949100a47d37eca856dab20001ccd73af34f5b24","","7","not-reviewed","false","en; fr; sw","Visual/text review pending; reference scan is not visual approval."
"/assets/img/tools/water-scarcity.webp","tools","placed","data/localization/fr-climate-parity-manifest.json","800","450","13810","710b96c643df718086ceba041c6525f4e19e1ee0e8c1a68bf8d91d92c884279d","","7","not-reviewed","false","en; fr; sw","Visual/text review pending; reference scan is not visual approval."
"/assets/img/tools/water-tank.svg","tools","placed","fr/tools/dimensionnement-citerne/index.html","600","400","1511","3aea9e53c5841b164320f2adb56a6b0deeb76908f2c8dba4c63072d66322da5e","","2","contains-text","false","en; fr","Visual/text review pending; reference scan is not visual approval."
"/assets/img/tools/water-tank.webp","tools","placed","blog/index.html","800","450","25312","d5395459d32370d0a361bf0202f6b4bb608679d8d5e441869d2a60250e254298","","7","not-reviewed","false","en; fr; sw","Visual/text review pending; reference scan is not visual approval."
"/assets/img/tools/watermark-bulk.svg","tools","retired-alternative","/assets/img/tools/watermark-bulk.webp","600","400","1509","137ae1bdbb7203ed655ac110c4ba247d3bef53ea73ddca6234793695ae4c6c1c","","0","contains-text","false","","Legacy English text card. Retain as an old design variant; current shared registry owns discovery artwork. Do not share embedded English headings across translated pages."
"/assets/img/tools/watermark-bulk.webp","tools","placed","fr/tools/filigrane-images/index.html","800","450","27064","fb35b1af6a7f6c3e0866897a1cfecf579fe560a539a7d8204bdfb37e616c8243","","5","not-reviewed","false","en; fr; sw","Visual/text review pending; reference scan is not visual approval."
"/assets/img/tools/wedding-budget.webp","tools","placed","blog/ghana-wedding-budget-checklist/index.html","800","450","68884","7bb2b375ad32cb10b58c5e81494753e951d4776d69ea22291df73e794829682b","","11","not-reviewed","false","en; fr; sw","Visual/text review pending; reference scan is not visual approval."
"/assets/img/tools/wedding-photo-package.webp","tools","placed","data/localization/sw-creative-parity-manifest.json","800","450","44566","4d219f10cdae0cc1fffa6a6e4d1657a07ddaf3e07e703d39dbf4d5dd01f87337","","5","not-reviewed","false","en; fr; sw","Visual/text review pending; reference scan is not visual approval."
"/assets/img/tools/whatsapp-link.svg","tools","placed","blog/index.html","600","400","1501","29008edee2b168dd19c2671fd814902a4e00f7f58005f0059a7702497d908582","","2","contains-text","false","en","Visual/text review pending; reference scan is not visual approval."
"/assets/img/tools/whatsapp-link.webp","tools","placed","blog/whatsapp-business-api-africa-2026/index.html","800","450","21450","26ae0b792998b451dbcea9cd304923521b8b918e39e376c1ef18ed2e82fd2114","","17","not-reviewed","false","en; fr; ha; sw; yo","Visual/text review pending; reference scan is not visual approval."
"/assets/img/tools/wholesale-retail-spread.webp","tools","placed","data/localization/fr-uniquely-african-parity-manifest.json","800","450","24026","19d345a5ea5cfdbda187b814a7c3e73e72398bb5c70caf7e3f33231bcdfd3f3e","","9","not-reviewed","false","en; fr; sw","Visual/text review pending; reference scan is not visual approval."
"/assets/img/tools/will-generator.webp","tools","placed","data/registry/french-mortgage-property.json","600","400","19950","564805c36b3e48fa5f02aaedc6c143bc6e8226e90998eccd4fb88396d8ed30dc","","9","not-reviewed","false","en; fr; sw","Visual/text review pending; reference scan is not visual approval."
"/assets/img/tools/winding-up.webp","tools","placed","data/registry/french-mortgage-property.json","800","450","43052","1bb49ee71c7d2d608fbeb2804c059fb0ca9f0a7d7a459621d13f408df8b46406","","6","not-reviewed","false","en; fr; sw","Visual/text review pending; reference scan is not visual approval."
"/assets/img/tools/window-door-sizing.webp","tools","placed","fr/ingenierie/index.html","800","450","26728","4c4354bf2d5f7d06f10fc63d0797c1f99e8df2409b3e5d214b8b455a3ee742ad","","6","not-reviewed","false","en; fr; sw","Visual/text review pending; reference scan is not visual approval."
"/assets/img/tools/word-counter.svg","tools","retired-alternative","/assets/img/tools/word-counter.webp","600","400","1509","7d8d5afee6036893f67b63e68ad5e7d723b92c6b2f0f46e230bfd95dc1ae3c95","","0","contains-text","false","","Legacy English text card. Retain as an old design variant; current shared registry owns discovery artwork. Do not share embedded English headings across translated pages."
"/assets/img/tools/word-counter.webp","tools","placed","data/localization/fr-education-parity.json","600","400","9566","e6d67265655c1d2e3046927de70988a555adb9485c2a83de20a4f925921706e2","","7","not-reviewed","false","en; fr; sw","Visual/text review pending; reference scan is not visual approval."
"/assets/img/tools/work-permit-cost.webp","tools","placed","fr/tools/cout-permis-travail/index.html","800","450","38284","47df7655214a139a1dfb09b593a3329b476b9e4361a769850178d5e437bb3cf1","","57","not-reviewed","false","en; fr; sw","Visual/text review pending; reference scan is not visual approval."
"/assets/img/tools/workers-comp.webp","tools","placed","fr/insurance/index.html","800","450","28430","183aaca0fccb9696e2bd815bbd3186e3c8d15aca5417a7c338f1aa8953460257","","7","not-reviewed","false","en; fr; sw","Visual/text review pending; reference scan is not visual approval."
"/assets/img/tools/working-days.svg","tools","placed","fr/tools/jours-ouvrables/index.html","600","400","1518","4e79da534937cb957a869cbb3e6b76693f97baf5d59c52cccdd2053ee88bf8ac","","3","contains-text","false","en; fr; sw","Visual/text review pending; reference scan is not visual approval."
"/assets/img/tools/working-days.webp","tools","placed","blog/index.html","800","450","14900","de0a26e384e156bd5982772419d6713c17ca8f8a095ca5d2ea9b0686b2331a35","","13","not-reviewed","false","en; fr; sw","Visual/text review pending; reference scan is not visual approval."
"/assets/img/tools/yoruba-translator.svg","tools","retired-alternative","/assets/img/tools/yoruba-translator.webp","600","400","1655","c18b3b81dcd2332a6b7b51de53780b5447f619480a02878f4ff5c47e6c7aff43","","0","contains-text","false","","Legacy English text card. Retain as an old design variant; current shared registry owns discovery artwork. Do not share embedded English headings across translated pages."
"/assets/img/tools/yoruba-translator.webp","tools","placed","fr/tools/traducteur-yoruba/index.html","800","450","24814","cc92d41d94f6b3ad66c45256f90912eea7b28ff5eef06011a11ee10ddd6b5413","","10","not-reviewed","false","en; fr; sw; yo","Visual/text review pending; reference scan is not visual approval."
"/assets/img/tools/youtube-revenue.webp","tools","placed","data/localization/fr-small-business-parity.json","800","450","38024","68bce14777efe9b254d7956e3751f3265e17b9ac33b544d9cbead3def11b1522","","5","not-reviewed","false","en; fr; sw","Visual/text review pending; reference scan is not visual approval."
"/assets/img/tools/za-cgt.svg","tools","retired-alternative","/assets/img/tools/za-cgt.webp","600","400","1512","aba869ee4361023936222d7b7a0c5ece9bd30182bdbc89ff35413b8bbaf6458a","","0","contains-text","false","","Legacy English text card. Retain as an old design variant; current shared registry owns discovery artwork. Do not share embedded English headings across translated pages."
"/assets/img/tools/za-cgt.webp","tools","placed","data/registry/french-finance-tax-market-data.json","600","400","7894","d50f1d7268b22af38c0757846ab9e8e8180a14aec9352d49690cecbd7c5d8215","","7","not-reviewed","false","en; fr; sw","Visual/text review pending; reference scan is not visual approval."
"/assets/img/tools/za-dividend-tax.svg","tools","retired-alternative","/assets/img/tools/za-dividend-tax.webp","600","400","1512","c754fee149cb614027ff241a6c6a3f2057b70c30447fd2efb5833b606a3053dd","","0","contains-text","false","","Legacy English text card. Retain as an old design variant; current shared registry owns discovery artwork. Do not share embedded English headings across translated pages."
"/assets/img/tools/za-dividend-tax.webp","tools","placed","data/registry/french-finance-tax-market-data.json","600","400","10034","6c2a253361ec7d5b07a38cd822f8fe1dda3729085160639ca7c27c783f31a459","","7","not-reviewed","false","en; fr; sw","Visual/text review pending; reference scan is not visual approval."
"/assets/img/tools/za-gepf.svg","tools","retired-alternative","/assets/img/tools/za-gepf.webp","600","400","1511","110b0d855e28aef3c162d091f38707e8126ccfa23abaa1b7479f25f9a081e501","","0","contains-text","false","","Legacy English text card. Retain as an old design variant; current shared registry owns discovery artwork. Do not share embedded English headings across translated pages."
"/assets/img/tools/za-gepf.webp","tools","placed","data/registry/french-finance-tax-market-data.json","600","400","11392","41ed76d8fd45a4dbf395cc2a374d8b9d302aca5571a4e4eaade599a0299fb5ee","","7","not-reviewed","false","en; fr; sw","Visual/text review pending; reference scan is not visual approval."
"/assets/img/tools/za-paye.webp","tools","placed","blog/average-salary-south-africa-2026/index.html","600","400","9674","5b3556d8f46dcbd993b20d7126cfb9b7041dbb71beec9f8d526bad561d0532aa","","30","not-reviewed","false","en; fr; sw","Visual/text review pending; reference scan is not visual approval."
"/assets/img/tools/za-transfer-duty.svg","tools","placed","blog/index.html","600","400","1512","8438567a256c90a4c68768e1d3fe2f95edb484730048e1e1343b3c2d0ee52f21","","5","contains-text","false","en; fr; sw","Visual/text review pending; reference scan is not visual approval."
"/assets/img/tools/za-transfer-duty.webp","tools","placed","blog/south-africa-transfer-duty-2026-27/index.html","800","450","23854","e8abd51bbc547d76a5cca10123f697849f53091aa711bb79d7453e1f79370c3d","","6","not-reviewed","false","en; fr; sw","Visual/text review pending; reference scan is not visual approval."
"/assets/img/tools/za-uif.png","tools","retired-alternative","/assets/img/tools/za-uif.webp","1536","1024","320971","5d5a1d70a9fbd9ef93d01095b89f15d0537d394293b4aee22bafb94ec23d2d2d","","0","not-reviewed","false","","Unused alternate illustration. Existing tool/card artwork remains canonical; retain this variant under its original subject, without creating duplicate locale artwork bindings."
"/assets/img/tools/za-uif.svg","tools","retired-alternative","/assets/img/tools/za-uif.webp","600","400","1511","ae98a771a13b2cc7dea46e25ebf4f5c884f2a8e84d0e803665b171d447d1a4fc","","0","contains-text","false","","Legacy English text card. Retain as an old design variant; current shared registry owns discovery artwork. Do not share embedded English headings across translated pages."
"/assets/img/tools/za-uif.webp","tools","placed","blog/index.html","600","400","5744","f1ee493a8fd1bd4265a65810d23ea4d1b015aa1757a45debec35a2fb08e3c2eb","","9","not-reviewed","false","en; fr; sw","Visual/text review pending; reference scan is not visual approval."
"/assets/img/tools/za-vat.webp","tools","placed","blog/index.html","600","400","23758","7f8d5477aba451a133991cf14ad380caec1be21ef664ee35f98d74744a8e245d","","14","not-reviewed","false","en; fr; sw","Visual/text review pending; reference scan is not visual approval."
"/assets/img/tools/zakat-calculator.webp","tools","placed","data/localization/fr-religious-cultural-parity.json","800","450","22396","7e85ef5e2fe4c44d808ad6553a31163f7e420afdf8b3209977cacaf252e05015","","8","not-reviewed","false","en; fr; sw","Visual/text review pending; reference scan is not visual approval."
"/assets/img/tools/zm-paye.webp","tools","placed","blog/index.html","600","400","8180","14cd8c19c5cbf396ab8d6cfdb4c24fbf064b3d6217aec26aa7ba48a29127c11f","","12","not-reviewed","false","en; fr; sw","Visual/text review pending; reference scan is not visual approval."
"/assets/img/tools/zm-vat.svg","tools","retired-alternative","/assets/img/tools/zm-vat.webp","600","400","1506","8bdb94603afeeb6f087b446d863772da41894dbbefc9c9a60a27152c4cddc9ed","","0","contains-text","false","","Legacy English text card. Retain as an old design variant; current shared registry owns discovery artwork. Do not share embedded English headings across translated pages."
"/assets/img/tools/zm-vat.webp","tools","placed","blog/index.html","600","400","8212","3b6c4d17a086eabf73b305268b1c487d86b3a945643b0e857f07525533f8c992","","10","not-reviewed","false","en; fr; sw","Visual/text review pending; reference scan is not visual approval."
"/assets/img/tools/zulu-translator.svg","tools","retired-alternative","/assets/img/tools/zulu-translator.webp","600","400","1516","854f0af523501a87eed1f3c463383a795c283df23644d288981c071729f5325c","","0","contains-text","false","","Legacy English text card. Retain as an old design variant; current shared registry owns discovery artwork. Do not share embedded English headings across translated pages."
"/assets/img/tools/zulu-translator.webp","tools","placed","fr/tools/traducteur-zoulou/index.html","800","450","29902","0bd9264b7d0a2b6933c84f1349c3d6cd7ffd6f5a3dc1fac5daa0e1a9d2430066","","6","not-reviewed","false","en; fr; sw","Visual/text review pending; reference scan is not visual approval."
"/assets/img/tools/zw-paye.webp","tools","placed","data/registry/french-finance-tax-market-data.json","600","400","11710","2d16dcd52621394f85a7b09f6339f0f2f8f64bab445bb7eda62795d840183e9f","","9","not-reviewed","false","en; fr; sw","Visual/text review pending; reference scan is not visual approval."
"/assets/img/tools/zw-vat.svg","tools","retired-alternative","/assets/img/tools/zw-vat.webp","600","400","1508","c67dabdf4b68b7c97f3f3179614267122b726168873fa44a891217d2d40fd159","","0","contains-text","false","","Legacy English text card. Retain as an old design variant; current shared registry owns discovery artwork. Do not share embedded English headings across translated pages."
"/assets/img/tools/zw-vat.webp","tools","placed","blog/index.html","600","400","8902","36bd188b14b2c61ea97ba4a5a5ab9db57ad3771668b107d1497c3b259f0e312f","","10","not-reviewed","false","en; fr; sw","Visual/text review pending; reference scan is not visual approval."
"/favicon.ico","favicon.ico","placed","fr/tools/calculateur-solaire/index.html","","","1318","f0a2ef95ac2646072775ffd3db917e679a55675b0e5e91d048dca45a564dee93","","8","not-reviewed","false","en; fr; sw","Verified page-reference binding. Existing owner now detected by inventory."
