"order","id","type","priority","name","route","path","dimensions","reference_image","alt","locale_reuse","status","reason","prompt"
"1","recipe-ibihaza-rw","recipe-hero","75","Ibihaza","/tools/afrokitchen/recipes/ibihaza-rw/","/assets/img/kitchen/ibihaza-rw.webp","1200x800","","Ibihaza from Rwanda","true","pending","Recipe has no local hero in any supported extension.","Create one realistic editorial food photograph of Ibihaza from Rwanda. Recipe brief: Ibihaza is a side with pumpkin, beans and peanut. Serve Main ingredients from the saved recipe: pumpkin, oil, onion, tomatoes, beans and peanut, stock or water, salt and pepper. Show the finished dish with the correct texture, cooking method and serving form. Natural window light, simple neutral table, realistic food colour, an appetising three-quarter view, entire main plate inside the central 80% for card cropping. Landscape 1200x800. No words, labels, lettering, flags, logos, watermarks, collage or UI. Do not replace the dish with a generic stew or invent decorative ingredients.  Deliver WebP under the exact destination filename."
"2","recipe-ikivuguto-rw","recipe-hero","75","Rwandan Ikivuguto","/tools/afrokitchen/recipes/ikivuguto-rw/","/assets/img/kitchen/ikivuguto-rw.webp","1200x800","","Rwandan Ikivuguto from Rwanda","true","pending","Recipe has no local hero in any supported extension.","Create one realistic editorial food photograph of Rwandan Ikivuguto from Rwanda. Recipe brief: Rwandan Ikivuguto is a drink with milk, live culture starter. Serve Main ingredients from the saved recipe: milk, clean water, live culture starter, sugar or honey, salt. Show the finished dish with the correct texture, cooking method and serving form. Natural window light, simple neutral table, realistic food colour, an appetising three-quarter view, entire main plate inside the central 80% for card cropping. Landscape 1200x800. No words, labels, lettering, flags, logos, watermarks, collage or UI. Do not replace the dish with a generic stew or invent decorative ingredients.  Deliver WebP under the exact destination filename."
"3","recipe-kapenta-stew-zm","recipe-hero","75","Kapenta Stew","/tools/afrokitchen/recipes/kapenta-stew-zm/","/assets/img/kitchen/kapenta-stew-zm.webp","1200x800","","Kapenta Stew from Zambia","true","pending","Recipe has no local hero in any supported extension.","Create one realistic editorial food photograph of Kapenta Stew from Zambia. Recipe brief: Kapenta Stew is a seafood with dried kapenta fish, tomato and onion. Serve Main ingredients from the saved recipe: dried kapenta fish, oil, onion, tomatoes, tomato and onion, stock or water, salt and pepper. Show the finished dish with the correct texture, cooking method and serving form. Natural window light, simple neutral table, realistic food colour, an appetising three-quarter view, entire main plate inside the central 80% for card cropping. Landscape 1200x800. No words, labels, lettering, flags, logos, watermarks, collage or UI. Do not replace the dish with a generic stew or invent decorative ingredients.  Deliver WebP under the exact destination filename."
"4","recipe-kat-kat-banane-sc","recipe-hero","75","Kat-Kat Banane","/tools/afrokitchen/recipes/kat-kat-banane-sc/","/assets/img/kitchen/kat-kat-banane-sc.webp","1200x800","","Kat-Kat Banane from Seychelles","true","pending","Recipe has no local hero in any supported extension.","Create one realistic editorial food photograph of Kat-Kat Banane from Seychelles. Recipe brief: Kat-Kat Banane is a main dish with green bananas and fish, coconut milk. Serve Main ingredients from the saved recipe: green bananas and fish, oil, onion, tomatoes, coconut milk, stock or water, salt and pepper. Show the finished dish with the correct texture, cooking method and serving form. Natural window light, simple neutral table, realistic food colour, an appetising three-quarter view, entire main plate inside the central 80% for card cropping. Landscape 1200x800. No words, labels, lettering, flags, logos, watermarks, collage or UI. Do not replace the dish with a generic stew or invent decorative ingredients.  Deliver WebP under the exact destination filename."
"5","recipe-kisra-south-sudan-ss","recipe-hero","75","South Sudanese Kisra","/tools/afrokitchen/recipes/kisra-south-sudan-ss/","/assets/img/kitchen/kisra-south-sudan-ss.webp","1200x800","","South Sudanese Kisra from South Sudan","true","pending","Recipe has no local hero in any supported extension.","Create one realistic editorial food photograph of South Sudanese Kisra from South Sudan. Recipe brief: South Sudanese Kisra is a bread with sorghum flour, fermented batter. Serve Main ingredients from the saved recipe: sorghum flour, salt, sugar, warm water or coconut milk, fermented batter, oil. Show the finished dish with the correct texture, cooking method and serving form. Natural window light, simple neutral table, realistic food colour, an appetising three-quarter view, entire main plate inside the central 80% for card cropping. Landscape 1200x800. No words, labels, lettering, flags, logos, watermarks, collage or UI. Do not replace the dish with a generic stew or invent decorative ingredients.  Deliver WebP under the exact destination filename."
"6","recipe-koba-mg","recipe-hero","75","Koba","/tools/afrokitchen/recipes/koba-mg/","/assets/img/kitchen/koba-mg.webp","1200x800","","Koba from Madagascar","true","pending","Recipe has no local hero in any supported extension.","Create one realistic editorial food photograph of Koba from Madagascar. Recipe brief: Koba is a dessert with rice flour and peanuts, banana and honey. Serve Main ingredients from the saved recipe: rice flour and peanuts, sugar or honey, banana and honey, vanilla, cardamom, or nutmeg, eggs or ripe bananas, oil or butter. Show the finished dish with the correct texture, cooking method and serving form. Natural window light, simple neutral table, realistic food colour, an appetising three-quarter view, entire main plate inside the central 80% for card cropping. Landscape 1200x800. No words, labels, lettering, flags, logos, watermarks, collage or UI. Do not replace the dish with a generic stew or invent decorative ingredients.  Deliver WebP under the exact destination filename."
"7","recipe-kunu-zaki-ng","recipe-hero","75","Kunu Zaki","/tools/afrokitchen/recipes/kunu-zaki-ng/","/assets/img/kitchen/kunu-zaki-ng.webp","1200x800","","Kunu Zaki from Nigeria","true","pending","Recipe has no local hero in any supported extension.","Create one realistic editorial food photograph of Kunu Zaki from Nigeria. Recipe brief: Kunu Zaki is a drink with millet or sorghum, ginger, cloves, and sweet potato. Serve Main ingredients from the saved recipe: millet or sorghum, clean water, ginger, cloves, and sweet potato, sugar or honey, salt. Show the finished dish with the correct texture, cooking method and serving form. Natural window light, simple neutral table, realistic food colour, an appetising three-quarter view, entire main plate inside the central 80% for card cropping. Landscape 1200x800. No words, labels, lettering, flags, logos, watermarks, collage or UI. Do not replace the dish with a generic stew or invent decorative ingredients.  Deliver WebP under the exact destination filename."
"8","recipe-latchiri-kossan-gn","recipe-hero","75","Latchiri Kossan","/tools/afrokitchen/recipes/latchiri-kossan-gn/","/assets/img/kitchen/latchiri-kossan-gn.webp","1200x800","","Latchiri Kossan from Guinea","true","pending","Recipe has no local hero in any supported extension.","Create one realistic editorial food photograph of Latchiri Kossan from Guinea. Recipe brief: Latchiri Kossan is a breakfast with couscous or millet grains, sour milk. Serve Main ingredients from the saved recipe: couscous or millet grains, water, sour milk, salt, butter, oil, or sugar. Show the finished dish with the correct texture, cooking method and serving form. Natural window light, simple neutral table, realistic food colour, an appetising three-quarter view, entire main plate inside the central 80% for card cropping. Landscape 1200x800. No words, labels, lettering, flags, logos, watermarks, collage or UI. Do not replace the dish with a generic stew or invent decorative ingredients.  Deliver WebP under the exact destination filename."
"9","recipe-maheu-zm","recipe-hero","75","Zambian Maheu","/tools/afrokitchen/recipes/maheu-zm/","/assets/img/kitchen/maheu-zm.webp","1200x800","","Zambian Maheu from Zambia","true","pending","Recipe has no local hero in any supported extension.","Create one realistic editorial food photograph of Zambian Maheu from Zambia. Recipe brief: Zambian Maheu is a drink with maize meal, malted grain or sugar. Serve Main ingredients from the saved recipe: maize meal, clean water, malted grain or sugar, sugar or honey, salt. Show the finished dish with the correct texture, cooking method and serving form. Natural window light, simple neutral table, realistic food colour, an appetising three-quarter view, entire main plate inside the central 80% for card cropping. Landscape 1200x800. No words, labels, lettering, flags, logos, watermarks, collage or UI. Do not replace the dish with a generic stew or invent decorative ingredients.  Deliver WebP under the exact destination filename."
"10","recipe-mandazi-tanzania-tz","recipe-hero","75","Tanzanian Mandazi","/tools/afrokitchen/recipes/mandazi-tanzania-tz/","/assets/img/kitchen/mandazi-tanzania-tz.webp","1200x800","","Tanzanian Mandazi from Tanzania","true","pending","Recipe has no local hero in any supported extension.","Create one realistic editorial food photograph of Tanzanian Mandazi from Tanzania. Recipe brief: Tanzanian Mandazi is a snack with wheat flour, coconut milk and cardamom. Serve Main ingredients from the saved recipe: wheat flour, egg or flax slurry, coconut milk and cardamom, salt, water, oil. Show the finished dish with the correct texture, cooking method and serving form. Natural window light, simple neutral table, realistic food colour, an appetising three-quarter view, entire main plate inside the central 80% for card cropping. Landscape 1200x800. No words, labels, lettering, flags, logos, watermarks, collage or UI. Do not replace the dish with a generic stew or invent decorative ingredients.  Deliver WebP under the exact destination filename."
"11","recipe-mchemsho-tz","recipe-hero","75","Mchemsho","/tools/afrokitchen/recipes/mchemsho-tz/","/assets/img/kitchen/mchemsho-tz.webp","1200x800","","Mchemsho from Tanzania","true","pending","Recipe has no local hero in any supported extension.","Create one realistic editorial food photograph of Mchemsho from Tanzania. Recipe brief: Mchemsho is a main dish with beef, chicken, or fish, green banana and vegetables. Serve Main ingredients from the saved recipe: beef, chicken, or fish, oil, onion, tomatoes, green banana and vegetables, stock or water, salt and pepper. Show the finished dish with the correct texture, cooking method and serving form. Natural window light, simple neutral table, realistic food colour, an appetising three-quarter view, entire main plate inside the central 80% for card cropping. Landscape 1200x800. No words, labels, lettering, flags, logos, watermarks, collage or UI. Do not replace the dish with a generic stew or invent decorative ingredients.  Deliver WebP under the exact destination filename."
"12","recipe-ndizi-nyama-tz","recipe-hero","75","Ndizi na Nyama","/tools/afrokitchen/recipes/ndizi-nyama-tz/","/assets/img/kitchen/ndizi-nyama-tz.webp","1200x800","","Ndizi na Nyama from Tanzania","true","pending","Recipe has no local hero in any supported extension.","Create one realistic editorial food photograph of Ndizi na Nyama from Tanzania. Recipe brief: Ndizi na Nyama is a main dish with green bananas and beef, coconut milk and tomato. Serve Main ingredients from the saved recipe: green bananas and beef, oil, onion, tomatoes, coconut milk and tomato, stock or water, salt and pepper. Show the finished dish with the correct texture, cooking method and serving form. Natural window light, simple neutral table, realistic food colour, an appetising three-quarter view, entire main plate inside the central 80% for card cropping. Landscape 1200x800. No words, labels, lettering, flags, logos, watermarks, collage or UI. Do not replace the dish with a generic stew or invent decorative ingredients.  Deliver WebP under the exact destination filename."
"13","recipe-octopus-curry-sc","recipe-hero","75","Octopus Curry","/tools/afrokitchen/recipes/octopus-curry-sc/","/assets/img/kitchen/octopus-curry-sc.webp","1200x800","","Octopus Curry from Seychelles","true","pending","Recipe has no local hero in any supported extension.","Create one realistic editorial food photograph of Octopus Curry from Seychelles. Recipe brief: Octopus Curry is a seafood with octopus, masala and coconut milk. Serve Main ingredients from the saved recipe: octopus, oil, onion, garlic, masala and coconut milk, coconut milk, stock, or tomato sauce, salt and chili. Show the finished dish with the correct texture, cooking method and serving form. Natural window light, simple neutral table, realistic food colour, an appetising three-quarter view, entire main plate inside the central 80% for card cropping. Landscape 1200x800. No words, labels, lettering, flags, logos, watermarks, collage or UI. Do not replace the dish with a generic stew or invent decorative ingredients.  Deliver WebP under the exact destination filename."
"14","recipe-oleleh-sl","recipe-hero","75","Oleleh","/tools/afrokitchen/recipes/oleleh-sl/","/assets/img/kitchen/oleleh-sl.webp","1200x800","","Oleleh from Sierra Leone","true","pending","Recipe has no local hero in any supported extension.","Create one realistic editorial food photograph of Oleleh from Sierra Leone. Recipe brief: Oleleh is a snack with black-eyed pea paste, palm oil and onion. Serve Main ingredients from the saved recipe: black-eyed pea paste, egg or flax slurry, palm oil and onion, salt, water, oil. Show the finished dish with the correct texture, cooking method and serving form. Natural window light, simple neutral table, realistic food colour, an appetising three-quarter view, entire main plate inside the central 80% for card cropping. Landscape 1200x800. No words, labels, lettering, flags, logos, watermarks, collage or UI. Do not replace the dish with a generic stew or invent decorative ingredients.  Deliver WebP under the exact destination filename."
"15","recipe-serving-bobotie-za","recipe-serving-detail","55","Bobotie — serving detail","/tools/afrokitchen/recipes/bobotie-za/","/assets/img/kitchen/bobotie-za-2.webp","1200x800","/assets/img/kitchen/bobotie-za.webp","Serving detail of Bobotie","true","pending","Local hero exists, but the serving-detail slot -2 is absent in every extension.","Create a second editorial food photograph of Bobotie from South Africa, using the existing hero /assets/img/kitchen/bobotie-za.webp as the visual reference for the same dish, ingredients, tableware and lighting. Recipe brief: South African bobotie, curried mince with soaked bread, chutney, sultanas, bay leaves, and a golden egg custard topping.. Show a closer serving view that reveals the interior or texture, using a serving utensil appropriate to the food; do not merely crop or duplicate the hero. Keep the portion believable and appetising, with no extra ingredients unsupported by the recipe. Landscape 1200x800, natural window light, realistic colour, main portion safely within central 80%. No text, numbers, labels, flags, logos, watermark, collage or UI. Deliver WebP with exact destination filename."
"16","recipe-serving-bunny-chow-za","recipe-serving-detail","55","Bunny Chow — serving detail","/tools/afrokitchen/recipes/bunny-chow-za/","/assets/img/kitchen/bunny-chow-za-2.webp","1200x800","/assets/img/kitchen/bunny-chow-za.webp","Serving detail of Bunny Chow","true","pending","Local hero exists, but the serving-detail slot -2 is absent in every extension.","Create a second editorial food photograph of Bunny Chow from South Africa, using the existing hero /assets/img/kitchen/bunny-chow-za.webp as the visual reference for the same dish, ingredients, tableware and lighting. Recipe brief: Durban bunny chow, a hollowed loaf filled with lamb, chicken, bean, or vegetable curry and served with the bread lid for scooping.. Show a closer serving view that reveals the interior or texture, using a serving utensil appropriate to the food; do not merely crop or duplicate the hero. Keep the portion believable and appetising, with no extra ingredients unsupported by the recipe. Landscape 1200x800, natural window light, realistic colour, main portion safely within central 80%. No text, numbers, labels, flags, logos, watermark, collage or UI. Deliver WebP with exact destination filename."
"17","recipe-serving-cachupa-rica-cv","recipe-serving-detail","55","Cachupa Rica — serving detail","/tools/afrokitchen/recipes/cachupa-rica-cv/","/assets/img/kitchen/cachupa-rica-cv-2.webp","1200x800","/assets/img/kitchen/cachupa-rica-cv.webp","Serving detail of Cachupa Rica","true","pending","Local hero exists, but the serving-detail slot -2 is absent in every extension.","Create a second editorial food photograph of Cachupa Rica from Cape Verde, using the existing hero /assets/img/kitchen/cachupa-rica-cv.webp as the visual reference for the same dish, ingredients, tableware and lighting. Recipe brief: Cape Verde's national dish — a rich, slow-cooked stew of hominy corn, beans, and multiple meats and sausages. The ""rica"" (rich) version is the celebratory feast edition.. Show a closer serving view that reveals the interior or texture, using a serving utensil appropriate to the food; do not merely crop or duplicate the hero. Keep the portion believable and appetising, with no extra ingredients unsupported by the recipe. Landscape 1200x800, natural window light, realistic colour, main portion safely within central 80%. No text, numbers, labels, flags, logos, watermark, collage or UI. Deliver WebP with exact destination filename."
"18","recipe-serving-caldo-de-mancarra-gw","recipe-serving-detail","55","Caldo de Mancarra — serving detail","/tools/afrokitchen/recipes/caldo-de-mancarra-gw/","/assets/img/kitchen/caldo-de-mancarra-gw-2.webp","1200x800","/assets/img/kitchen/caldo-de-mancarra-gw.webp","Serving detail of Caldo de Mancarra","true","pending","Local hero exists, but the serving-detail slot -2 is absent in every extension.","Create a second editorial food photograph of Caldo de Mancarra from Guinea-Bissau, using the existing hero /assets/img/kitchen/caldo-de-mancarra-gw.webp as the visual reference for the same dish, ingredients, tableware and lighting. Recipe brief: Guinea-Bissau peanut broth with chicken, tomato, sweet potato, ginger, chile, and a creamy mancarra sauce for rice.. Show a closer serving view that reveals the interior or texture, using a serving utensil appropriate to the food; do not merely crop or duplicate the hero. Keep the portion believable and appetising, with no extra ingredients unsupported by the recipe. Landscape 1200x800, natural window light, realistic colour, main portion safely within central 80%. No text, numbers, labels, flags, logos, watermark, collage or UI. Deliver WebP with exact destination filename."
"19","recipe-serving-calulu-st","recipe-serving-detail","55","Calulu — serving detail","/tools/afrokitchen/recipes/calulu-st/","/assets/img/kitchen/calulu-st-2.webp","1200x800","/assets/img/kitchen/calulu-st.webp","Serving detail of Calulu","true","pending","Local hero exists, but the serving-detail slot -2 is absent in every extension.","Create a second editorial food photograph of Calulu from São Tomé and Príncipe, using the existing hero /assets/img/kitchen/calulu-st.webp as the visual reference for the same dish, ingredients, tableware and lighting. Recipe brief: São Toméan calulu, dried or smoked fish slowly stewed with okra, tomatoes, eggplant, greens, garlic, chile, and palm oil.. Show a closer serving view that reveals the interior or texture, using a serving utensil appropriate to the food; do not merely crop or duplicate the hero. Keep the portion believable and appetising, with no extra ingredients unsupported by the recipe. Landscape 1200x800, natural window light, realistic colour, main portion safely within central 80%. No text, numbers, labels, flags, logos, watermark, collage or UI. Deliver WebP with exact destination filename."
"20","recipe-serving-cassava-leaf-stew-sl","recipe-serving-detail","55","Cassava Leaf Stew — serving detail","/tools/afrokitchen/recipes/cassava-leaf-stew-sl/","/assets/img/kitchen/cassava-leaf-stew-sl-2.webp","1200x800","/assets/img/kitchen/cassava-leaf-stew-sl.webp","Serving detail of Cassava Leaf Stew","true","pending","Local hero exists, but the serving-detail slot -2 is absent in every extension.","Create a second editorial food photograph of Cassava Leaf Stew from Sierra Leone, using the existing hero /assets/img/kitchen/cassava-leaf-stew-sl.webp as the visual reference for the same dish, ingredients, tableware and lighting. Recipe brief: Sierra Leonean cassava leaf stew with palm oil, beef or chicken, smoked fish, groundnut, onion, garlic, and chile.. Show a closer serving view that reveals the interior or texture, using a serving utensil appropriate to the food; do not merely crop or duplicate the hero. Keep the portion believable and appetising, with no extra ingredients unsupported by the recipe. Landscape 1200x800, natural window light, realistic colour, main portion safely within central 80%. No text, numbers, labels, flags, logos, watermark, collage or UI. Deliver WebP with exact destination filename."
"21","recipe-serving-chicken-tagine-preserved-lemons-ma","recipe-serving-detail","55","Chicken Tagine with Preserved Lemons & Olives — serving detail","/tools/afrokitchen/recipes/chicken-tagine-preserved-lemons-ma/","/assets/img/kitchen/chicken-tagine-preserved-lemons-ma-2.webp","1200x800","/assets/img/kitchen/chicken-tagine-preserved-lemons-ma.webp","Serving detail of Chicken Tagine with Preserved Lemons & Olives","true","pending","Local hero exists, but the serving-detail slot -2 is absent in every extension.","Create a second editorial food photograph of Chicken Tagine with Preserved Lemons & Olives from Morocco, using the existing hero /assets/img/kitchen/chicken-tagine-preserved-lemons-ma.webp as the visual reference for the same dish, ingredients, tableware and lighting. Recipe brief: Moroccan chicken tagine with preserved lemons, olives, saffron, turmeric, onion, parsley, and cilantro.. Show a closer serving view that reveals the interior or texture, using a serving utensil appropriate to the food; do not merely crop or duplicate the hero. Keep the portion believable and appetising, with no extra ingredients unsupported by the recipe. Landscape 1200x800, natural window light, realistic colour, main portion safely within central 80%. No text, numbers, labels, flags, logos, watermark, collage or UI. Deliver WebP with exact destination filename."
"22","recipe-serving-chocolate-quente-st","recipe-serving-detail","55","Sao Tomean Hot Chocolate — serving detail","/tools/afrokitchen/recipes/chocolate-quente-st/","/assets/img/kitchen/chocolate-quente-st-2.webp","1200x800","/assets/img/kitchen/chocolate-quente-st.webp","Serving detail of Sao Tomean Hot Chocolate","true","pending","Local hero exists, but the serving-detail slot -2 is absent in every extension.","Create a second editorial food photograph of Sao Tomean Hot Chocolate from São Tomé and Príncipe, using the existing hero /assets/img/kitchen/chocolate-quente-st.webp as the visual reference for the same dish, ingredients, tableware and lighting. Recipe brief: São Tomé cacao hot chocolate made with dark chocolate or cacao mass, milk or water, cinnamon, vanilla, sugar, and a pinch of salt.. Show a closer serving view that reveals the interior or texture, using a serving utensil appropriate to the food; do not merely crop or duplicate the hero. Keep the portion believable and appetising, with no extra ingredients unsupported by the recipe. Landscape 1200x800, natural window light, realistic colour, main portion safely within central 80%. No text, numbers, labels, flags, logos, watermark, collage or UI. Deliver WebP with exact destination filename."
"23","recipe-serving-dambou-ne","recipe-serving-detail","55","Dambou — serving detail","/tools/afrokitchen/recipes/dambou-ne/","/assets/img/kitchen/dambou-ne-2.webp","1200x800","/assets/img/kitchen/dambou-ne.webp","Serving detail of Dambou","true","pending","Local hero exists, but the serving-detail slot -2 is absent in every extension.","Create a second editorial food photograph of Dambou from Niger, using the existing hero /assets/img/kitchen/dambou-ne.webp as the visual reference for the same dish, ingredients, tableware and lighting. Recipe brief: Nigerien dambou, steamed millet or couscous grains mixed with moringa leaves, onion, chile, oil, and crushed peanuts.. Show a closer serving view that reveals the interior or texture, using a serving utensil appropriate to the food; do not merely crop or duplicate the hero. Keep the portion believable and appetising, with no extra ingredients unsupported by the recipe. Landscape 1200x800, natural window light, realistic colour, main portion safely within central 80%. No text, numbers, labels, flags, logos, watermark, collage or UI. Deliver WebP with exact destination filename."
"24","recipe-serving-daraba-td","recipe-serving-detail","55","Daraba — serving detail","/tools/afrokitchen/recipes/daraba-td/","/assets/img/kitchen/daraba-td-2.webp","1200x800","/assets/img/kitchen/daraba-td.webp","Serving detail of Daraba","true","pending","Local hero exists, but the serving-detail slot -2 is absent in every extension.","Create a second editorial food photograph of Daraba from Chad, using the existing hero /assets/img/kitchen/daraba-td.webp as the visual reference for the same dish, ingredients, tableware and lighting. Recipe brief: A Chadian peanut-okra stew with greens, tomato, sweet potato, and a creamy sauce made for boule or rice.. Show a closer serving view that reveals the interior or texture, using a serving utensil appropriate to the food; do not merely crop or duplicate the hero. Keep the portion believable and appetising, with no extra ingredients unsupported by the recipe. Landscape 1200x800, natural window light, realistic colour, main portion safely within central 80%. No text, numbers, labels, flags, logos, watermark, collage or UI. Deliver WebP with exact destination filename."
"25","recipe-serving-domoda-gm","recipe-serving-detail","55","Domoda — serving detail","/tools/afrokitchen/recipes/domoda-gm/","/assets/img/kitchen/domoda-gm-2.webp","1200x800","/assets/img/kitchen/domoda-gm.webp","Serving detail of Domoda","true","pending","Local hero exists, but the serving-detail slot -2 is absent in every extension.","Create a second editorial food photograph of Domoda from Gambia, using the existing hero /assets/img/kitchen/domoda-gm.webp as the visual reference for the same dish, ingredients, tableware and lighting. Recipe brief: Gambian groundnut stew with beef, tomato, pumpkin, chile, lemon, and a creamy peanut sauce served over rice.. Show a closer serving view that reveals the interior or texture, using a serving utensil appropriate to the food; do not merely crop or duplicate the hero. Keep the portion believable and appetising, with no extra ingredients unsupported by the recipe. Landscape 1200x800, natural window light, realistic colour, main portion safely within central 80%. No text, numbers, labels, flags, logos, watermark, collage or UI. Deliver WebP with exact destination filename."
"26","recipe-serving-doro-wat","recipe-serving-detail","55","Doro Wat — serving detail","/tools/afrokitchen/recipes/doro-wat/","/assets/img/kitchen/doro-wat-2.webp","1200x800","/assets/img/kitchen/doro-wat.webp","Serving detail of Doro Wat","true","pending","Local hero exists, but the serving-detail slot -2 is absent in every extension.","Create a second editorial food photograph of Doro Wat from Ethiopia, using the existing hero /assets/img/kitchen/doro-wat.webp as the visual reference for the same dish, ingredients, tableware and lighting. Recipe brief: Ethiopian chicken and egg stew built on slow-cooked onions, berbere, tomato paste, and niter kibbeh.. Show a closer serving view that reveals the interior or texture, using a serving utensil appropriate to the food; do not merely crop or duplicate the hero. Keep the portion believable and appetising, with no extra ingredients unsupported by the recipe. Landscape 1200x800, natural window light, realistic colour, main portion safely within central 80%. No text, numbers, labels, flags, logos, watermark, collage or UI. Deliver WebP with exact destination filename."
"27","recipe-serving-dovi-zw","recipe-serving-detail","55","Dovi — serving detail","/tools/afrokitchen/recipes/dovi-zw/","/assets/img/kitchen/dovi-zw-2.webp","1200x800","/assets/img/kitchen/dovi-zw.webp","Serving detail of Dovi","true","pending","Local hero exists, but the serving-detail slot -2 is absent in every extension.","Create a second editorial food photograph of Dovi from Zimbabwe, using the existing hero /assets/img/kitchen/dovi-zw.webp as the visual reference for the same dish, ingredients, tableware and lighting. Recipe brief: Zimbabwean dovi, chicken stewed with peanut butter, tomatoes, onion, garlic, ginger, pepper, and pumpkin leaves or spinach.. Show a closer serving view that reveals the interior or texture, using a serving utensil appropriate to the food; do not merely crop or duplicate the hero. Keep the portion believable and appetising, with no extra ingredients unsupported by the recipe. Landscape 1200x800, natural window light, realistic colour, main portion safely within central 80%. No text, numbers, labels, flags, logos, watermark, collage or UI. Deliver WebP with exact destination filename."
"28","recipe-serving-ful-medames-sd","recipe-serving-detail","55","Ful Medames — serving detail","/tools/afrokitchen/recipes/ful-medames-sd/","/assets/img/kitchen/ful-medames-sd-2.webp","1200x800","/assets/img/kitchen/ful-medames-sd.webp","Serving detail of Ful Medames","true","pending","Local hero exists, but the serving-detail slot -2 is absent in every extension.","Create a second editorial food photograph of Ful Medames from Sudan, using the existing hero /assets/img/kitchen/ful-medames-sd.webp as the visual reference for the same dish, ingredients, tableware and lighting. Recipe brief: Sudanese ful medames, slow-cooked fava beans mashed with cumin, lemon, garlic, onion, chile, and sesame oil.. Show a closer serving view that reveals the interior or texture, using a serving utensil appropriate to the food; do not merely crop or duplicate the hero. Keep the portion believable and appetising, with no extra ingredients unsupported by the recipe. Landscape 1200x800, natural window light, realistic colour, main portion safely within central 80%. No text, numbers, labels, flags, logos, watermark, collage or UI. Deliver WebP with exact destination filename."
"29","recipe-serving-gozo-cf","recipe-serving-detail","55","Gozo — serving detail","/tools/afrokitchen/recipes/gozo-cf/","/assets/img/kitchen/gozo-cf-2.webp","1200x800","/assets/img/kitchen/gozo-cf.webp","Serving detail of Gozo","true","pending","Local hero exists, but the serving-detail slot -2 is absent in every extension.","Create a second editorial food photograph of Gozo from Central African Republic, using the existing hero /assets/img/kitchen/gozo-cf.webp as the visual reference for the same dish, ingredients, tableware and lighting. Recipe brief: A thick, stiff cassava flour porridge that serves as the staple base for most Central African meals. Smooth, stretchy, and perfect for scooping up stews and sauces.. Show a closer serving view that reveals the interior or texture, using a serving utensil appropriate to the food; do not merely crop or duplicate the hero. Keep the portion believable and appetising, with no extra ingredients unsupported by the recipe. Landscape 1200x800, natural window light, realistic colour, main portion safely within central 80%. No text, numbers, labels, flags, logos, watermark, collage or UI. Deliver WebP with exact destination filename."
"30","recipe-serving-jollof-rice-gh","recipe-serving-detail","55","Ghanaian Jollof Rice — serving detail","/tools/afrokitchen/recipes/jollof-rice-gh/","/assets/img/kitchen/jollof-rice-gh-2.webp","1200x800","/assets/img/kitchen/jollof-rice-gh.webp","Serving detail of Ghanaian Jollof Rice","true","pending","Local hero exists, but the serving-detail slot -2 is absent in every extension.","Create a second editorial food photograph of Ghanaian Jollof Rice from Ghana, using the existing hero /assets/img/kitchen/jollof-rice-gh.webp as the visual reference for the same dish, ingredients, tableware and lighting. Recipe brief: Ghanaian jollof rice with basmati rice steamed in a reduced tomato, onion, ginger, garlic, chile, and bay-leaf stew.. Show a closer serving view that reveals the interior or texture, using a serving utensil appropriate to the food; do not merely crop or duplicate the hero. Keep the portion believable and appetising, with no extra ingredients unsupported by the recipe. Landscape 1200x800, natural window light, realistic colour, main portion safely within central 80%. No text, numbers, labels, flags, logos, watermark, collage or UI. Deliver WebP with exact destination filename."
"31","recipe-serving-kedjenou-ci","recipe-serving-detail","55","Kedjenou — serving detail","/tools/afrokitchen/recipes/kedjenou-ci/","/assets/img/kitchen/kedjenou-ci-2.webp","1200x800","/assets/img/kitchen/kedjenou-ci.webp","Serving detail of Kedjenou","true","pending","Local hero exists, but the serving-detail slot -2 is absent in every extension.","Create a second editorial food photograph of Kedjenou from Ivory Coast, using the existing hero /assets/img/kitchen/kedjenou-ci.webp as the visual reference for the same dish, ingredients, tableware and lighting. Recipe brief: A slow-cooked chicken stew made without any added water — the chicken and vegetables steam in their own juices with aromatic herbs and spices.. Show a closer serving view that reveals the interior or texture, using a serving utensil appropriate to the food; do not merely crop or duplicate the hero. Keep the portion believable and appetising, with no extra ingredients unsupported by the recipe. Landscape 1200x800, natural window light, realistic colour, main portion safely within central 80%. No text, numbers, labels, flags, logos, watermark, collage or UI. Deliver WebP with exact destination filename."
"32","recipe-serving-koklo-meme-tg","recipe-serving-detail","55","Koklo Meme — serving detail","/tools/afrokitchen/recipes/koklo-meme-tg/","/assets/img/kitchen/koklo-meme-tg-2.webp","1200x800","/assets/img/kitchen/koklo-meme-tg.webp","Serving detail of Koklo Meme","true","pending","Local hero exists, but the serving-detail slot -2 is absent in every extension.","Create a second editorial food photograph of Koklo Meme from Togo, using the existing hero /assets/img/kitchen/koklo-meme-tg.webp as the visual reference for the same dish, ingredients, tableware and lighting. Recipe brief: Togolese koklo meme, charcoal-grilled chicken marinated with ginger, garlic, chile, lime, oil, salt, and pepper.. Show a closer serving view that reveals the interior or texture, using a serving utensil appropriate to the food; do not merely crop or duplicate the hero. Keep the portion believable and appetising, with no extra ingredients unsupported by the recipe. Landscape 1200x800, natural window light, realistic colour, main portion safely within central 80%. No text, numbers, labels, flags, logos, watermark, collage or UI. Deliver WebP with exact destination filename."
"33","recipe-serving-koshari-eg","recipe-serving-detail","55","Koshari — serving detail","/tools/afrokitchen/recipes/koshari-eg/","/assets/img/kitchen/koshari-eg-2.webp","1200x800","/assets/img/kitchen/koshari-eg.webp","Serving detail of Koshari","true","pending","Local hero exists, but the serving-detail slot -2 is absent in every extension.","Create a second editorial food photograph of Koshari from Egypt, using the existing hero /assets/img/kitchen/koshari-eg.webp as the visual reference for the same dish, ingredients, tableware and lighting. Recipe brief: Egypt's iconic street food — layers of rice, lentils, macaroni, and chickpeas topped with a spiced tomato sauce, garlicky vinegar dressing, and shatteringly crispy fried onions.. Show a closer serving view that reveals the interior or texture, using a serving utensil appropriate to the food; do not merely crop or duplicate the hero. Keep the portion believable and appetising, with no extra ingredients unsupported by the recipe. Landscape 1200x800, natural window light, realistic colour, main portion safely within central 80%. No text, numbers, labels, flags, logos, watermark, collage or UI. Deliver WebP with exact destination filename."
"34","recipe-serving-lablabi-tn","recipe-serving-detail","55","Lablabi — serving detail","/tools/afrokitchen/recipes/lablabi-tn/","/assets/img/kitchen/lablabi-tn-2.webp","1200x800","/assets/img/kitchen/lablabi-tn.webp","Serving detail of Lablabi","true","pending","Local hero exists, but the serving-detail slot -2 is absent in every extension.","Create a second editorial food photograph of Lablabi from Tunisia, using the existing hero /assets/img/kitchen/lablabi-tn.webp as the visual reference for the same dish, ingredients, tableware and lighting. Recipe brief: Tunisian lablabi, garlic-cumin chickpea broth ladled over torn bread with harissa, olive oil, lemon, capers, and optional egg or tuna.. Show a closer serving view that reveals the interior or texture, using a serving utensil appropriate to the food; do not merely crop or duplicate the hero. Keep the portion believable and appetising, with no extra ingredients unsupported by the recipe. Landscape 1200x800, natural window light, realistic colour, main portion safely within central 80%. No text, numbers, labels, flags, logos, watermark, collage or UI. Deliver WebP with exact destination filename."
"35","recipe-serving-moambe-chicken-cd","recipe-serving-detail","55","Moambe Chicken — serving detail","/tools/afrokitchen/recipes/moambe-chicken-cd/","/assets/img/kitchen/moambe-chicken-cd-2.webp","1200x800","/assets/img/kitchen/moambe-chicken-cd.webp","Serving detail of Moambe Chicken","true","pending","Local hero exists, but the serving-detail slot -2 is absent in every extension.","Create a second editorial food photograph of Moambe Chicken from Democratic Republic of Congo, using the existing hero /assets/img/kitchen/moambe-chicken-cd.webp as the visual reference for the same dish, ingredients, tableware and lighting. Recipe brief: Tender chicken simmered in palm nut sauce with tomato, onion, garlic, chile, and optional okra.. Show a closer serving view that reveals the interior or texture, using a serving utensil appropriate to the food; do not merely crop or duplicate the hero. Keep the portion believable and appetising, with no extra ingredients unsupported by the recipe. Landscape 1200x800, natural window light, realistic colour, main portion safely within central 80%. No text, numbers, labels, flags, logos, watermark, collage or UI. Deliver WebP with exact destination filename."
"36","recipe-serving-nyembwe-chicken-ga","recipe-serving-detail","55","Nyembwe Chicken — serving detail","/tools/afrokitchen/recipes/nyembwe-chicken-ga/","/assets/img/kitchen/nyembwe-chicken-ga-2.webp","1200x800","/assets/img/kitchen/nyembwe-chicken-ga.webp","Serving detail of Nyembwe Chicken","true","pending","Local hero exists, but the serving-detail slot -2 is absent in every extension.","Create a second editorial food photograph of Nyembwe Chicken from Gabon, using the existing hero /assets/img/kitchen/nyembwe-chicken-ga.webp as the visual reference for the same dish, ingredients, tableware and lighting. Recipe brief: Gabon's palm-nut chicken stew, simmered with onion, tomato, garlic, chile, and nyembwe sauce until rich and tender.. Show a closer serving view that reveals the interior or texture, using a serving utensil appropriate to the food; do not merely crop or duplicate the hero. Keep the portion believable and appetising, with no extra ingredients unsupported by the recipe. Landscape 1200x800, natural window light, realistic colour, main portion safely within central 80%. No text, numbers, labels, flags, logos, watermark, collage or UI. Deliver WebP with exact destination filename."
"37","recipe-serving-palm-butter-soup-lr","recipe-serving-detail","55","Palm Butter Soup — serving detail","/tools/afrokitchen/recipes/palm-butter-soup-lr/","/assets/img/kitchen/palm-butter-soup-lr-2.webp","1200x800","/assets/img/kitchen/palm-butter-soup-lr.webp","Serving detail of Palm Butter Soup","true","pending","Local hero exists, but the serving-detail slot -2 is absent in every extension.","Create a second editorial food photograph of Palm Butter Soup from Liberia, using the existing hero /assets/img/kitchen/palm-butter-soup-lr.webp as the visual reference for the same dish, ingredients, tableware and lighting. Recipe brief: Liberian palm butter soup with palm fruit concentrate, beef or goat, smoked fish, dried shrimp, chile, okra, and rice.. Show a closer serving view that reveals the interior or texture, using a serving utensil appropriate to the food; do not merely crop or duplicate the hero. Keep the portion believable and appetising, with no extra ingredients unsupported by the recipe. Landscape 1200x800, natural window light, realistic colour, main portion safely within central 80%. No text, numbers, labels, flags, logos, watermark, collage or UI. Deliver WebP with exact destination filename."
"38","recipe-serving-papa-le-moroho-ls","recipe-serving-detail","55","Papa le Moroho — serving detail","/tools/afrokitchen/recipes/papa-le-moroho-ls/","/assets/img/kitchen/papa-le-moroho-ls-2.webp","1200x800","/assets/img/kitchen/papa-le-moroho-ls.webp","Serving detail of Papa le Moroho","true","pending","Local hero exists, but the serving-detail slot -2 is absent in every extension.","Create a second editorial food photograph of Papa le Moroho from Lesotho, using the existing hero /assets/img/kitchen/papa-le-moroho-ls.webp as the visual reference for the same dish, ingredients, tableware and lighting. Recipe brief: Lesotho's everyday plate of firm maize papa served with moroho, leafy greens cooked with onion, tomato, oil, and salt.. Show a closer serving view that reveals the interior or texture, using a serving utensil appropriate to the food; do not merely crop or duplicate the hero. Keep the portion believable and appetising, with no extra ingredients unsupported by the recipe. Landscape 1200x800, natural window light, realistic colour, main portion safely within central 80%. No text, numbers, labels, flags, logos, watermark, collage or UI. Deliver WebP with exact destination filename."
"39","recipe-serving-potjiekos-na","recipe-serving-detail","55","Potjiekos — serving detail","/tools/afrokitchen/recipes/potjiekos-na/","/assets/img/kitchen/potjiekos-na-2.webp","1200x800","/assets/img/kitchen/potjiekos-na.webp","Serving detail of Potjiekos","true","pending","Local hero exists, but the serving-detail slot -2 is absent in every extension.","Create a second editorial food photograph of Potjiekos from Namibia, using the existing hero /assets/img/kitchen/potjiekos-na.webp as the visual reference for the same dish, ingredients, tableware and lighting. Recipe brief: Namibian potjiekos, a slow layered cast-iron stew of beef, onions, roots, vegetables, stock, and gentle fire.. Show a closer serving view that reveals the interior or texture, using a serving utensil appropriate to the food; do not merely crop or duplicate the hero. Keep the portion believable and appetising, with no extra ingredients unsupported by the recipe. Landscape 1200x800, natural window light, realistic colour, main portion safely within central 80%. No text, numbers, labels, flags, logos, watermark, collage or UI. Deliver WebP with exact destination filename."
"40","recipe-serving-poulet-moutarde-ga","recipe-serving-detail","55","Mustard Chicken — serving detail","/tools/afrokitchen/recipes/poulet-moutarde-ga/","/assets/img/kitchen/poulet-moutarde-ga-2.webp","1200x800","/assets/img/kitchen/poulet-moutarde-ga.webp","Serving detail of Mustard Chicken","true","pending","Local hero exists, but the serving-detail slot -2 is absent in every extension.","Create a second editorial food photograph of Mustard Chicken from Gabon, using the existing hero /assets/img/kitchen/poulet-moutarde-ga.webp as the visual reference for the same dish, ingredients, tableware and lighting. Recipe brief: Gabonese-style mustard chicken marinated with lemon, garlic, onion, chile, salt, and pepper, then roasted until golden.. Show a closer serving view that reveals the interior or texture, using a serving utensil appropriate to the food; do not merely crop or duplicate the hero. Keep the portion believable and appetising, with no extra ingredients unsupported by the recipe. Landscape 1200x800, natural window light, realistic colour, main portion safely within central 80%. No text, numbers, labels, flags, logos, watermark, collage or UI. Deliver WebP with exact destination filename."
"41","recipe-serving-poulet-muambe-cg","recipe-serving-detail","55","Poulet à la Muambé — serving detail","/tools/afrokitchen/recipes/poulet-muambe-cg/","/assets/img/kitchen/poulet-muambe-cg-2.webp","1200x800","/assets/img/kitchen/poulet-muambe-cg.webp","Serving detail of Poulet à la Muambé","true","pending","Local hero exists, but the serving-detail slot -2 is absent in every extension.","Create a second editorial food photograph of Poulet à la Muambé from Republic of Congo, using the existing hero /assets/img/kitchen/poulet-muambe-cg.webp as the visual reference for the same dish, ingredients, tableware and lighting. Recipe brief: Congolese poulet à la muambé, chicken braised in palm butter sauce with tomato, garlic, chile, bay leaf, and okra.. Show a closer serving view that reveals the interior or texture, using a serving utensil appropriate to the food; do not merely crop or duplicate the hero. Keep the portion believable and appetising, with no extra ingredients unsupported by the recipe. Landscape 1200x800, natural window light, realistic colour, main portion safely within central 80%. No text, numbers, labels, flags, logos, watermark, collage or UI. Deliver WebP with exact destination filename."
"42","recipe-serving-poulet-yassa-gn","recipe-serving-detail","55","Guinean Chicken Yassa — serving detail","/tools/afrokitchen/recipes/poulet-yassa-gn/","/assets/img/kitchen/poulet-yassa-gn-2.webp","1200x800","/assets/img/kitchen/poulet-yassa-gn.webp","Serving detail of Guinean Chicken Yassa","true","pending","Local hero exists, but the serving-detail slot -2 is absent in every extension.","Create a second editorial food photograph of Guinean Chicken Yassa from Guinea, using the existing hero /assets/img/kitchen/poulet-yassa-gn.webp as the visual reference for the same dish, ingredients, tableware and lighting. Recipe brief: Guinean-style chicken yassa with lime, ginger, mustard, garlic, hot pepper, and plenty of slow-cooked onions.. Show a closer serving view that reveals the interior or texture, using a serving utensil appropriate to the food; do not merely crop or duplicate the hero. Keep the portion believable and appetising, with no extra ingredients unsupported by the recipe. Landscape 1200x800, natural window light, realistic colour, main portion safely within central 80%. No text, numbers, labels, flags, logos, watermark, collage or UI. Deliver WebP with exact destination filename."
"43","recipe-serving-sadza-nenyama-zw","recipe-serving-detail","55","Sadza neNyama — serving detail","/tools/afrokitchen/recipes/sadza-nenyama-zw/","/assets/img/kitchen/sadza-nenyama-zw-2.webp","1200x800","/assets/img/kitchen/sadza-nenyama-zw.webp","Serving detail of Sadza neNyama","true","pending","Local hero exists, but the serving-detail slot -2 is absent in every extension.","Create a second editorial food photograph of Sadza neNyama from Zimbabwe, using the existing hero /assets/img/kitchen/sadza-nenyama-zw.webp as the visual reference for the same dish, ingredients, tableware and lighting. Recipe brief: Zimbabwean sadza ne nyama, thick maize sadza served with slow-cooked beef, tomato, onion, and garlic gravy.. Show a closer serving view that reveals the interior or texture, using a serving utensil appropriate to the food; do not merely crop or duplicate the hero. Keep the portion believable and appetising, with no extra ingredients unsupported by the recipe. Landscape 1200x800, natural window light, realistic colour, main portion safely within central 80%. No text, numbers, labels, flags, logos, watermark, collage or UI. Deliver WebP with exact destination filename."
"44","recipe-serving-sahrawi-camel-stew-eh","recipe-serving-detail","55","Sahrawi Camel Meat Stew — serving detail","/tools/afrokitchen/recipes/sahrawi-camel-stew-eh/","/assets/img/kitchen/sahrawi-camel-stew-eh-2.webp","1200x800","/assets/img/kitchen/sahrawi-camel-stew-eh.webp","Serving detail of Sahrawi Camel Meat Stew","true","pending","Local hero exists, but the serving-detail slot -2 is absent in every extension.","Create a second editorial food photograph of Sahrawi Camel Meat Stew from Western Sahara, using the existing hero /assets/img/kitchen/sahrawi-camel-stew-eh.webp as the visual reference for the same dish, ingredients, tableware and lighting. Recipe brief: Sahrawi-style camel meat stew with onions, garlic, tomatoes, potatoes, cumin, coriander, and slow desert cooking.. Show a closer serving view that reveals the interior or texture, using a serving utensil appropriate to the food; do not merely crop or duplicate the hero. Keep the portion believable and appetising, with no extra ingredients unsupported by the recipe. Landscape 1200x800, natural window light, realistic colour, main portion safely within central 80%. No text, numbers, labels, flags, logos, watermark, collage or UI. Deliver WebP with exact destination filename."
"45","recipe-serving-sahrawi-mint-tea-eh","recipe-serving-detail","55","Sahrawi Mint Tea — serving detail","/tools/afrokitchen/recipes/sahrawi-mint-tea-eh/","/assets/img/kitchen/sahrawi-mint-tea-eh-2.webp","1200x800","/assets/img/kitchen/sahrawi-mint-tea-eh.webp","Serving detail of Sahrawi Mint Tea","true","pending","Local hero exists, but the serving-detail slot -2 is absent in every extension.","Create a second editorial food photograph of Sahrawi Mint Tea from Western Sahara, using the existing hero /assets/img/kitchen/sahrawi-mint-tea-eh.webp as the visual reference for the same dish, ingredients, tableware and lighting. Recipe brief: Sahrawi mint tea, strong gunpowder green tea with fresh mint and sugar, poured from height and served in three rounds.. Show a closer serving view that reveals the interior or texture, using a serving utensil appropriate to the food; do not merely crop or duplicate the hero. Keep the portion believable and appetising, with no extra ingredients unsupported by the recipe. Landscape 1200x800, natural window light, realistic colour, main portion safely within central 80%. No text, numbers, labels, flags, logos, watermark, collage or UI. Deliver WebP with exact destination filename."
"46","recipe-serving-sishwala-emasi-sz","recipe-serving-detail","55","Sishwala with Emasi — serving detail","/tools/afrokitchen/recipes/sishwala-emasi-sz/","/assets/img/kitchen/sishwala-emasi-sz-2.webp","1200x800","/assets/img/kitchen/sishwala-emasi-sz.webp","Serving detail of Sishwala with Emasi","true","pending","Local hero exists, but the serving-detail slot -2 is absent in every extension.","Create a second editorial food photograph of Sishwala with Emasi from Eswatini, using the existing hero /assets/img/kitchen/sishwala-emasi-sz.webp as the visual reference for the same dish, ingredients, tableware and lighting. Recipe brief: Thick Swazi maize porridge served with cool tangy emasi, the simple pairing that makes the plate complete.. Show a closer serving view that reveals the interior or texture, using a serving utensil appropriate to the food; do not merely crop or duplicate the hero. Keep the portion believable and appetising, with no extra ingredients unsupported by the recipe. Landscape 1200x800, natural window light, realistic colour, main portion safely within central 80%. No text, numbers, labels, flags, logos, watermark, collage or UI. Deliver WebP with exact destination filename."
"47","recipe-serving-succotash-gq","recipe-serving-detail","55","Succotash de Guinée — serving detail","/tools/afrokitchen/recipes/succotash-gq/","/assets/img/kitchen/succotash-gq-2.webp","1200x800","/assets/img/kitchen/succotash-gq.webp","Serving detail of Succotash de Guinée","true","pending","Local hero exists, but the serving-detail slot -2 is absent in every extension.","Create a second editorial food photograph of Succotash de Guinée from Equatorial Guinea, using the existing hero /assets/img/kitchen/succotash-gq.webp as the visual reference for the same dish, ingredients, tableware and lighting. Recipe brief: A colorful bean, corn, okra, and tomato stew cooked with palm oil and chile in an Equatoguinean home-style frame.. Show a closer serving view that reveals the interior or texture, using a serving utensil appropriate to the food; do not merely crop or duplicate the hero. Keep the portion believable and appetising, with no extra ingredients unsupported by the recipe. Landscape 1200x800, natural window light, realistic colour, main portion safely within central 80%. No text, numbers, labels, flags, logos, watermark, collage or UI. Deliver WebP with exact destination filename."
"48","recipe-serving-thieboudienne-mr","recipe-serving-detail","55","Mauritanian Fish Rice — serving detail","/tools/afrokitchen/recipes/thieboudienne-mr/","/assets/img/kitchen/thieboudienne-mr-2.webp","1200x800","/assets/img/kitchen/thieboudienne-mr.webp","Serving detail of Mauritanian Fish Rice","true","pending","Local hero exists, but the serving-detail slot -2 is absent in every extension.","Create a second editorial food photograph of Mauritanian Fish Rice from Mauritania, using the existing hero /assets/img/kitchen/thieboudienne-mr.webp as the visual reference for the same dish, ingredients, tableware and lighting. Recipe brief: Mauritanian fish rice with tomato-rich broth, fried fish, cabbage, carrots, eggplant, okra, and rice cooked in the sauce.. Show a closer serving view that reveals the interior or texture, using a serving utensil appropriate to the food; do not merely crop or duplicate the hero. Keep the portion believable and appetising, with no extra ingredients unsupported by the recipe. Landscape 1200x800, natural window light, realistic colour, main portion safely within central 80%. No text, numbers, labels, flags, logos, watermark, collage or UI. Deliver WebP with exact destination filename."
"49","recipe-serving-thieboudienne-sn","recipe-serving-detail","55","Thieboudienne — serving detail","/tools/afrokitchen/recipes/thieboudienne-sn/","/assets/img/kitchen/thieboudienne-sn-2.webp","1200x800","/assets/img/kitchen/thieboudienne-sn.webp","Serving detail of Thieboudienne","true","pending","Local hero exists, but the serving-detail slot -2 is absent in every extension.","Create a second editorial food photograph of Thieboudienne from Senegal, using the existing hero /assets/img/kitchen/thieboudienne-sn.webp as the visual reference for the same dish, ingredients, tableware and lighting. Recipe brief: Senegalese thieboudienne, fish stuffed with rof and served over tomato rice cooked with cabbage, cassava, carrot, eggplant, okra, tamarind, and dried fish.. Show a closer serving view that reveals the interior or texture, using a serving utensil appropriate to the food; do not merely crop or duplicate the hero. Keep the portion believable and appetising, with no extra ingredients unsupported by the recipe. Landscape 1200x800, natural window light, realistic colour, main portion safely within central 80%. No text, numbers, labels, flags, logos, watermark, collage or UI. Deliver WebP with exact destination filename."
"50","recipe-serving-tigadegena-ml","recipe-serving-detail","55","Tigadegena — serving detail","/tools/afrokitchen/recipes/tigadegena-ml/","/assets/img/kitchen/tigadegena-ml-2.webp","1200x800","/assets/img/kitchen/tigadegena-ml.webp","Serving detail of Tigadegena","true","pending","Local hero exists, but the serving-detail slot -2 is absent in every extension.","Create a second editorial food photograph of Tigadegena from Mali, using the existing hero /assets/img/kitchen/tigadegena-ml.webp as the visual reference for the same dish, ingredients, tableware and lighting. Recipe brief: Malian peanut stew with lamb, beef, or chicken simmered in tomato, onion, garlic, groundnut paste, and vegetables.. Show a closer serving view that reveals the interior or texture, using a serving utensil appropriate to the food; do not merely crop or duplicate the hero. Keep the portion believable and appetising, with no extra ingredients unsupported by the recipe. Landscape 1200x800, natural window light, realistic colour, main portion safely within central 80%. No text, numbers, labels, flags, logos, watermark, collage or UI. Deliver WebP with exact destination filename."
"51","recipe-serving-torborgee-lr","recipe-serving-detail","55","Torborgee — serving detail","/tools/afrokitchen/recipes/torborgee-lr/","/assets/img/kitchen/torborgee-lr-2.webp","1200x800","/assets/img/kitchen/torborgee-lr.webp","Serving detail of Torborgee","true","pending","Local hero exists, but the serving-detail slot -2 is absent in every extension.","Create a second editorial food photograph of Torborgee from Liberia, using the existing hero /assets/img/kitchen/torborgee-lr.webp as the visual reference for the same dish, ingredients, tableware and lighting. Recipe brief: Liberian torborgee, a fiery palm-oil stew of red cowpeas or lentils, bitter eggplant, dried seafood, onion, garlic, and chile.. Show a closer serving view that reveals the interior or texture, using a serving utensil appropriate to the food; do not merely crop or duplicate the hero. Keep the portion believable and appetising, with no extra ingredients unsupported by the recipe. Landscape 1200x800, natural window light, realistic colour, main portion safely within central 80%. No text, numbers, labels, flags, logos, watermark, collage or UI. Deliver WebP with exact destination filename."
"52","recipe-serving-ugali-na-sukuma-wiki","recipe-serving-detail","55","Ugali na Sukuma Wiki — serving detail","/tools/afrokitchen/recipes/ugali-na-sukuma-wiki/","/assets/img/kitchen/ugali-na-sukuma-wiki-2.webp","1200x800","/assets/img/kitchen/ugali-na-sukuma-wiki.webp","Serving detail of Ugali na Sukuma Wiki","true","pending","Local hero exists, but the serving-detail slot -2 is absent in every extension.","Create a second editorial food photograph of Ugali na Sukuma Wiki from Kenya, using the existing hero /assets/img/kitchen/ugali-na-sukuma-wiki.webp as the visual reference for the same dish, ingredients, tableware and lighting. Recipe brief: Kenyan firm maize ugali served with sukuma wiki, collard greens quickly cooked with onion, tomato, garlic, and oil.. Show a closer serving view that reveals the interior or texture, using a serving utensil appropriate to the food; do not merely crop or duplicate the hero. Keep the portion believable and appetising, with no extra ingredients unsupported by the recipe. Landscape 1200x800, natural window light, realistic colour, main portion safely within central 80%. No text, numbers, labels, flags, logos, watermark, collage or UI. Deliver WebP with exact destination filename."
"53","recipe-serving-umbhidvo-wetintsanga-sz","recipe-serving-detail","55","Umbhidvo Wetintsanga — serving detail","/tools/afrokitchen/recipes/umbhidvo-wetintsanga-sz/","/assets/img/kitchen/umbhidvo-wetintsanga-sz-2.webp","1200x800","/assets/img/kitchen/umbhidvo-wetintsanga-sz.webp","Serving detail of Umbhidvo Wetintsanga","true","pending","Local hero exists, but the serving-detail slot -2 is absent in every extension.","Create a second editorial food photograph of Umbhidvo Wetintsanga from Eswatini, using the existing hero /assets/img/kitchen/umbhidvo-wetintsanga-sz.webp as the visual reference for the same dish, ingredients, tableware and lighting. Recipe brief: Tender Swazi pumpkin leaves simmered with tomato, onion, and crushed groundnuts until earthy, nutty, and soft.. Show a closer serving view that reveals the interior or texture, using a serving utensil appropriate to the food; do not merely crop or duplicate the hero. Keep the portion believable and appetising, with no extra ingredients unsupported by the recipe. Landscape 1200x800, natural window light, realistic colour, main portion safely within central 80%. No text, numbers, labels, flags, logos, watermark, collage or UI. Deliver WebP with exact destination filename."
"54","recipe-serving-abacha-ng","recipe-serving-detail","50","Abacha — serving detail","/tools/afrokitchen/recipes/abacha-ng/","/assets/img/kitchen/abacha-ng-2.webp","1200x800","/assets/img/kitchen/abacha-ng.webp","Serving detail of Abacha","true","pending","Local hero exists, but the serving-detail slot -2 is absent in every extension.","Create a second editorial food photograph of Abacha from Nigeria, using the existing hero /assets/img/kitchen/abacha-ng.webp as the visual reference for the same dish, ingredients, tableware and lighting. Recipe brief: Igbo cassava salad tossed with palm oil dressing, ugba, fish, crayfish, onion, garden egg, and utazi.. Show a closer serving view that reveals the interior or texture, using a serving utensil appropriate to the food; do not merely crop or duplicate the hero. Keep the portion believable and appetising, with no extra ingredients unsupported by the recipe. Landscape 1200x800, natural window light, realistic colour, main portion safely within central 80%. No text, numbers, labels, flags, logos, watermark, collage or UI. Deliver WebP with exact destination filename."
"55","recipe-serving-ablo-tg","recipe-serving-detail","50","Ablo — serving detail","/tools/afrokitchen/recipes/ablo-tg/","/assets/img/kitchen/ablo-tg-2.webp","1200x800","/assets/img/kitchen/ablo-tg.webp","Serving detail of Ablo","true","pending","Local hero exists, but the serving-detail slot -2 is absent in every extension.","Create a second editorial food photograph of Ablo from Togo, using the existing hero /assets/img/kitchen/ablo-tg.webp as the visual reference for the same dish, ingredients, tableware and lighting. Recipe brief: Togolese steamed rice-and-corn cakes, lightly sweet, soft, and served with stew, grilled fish, or pepper sauce.. Show a closer serving view that reveals the interior or texture, using a serving utensil appropriate to the food; do not merely crop or duplicate the hero. Keep the portion believable and appetising, with no extra ingredients unsupported by the recipe. Landscape 1200x800, natural window light, realistic colour, main portion safely within central 80%. No text, numbers, labels, flags, logos, watermark, collage or UI. Deliver WebP with exact destination filename."
"56","recipe-serving-achu-soup-cm","recipe-serving-detail","50","Achu and Yellow Soup — serving detail","/tools/afrokitchen/recipes/achu-soup-cm/","/assets/img/kitchen/achu-soup-cm-2.webp","1200x800","/assets/img/kitchen/achu-soup-cm.webp","Serving detail of Achu and Yellow Soup","true","pending","Local hero exists, but the serving-detail slot -2 is absent in every extension.","Create a second editorial food photograph of Achu and Yellow Soup from Cameroon, using the existing hero /assets/img/kitchen/achu-soup-cm.webp as the visual reference for the same dish, ingredients, tableware and lighting. Recipe brief: Cameroonian pounded cocoyam served with yellow palm-oil soup, kanwa, spices, meat, and fish.. Show a closer serving view that reveals the interior or texture, using a serving utensil appropriate to the food; do not merely crop or duplicate the hero. Keep the portion believable and appetising, with no extra ingredients unsupported by the recipe. Landscape 1200x800, natural window light, realistic colour, main portion safely within central 80%. No text, numbers, labels, flags, logos, watermark, collage or UI. Deliver WebP with exact destination filename."
"57","recipe-serving-agashe-sd","recipe-serving-detail","50","Agashe — serving detail","/tools/afrokitchen/recipes/agashe-sd/","/assets/img/kitchen/agashe-sd-2.webp","1200x800","/assets/img/kitchen/agashe-sd.webp","Serving detail of Agashe","true","pending","Local hero exists, but the serving-detail slot -2 is absent in every extension.","Create a second editorial food photograph of Agashe from Sudan, using the existing hero /assets/img/kitchen/agashe-sd.webp as the visual reference for the same dish, ingredients, tableware and lighting. Recipe brief: Sudanese skewered beef rubbed with peanut, chili, ginger, garlic, and warm spices, then grilled over high heat.. Show a closer serving view that reveals the interior or texture, using a serving utensil appropriate to the food; do not merely crop or duplicate the hero. Keep the portion believable and appetising, with no extra ingredients unsupported by the recipe. Landscape 1200x800, natural window light, realistic colour, main portion safely within central 80%. No text, numbers, labels, flags, logos, watermark, collage or UI. Deliver WebP with exact destination filename."
"58","recipe-serving-agatoke-bi","recipe-serving-detail","50","Agatoke — serving detail","/tools/afrokitchen/recipes/agatoke-bi/","/assets/img/kitchen/agatoke-bi-2.webp","1200x800","/assets/img/kitchen/agatoke-bi.webp","Serving detail of Agatoke","true","pending","Local hero exists, but the serving-detail slot -2 is absent in every extension.","Create a second editorial food photograph of Agatoke from Burundi, using the existing hero /assets/img/kitchen/agatoke-bi.webp as the visual reference for the same dish, ingredients, tableware and lighting. Recipe brief: Agatoke is a main dish with green bananas, peanut sauce and beans. Serve. Show a closer serving view that reveals the interior or texture, using a serving utensil appropriate to the food; do not merely crop or duplicate the hero. Keep the portion believable and appetising, with no extra ingredients unsupported by the recipe. Landscape 1200x800, natural window light, realistic colour, main portion safely within central 80%. No text, numbers, labels, flags, logos, watermark, collage or UI. Deliver WebP with exact destination filename."
"59","recipe-serving-akara-ng","recipe-serving-detail","50","Akara — serving detail","/tools/afrokitchen/recipes/akara-ng/","/assets/img/kitchen/akara-ng-2.webp","1200x800","/assets/img/kitchen/akara-ng.webp","Serving detail of Akara","true","pending","Local hero exists, but the serving-detail slot -2 is absent in every extension.","Create a second editorial food photograph of Akara from Nigeria, using the existing hero /assets/img/kitchen/akara-ng.webp as the visual reference for the same dish, ingredients, tableware and lighting. Recipe brief: Nigerian black-eyed pea fritters blended with onion and pepper, whipped light, then fried until crisp outside and fluffy inside.. Show a closer serving view that reveals the interior or texture, using a serving utensil appropriate to the food; do not merely crop or duplicate the hero. Keep the portion believable and appetising, with no extra ingredients unsupported by the recipe. Landscape 1200x800, natural window light, realistic colour, main portion safely within central 80%. No text, numbers, labels, flags, logos, watermark, collage or UI. Deliver WebP with exact destination filename."
"60","recipe-serving-akara-sl","recipe-serving-detail","50","Banana Akara — serving detail","/tools/afrokitchen/recipes/akara-sl/","/assets/img/kitchen/akara-sl-2.webp","1200x800","/assets/img/kitchen/akara-sl.webp","Serving detail of Banana Akara","true","pending","Local hero exists, but the serving-detail slot -2 is absent in every extension.","Create a second editorial food photograph of Banana Akara from Sierra Leone, using the existing hero /assets/img/kitchen/akara-sl.webp as the visual reference for the same dish, ingredients, tableware and lighting. Recipe brief: Sierra Leonean banana akara, sweet rice-flour fritters made with ripe banana, sugar, nutmeg, and hot oil.. Show a closer serving view that reveals the interior or texture, using a serving utensil appropriate to the food; do not merely crop or duplicate the hero. Keep the portion believable and appetising, with no extra ingredients unsupported by the recipe. Landscape 1200x800, natural window light, realistic colour, main portion safely within central 80%. No text, numbers, labels, flags, logos, watermark, collage or UI. Deliver WebP with exact destination filename."
"61","recipe-serving-akoho-sy-voanio-mg","recipe-serving-detail","50","Akoho sy Voanio — serving detail","/tools/afrokitchen/recipes/akoho-sy-voanio-mg/","/assets/img/kitchen/akoho-sy-voanio-mg-2.webp","1200x800","/assets/img/kitchen/akoho-sy-voanio-mg.webp","Serving detail of Akoho sy Voanio","true","pending","Local hero exists, but the serving-detail slot -2 is absent in every extension.","Create a second editorial food photograph of Akoho sy Voanio from Madagascar, using the existing hero /assets/img/kitchen/akoho-sy-voanio-mg.webp as the visual reference for the same dish, ingredients, tableware and lighting. Recipe brief: Akoho sy Voanio is a main dish with chicken pieces, coconut milk and ginger. Serve. Show a closer serving view that reveals the interior or texture, using a serving utensil appropriate to the food; do not merely crop or duplicate the hero. Keep the portion believable and appetising, with no extra ingredients unsupported by the recipe. Landscape 1200x800, natural window light, realistic colour, main portion safely within central 80%. No text, numbers, labels, flags, logos, watermark, collage or UI. Deliver WebP with exact destination filename."
"62","recipe-serving-alloco-ci","recipe-serving-detail","50","Alloco — serving detail","/tools/afrokitchen/recipes/alloco-ci/","/assets/img/kitchen/alloco-ci-2.webp","1200x800","/assets/img/kitchen/alloco-ci.webp","Serving detail of Alloco","true","pending","Local hero exists, but the serving-detail slot -2 is absent in every extension.","Create a second editorial food photograph of Alloco from Ivory Coast, using the existing hero /assets/img/kitchen/alloco-ci.webp as the visual reference for the same dish, ingredients, tableware and lighting. Recipe brief: Ivorian fried ripe plantain served hot with onion-tomato piment, a street-food plate that works as snack or side.. Show a closer serving view that reveals the interior or texture, using a serving utensil appropriate to the food; do not merely crop or duplicate the hero. Keep the portion believable and appetising, with no extra ingredients unsupported by the recipe. Landscape 1200x800, natural window light, realistic colour, main portion safely within central 80%. No text, numbers, labels, flags, logos, watermark, collage or UI. Deliver WebP with exact destination filename."
"63","recipe-serving-alouda-mu","recipe-serving-detail","50","Alouda — serving detail","/tools/afrokitchen/recipes/alouda-mu/","/assets/img/kitchen/alouda-mu-2.webp","1200x800","/assets/img/kitchen/alouda-mu.webp","Serving detail of Alouda","true","pending","Local hero exists, but the serving-detail slot -2 is absent in every extension.","Create a second editorial food photograph of Alouda from Mauritius, using the existing hero /assets/img/kitchen/alouda-mu.webp as the visual reference for the same dish, ingredients, tableware and lighting. Recipe brief: Alouda is a drink with milk and basil seeds, rose syrup and vanilla. Serve. Show a closer serving view that reveals the interior or texture, using a serving utensil appropriate to the food; do not merely crop or duplicate the hero. Keep the portion believable and appetising, with no extra ingredients unsupported by the recipe. Landscape 1200x800, natural window light, realistic colour, main portion safely within central 80%. No text, numbers, labels, flags, logos, watermark, collage or UI. Deliver WebP with exact destination filename."
"64","recipe-serving-amala-ewedu-gbegiri-ng","recipe-serving-detail","50","Amala, Ewedu and Gbegiri — serving detail","/tools/afrokitchen/recipes/amala-ewedu-gbegiri-ng/","/assets/img/kitchen/amala-ewedu-gbegiri-ng-2.webp","1200x800","/assets/img/kitchen/amala-ewedu-gbegiri-ng.webp","Serving detail of Amala, Ewedu and Gbegiri","true","pending","Local hero exists, but the serving-detail slot -2 is absent in every extension.","Create a second editorial food photograph of Amala, Ewedu and Gbegiri from Nigeria, using the existing hero /assets/img/kitchen/amala-ewedu-gbegiri-ng.webp as the visual reference for the same dish, ingredients, tableware and lighting. Recipe brief: A classic Yoruba plate of yam flour swallow served with jute leaf ewedu, silky bean gbegiri, and stew.. Show a closer serving view that reveals the interior or texture, using a serving utensil appropriate to the food; do not merely crop or duplicate the hero. Keep the portion believable and appetising, with no extra ingredients unsupported by the recipe. Landscape 1200x800, natural window light, realistic colour, main portion safely within central 80%. No text, numbers, labels, flags, logos, watermark, collage or UI. Deliver WebP with exact destination filename."
"65","recipe-serving-angu-de-banana-st","recipe-serving-detail","50","Angú de Banana — serving detail","/tools/afrokitchen/recipes/angu-de-banana-st/","/assets/img/kitchen/angu-de-banana-st-2.webp","1200x800","/assets/img/kitchen/angu-de-banana-st.webp","Serving detail of Angú de Banana","true","pending","Local hero exists, but the serving-detail slot -2 is absent in every extension.","Create a second editorial food photograph of Angú de Banana from São Tomé and Príncipe, using the existing hero /assets/img/kitchen/angu-de-banana-st.webp as the visual reference for the same dish, ingredients, tableware and lighting. Recipe brief: São Toméan angú de banana, green bananas or breadfruit boiled soft, mashed smooth, and finished with palm oil and salt.. Show a closer serving view that reveals the interior or texture, using a serving utensil appropriate to the food; do not merely crop or duplicate the hero. Keep the portion believable and appetising, with no extra ingredients unsupported by the recipe. Landscape 1200x800, natural window light, realistic colour, main portion safely within central 80%. No text, numbers, labels, flags, logos, watermark, collage or UI. Deliver WebP with exact destination filename."
"66","recipe-serving-arroz-de-caju-gw","recipe-serving-detail","50","Cashew Rice — serving detail","/tools/afrokitchen/recipes/arroz-de-caju-gw/","/assets/img/kitchen/arroz-de-caju-gw-2.webp","1200x800","/assets/img/kitchen/arroz-de-caju-gw.webp","Serving detail of Cashew Rice","true","pending","Local hero exists, but the serving-detail slot -2 is absent in every extension.","Create a second editorial food photograph of Cashew Rice from Guinea-Bissau, using the existing hero /assets/img/kitchen/arroz-de-caju-gw.webp as the visual reference for the same dish, ingredients, tableware and lighting. Recipe brief: Long-grain rice folded with toasted cashews, onion, and light aromatics as a Guinea-Bissau-inspired side.. Show a closer serving view that reveals the interior or texture, using a serving utensil appropriate to the food; do not merely crop or duplicate the hero. Keep the portion believable and appetising, with no extra ingredients unsupported by the recipe. Landscape 1200x800, natural window light, realistic colour, main portion safely within central 80%. No text, numbers, labels, flags, logos, watermark, collage or UI. Deliver WebP with exact destination filename."
"67","recipe-serving-asida-ly","recipe-serving-detail","50","Asida — serving detail","/tools/afrokitchen/recipes/asida-ly/","/assets/img/kitchen/asida-ly-2.webp","1200x800","/assets/img/kitchen/asida-ly.webp","Serving detail of Asida","true","pending","Local hero exists, but the serving-detail slot -2 is absent in every extension.","Create a second editorial food photograph of Asida from Libya, using the existing hero /assets/img/kitchen/asida-ly.webp as the visual reference for the same dish, ingredients, tableware and lighting. Recipe brief: Libyan asida, a smooth wheat-flour mound served warm with a well of melted butter, date syrup, or honey.. Show a closer serving view that reveals the interior or texture, using a serving utensil appropriate to the food; do not merely crop or duplicate the hero. Keep the portion believable and appetising, with no extra ingredients unsupported by the recipe. Landscape 1200x800, natural window light, realistic colour, main portion safely within central 80%. No text, numbers, labels, flags, logos, watermark, collage or UI. Deliver WebP with exact destination filename."
"68","recipe-serving-atanga-ga","recipe-serving-detail","50","Atanga — serving detail","/tools/afrokitchen/recipes/atanga-ga/","/assets/img/kitchen/atanga-ga-2.webp","1200x800","/assets/img/kitchen/atanga-ga.webp","Serving detail of Atanga","true","pending","Local hero exists, but the serving-detail slot -2 is absent in every extension.","Create a second editorial food photograph of Atanga from Gabon, using the existing hero /assets/img/kitchen/atanga-ga.webp as the visual reference for the same dish, ingredients, tableware and lighting. Recipe brief: Gabonese boiled African butterfruit served warm with salt, chili, and sometimes bread or cassava.. Show a closer serving view that reveals the interior or texture, using a serving utensil appropriate to the food; do not merely crop or duplicate the hero. Keep the portion believable and appetising, with no extra ingredients unsupported by the recipe. Landscape 1200x800, natural window light, realistic colour, main portion safely within central 80%. No text, numbers, labels, flags, logos, watermark, collage or UI. Deliver WebP with exact destination filename."
"69","recipe-serving-atassi-watche-bj","recipe-serving-detail","50","Atassi Watche — serving detail","/tools/afrokitchen/recipes/atassi-watche-bj/","/assets/img/kitchen/atassi-watche-bj-2.webp","1200x800","/assets/img/kitchen/atassi-watche-bj.webp","Serving detail of Atassi Watche","true","pending","Local hero exists, but the serving-detail slot -2 is absent in every extension.","Create a second editorial food photograph of Atassi Watche from Benin, using the existing hero /assets/img/kitchen/atassi-watche-bj.webp as the visual reference for the same dish, ingredients, tableware and lighting. Recipe brief: Beninese rice and beans cooked tender and served with a concentrated tomato dja sauce, eggs, fish, or wagasi.. Show a closer serving view that reveals the interior or texture, using a serving utensil appropriate to the food; do not merely crop or duplicate the hero. Keep the portion believable and appetising, with no extra ingredients unsupported by the recipe. Landscape 1200x800, natural window light, realistic colour, main portion safely within central 80%. No text, numbers, labels, flags, logos, watermark, collage or UI. Deliver WebP with exact destination filename."
"70","recipe-serving-atkilt-wat-et","recipe-serving-detail","50","Atkilt Wat — serving detail","/tools/afrokitchen/recipes/atkilt-wat-et/","/assets/img/kitchen/atkilt-wat-et-2.webp","1200x800","/assets/img/kitchen/atkilt-wat-et.webp","Serving detail of Atkilt Wat","true","pending","Local hero exists, but the serving-detail slot -2 is absent in every extension.","Create a second editorial food photograph of Atkilt Wat from Ethiopia, using the existing hero /assets/img/kitchen/atkilt-wat-et.webp as the visual reference for the same dish, ingredients, tableware and lighting. Recipe brief: Ethiopian cabbage, potato, and carrot stew seasoned with turmeric, onion, garlic, and ginger.. Show a closer serving view that reveals the interior or texture, using a serving utensil appropriate to the food; do not merely crop or duplicate the hero. Keep the portion believable and appetising, with no extra ingredients unsupported by the recipe. Landscape 1200x800, natural window light, realistic colour, main portion safely within central 80%. No text, numbers, labels, flags, logos, watermark, collage or UI. Deliver WebP with exact destination filename."
"71","recipe-serving-ayamase-ofada-stew-ng","recipe-serving-detail","50","Ayamase — serving detail","/tools/afrokitchen/recipes/ayamase-ofada-stew-ng/","/assets/img/kitchen/ayamase-ofada-stew-ng-2.webp","1200x800","/assets/img/kitchen/ayamase-ofada-stew-ng.webp","Serving detail of Ayamase","true","pending","Local hero exists, but the serving-detail slot -2 is absent in every extension.","Create a second editorial food photograph of Ayamase from Nigeria, using the existing hero /assets/img/kitchen/ayamase-ofada-stew-ng.webp as the visual reference for the same dish, ingredients, tableware and lighting. Recipe brief: Yoruba green pepper stew cooked with bleached palm oil, iru, assorted meats, and boiled eggs, usually served with Ofada rice.. Show a closer serving view that reveals the interior or texture, using a serving utensil appropriate to the food; do not merely crop or duplicate the hero. Keep the portion believable and appetising, with no extra ingredients unsupported by the recipe. Landscape 1200x800, natural window light, realistic colour, main portion safely within central 80%. No text, numbers, labels, flags, logos, watermark, collage or UI. Deliver WebP with exact destination filename."
"72","recipe-serving-babenda-bf","recipe-serving-detail","50","Babenda — serving detail","/tools/afrokitchen/recipes/babenda-bf/","/assets/img/kitchen/babenda-bf-2.webp","1200x800","/assets/img/kitchen/babenda-bf.webp","Serving detail of Babenda","true","pending","Local hero exists, but the serving-detail slot -2 is absent in every extension.","Create a second editorial food photograph of Babenda from Burkina Faso, using the existing hero /assets/img/kitchen/babenda-bf.webp as the visual reference for the same dish, ingredients, tableware and lighting. Recipe brief: A nourishing porridge of millet flour and leafy greens simmered with dawadawa for umami depth. A staple of everyday Burkinabé cooking.. Show a closer serving view that reveals the interior or texture, using a serving utensil appropriate to the food; do not merely crop or duplicate the hero. Keep the portion believable and appetising, with no extra ingredients unsupported by the recipe. Landscape 1200x800, natural window light, realistic colour, main portion safely within central 80%. No text, numbers, labels, flags, logos, watermark, collage or UI. Deliver WebP with exact destination filename."
"73","recipe-serving-banana-fritters-gq","recipe-serving-detail","50","Equatoguinean Banana Fritters — serving detail","/tools/afrokitchen/recipes/banana-fritters-gq/","/assets/img/kitchen/banana-fritters-gq-2.webp","1200x800","/assets/img/kitchen/banana-fritters-gq.webp","Serving detail of Equatoguinean Banana Fritters","true","pending","Local hero exists, but the serving-detail slot -2 is absent in every extension.","Create a second editorial food photograph of Equatoguinean Banana Fritters from Equatorial Guinea, using the existing hero /assets/img/kitchen/banana-fritters-gq.webp as the visual reference for the same dish, ingredients, tableware and lighting. Recipe brief: Equatoguinean Banana Fritters is a dessert with ripe banana and flour, cinnamon and sugar. Serve. Show a closer serving view that reveals the interior or texture, using a serving utensil appropriate to the food; do not merely crop or duplicate the hero. Keep the portion believable and appetising, with no extra ingredients unsupported by the recipe. Landscape 1200x800, natural window light, realistic colour, main portion safely within central 80%. No text, numbers, labels, flags, logos, watermark, collage or UI. Deliver WebP with exact destination filename."
"74","recipe-serving-banga-soup-ng","recipe-serving-detail","50","Banga Soup — serving detail","/tools/afrokitchen/recipes/banga-soup-ng/","/assets/img/kitchen/banga-soup-ng-2.webp","1200x800","/assets/img/kitchen/banga-soup-ng.webp","Serving detail of Banga Soup","true","pending","Local hero exists, but the serving-detail slot -2 is absent in every extension.","Create a second editorial food photograph of Banga Soup from Nigeria, using the existing hero /assets/img/kitchen/banga-soup-ng.webp as the visual reference for the same dish, ingredients, tableware and lighting. Recipe brief: Nigerian palm nut soup with meat or fish, banga spices, dried fish, crayfish, chile, and fresh herbs.. Show a closer serving view that reveals the interior or texture, using a serving utensil appropriate to the food; do not merely crop or duplicate the hero. Keep the portion believable and appetising, with no extra ingredients unsupported by the recipe. Landscape 1200x800, natural window light, realistic colour, main portion safely within central 80%. No text, numbers, labels, flags, logos, watermark, collage or UI. Deliver WebP with exact destination filename."
"75","recipe-serving-banku-tilapia-gh","recipe-serving-detail","50","Banku and Tilapia — serving detail","/tools/afrokitchen/recipes/banku-tilapia-gh/","/assets/img/kitchen/banku-tilapia-gh-2.webp","1200x800","/assets/img/kitchen/banku-tilapia-gh.webp","Serving detail of Banku and Tilapia","true","pending","Local hero exists, but the serving-detail slot -2 is absent in every extension.","Create a second editorial food photograph of Banku and Tilapia from Ghana, using the existing hero /assets/img/kitchen/banku-tilapia-gh.webp as the visual reference for the same dish, ingredients, tableware and lighting. Recipe brief: A Ghanaian plate of smooth fermented corn and cassava dough served with seasoned grilled tilapia and pepper sauce.. Show a closer serving view that reveals the interior or texture, using a serving utensil appropriate to the food; do not merely crop or duplicate the hero. Keep the portion believable and appetising, with no extra ingredients unsupported by the recipe. Landscape 1200x800, natural window light, realistic colour, main portion safely within central 80%. No text, numbers, labels, flags, logos, watermark, collage or UI. Deliver WebP with exact destination filename."
"76","recipe-serving-bariis-iskukaris","recipe-serving-detail","50","Bariis Iskukaris — serving detail","/tools/afrokitchen/recipes/bariis-iskukaris/","/assets/img/kitchen/bariis-iskukaris-2.webp","1200x800","/assets/img/kitchen/bariis-iskukaris.webp","Serving detail of Bariis Iskukaris","true","pending","Local hero exists, but the serving-detail slot -2 is absent in every extension.","Create a second editorial food photograph of Bariis Iskukaris from Somalia, using the existing hero /assets/img/kitchen/bariis-iskukaris.webp as the visual reference for the same dish, ingredients, tableware and lighting. Recipe brief: Somali bariis iskukaris, spiced basmati rice cooked with goat or lamb broth, xawaash, caramelized onion, raisins, and warm spices.. Show a closer serving view that reveals the interior or texture, using a serving utensil appropriate to the food; do not merely crop or duplicate the hero. Keep the portion believable and appetising, with no extra ingredients unsupported by the recipe. Landscape 1200x800, natural window light, realistic colour, main portion safely within central 80%. No text, numbers, labels, flags, logos, watermark, collage or UI. Deliver WebP with exact destination filename."
"77","recipe-serving-basbousa-sd","recipe-serving-detail","50","Basbousa — serving detail","/tools/afrokitchen/recipes/basbousa-sd/","/assets/img/kitchen/basbousa-sd-2.webp","1200x800","/assets/img/kitchen/basbousa-sd.webp","Serving detail of Basbousa","true","pending","Local hero exists, but the serving-detail slot -2 is absent in every extension.","Create a second editorial food photograph of Basbousa from Sudan, using the existing hero /assets/img/kitchen/basbousa-sd.webp as the visual reference for the same dish, ingredients, tableware and lighting. Recipe brief: Sudanese-style basbousa, a syrup-soaked semolina cake with yoghurt, butter, almonds, coconut, and rose water.. Show a closer serving view that reveals the interior or texture, using a serving utensil appropriate to the food; do not merely crop or duplicate the hero. Keep the portion believable and appetising, with no extra ingredients unsupported by the recipe. Landscape 1200x800, natural window light, realistic colour, main portion safely within central 80%. No text, numbers, labels, flags, logos, watermark, collage or UI. Deliver WebP with exact destination filename."
"78","recipe-serving-beignets-banane-ga","recipe-serving-detail","50","Beignets de Banane — serving detail","/tools/afrokitchen/recipes/beignets-banane-ga/","/assets/img/kitchen/beignets-banane-ga-2.webp","1200x800","/assets/img/kitchen/beignets-banane-ga.webp","Serving detail of Beignets de Banane","true","pending","Local hero exists, but the serving-detail slot -2 is absent in every extension.","Create a second editorial food photograph of Beignets de Banane from Gabon, using the existing hero /assets/img/kitchen/beignets-banane-ga.webp as the visual reference for the same dish, ingredients, tableware and lighting. Recipe brief: Gabonese banana fritters made with ripe banana, flour, sugar, nutmeg, and a crisp fried edge.. Show a closer serving view that reveals the interior or texture, using a serving utensil appropriate to the food; do not merely crop or duplicate the hero. Keep the portion believable and appetising, with no extra ingredients unsupported by the recipe. Landscape 1200x800, natural window light, realistic colour, main portion safely within central 80%. No text, numbers, labels, flags, logos, watermark, collage or UI. Deliver WebP with exact destination filename."
"79","recipe-serving-benachin-gm","recipe-serving-detail","50","Benachin — serving detail","/tools/afrokitchen/recipes/benachin-gm/","/assets/img/kitchen/benachin-gm-2.webp","1200x800","/assets/img/kitchen/benachin-gm.webp","Serving detail of Benachin","true","pending","Local hero exists, but the serving-detail slot -2 is absent in every extension.","Create a second editorial food photograph of Benachin from Gambia, using the existing hero /assets/img/kitchen/benachin-gm.webp as the visual reference for the same dish, ingredients, tableware and lighting. Recipe brief: Gambian one-pot tomato rice cooked with fish, cassava, sweet potato, cabbage, carrot, chile, and a rich seasoned broth.. Show a closer serving view that reveals the interior or texture, using a serving utensil appropriate to the food; do not merely crop or duplicate the hero. Keep the portion believable and appetising, with no extra ingredients unsupported by the recipe. Landscape 1200x800, natural window light, realistic colour, main portion safely within central 80%. No text, numbers, labels, flags, logos, watermark, collage or UI. Deliver WebP with exact destination filename."
"80","recipe-serving-benga-bf","recipe-serving-detail","50","Benga — serving detail","/tools/afrokitchen/recipes/benga-bf/","/assets/img/kitchen/benga-bf-2.webp","1200x800","/assets/img/kitchen/benga-bf.webp","Serving detail of Benga","true","pending","Local hero exists, but the serving-detail slot -2 is absent in every extension.","Create a second editorial food photograph of Benga from Burkina Faso, using the existing hero /assets/img/kitchen/benga-bf.webp as the visual reference for the same dish, ingredients, tableware and lighting. Recipe brief: Burkinabe rice and beans plate, simple, nourishing, and usually finished with tomato-onion sauce or chili oil.. Show a closer serving view that reveals the interior or texture, using a serving utensil appropriate to the food; do not merely crop or duplicate the hero. Keep the portion believable and appetising, with no extra ingredients unsupported by the recipe. Landscape 1200x800, natural window light, realistic colour, main portion safely within central 80%. No text, numbers, labels, flags, logos, watermark, collage or UI. Deliver WebP with exact destination filename."
"81","recipe-serving-bessara-ma","recipe-serving-detail","50","Bessara — serving detail","/tools/afrokitchen/recipes/bessara-ma/","/assets/img/kitchen/bessara-ma-2.webp","1200x800","/assets/img/kitchen/bessara-ma.webp","Serving detail of Bessara","true","pending","Local hero exists, but the serving-detail slot -2 is absent in every extension.","Create a second editorial food photograph of Bessara from Morocco, using the existing hero /assets/img/kitchen/bessara-ma.webp as the visual reference for the same dish, ingredients, tableware and lighting. Recipe brief: Moroccan fava bean or split pea soup pureed smooth and finished with olive oil, cumin, paprika, and bread.. Show a closer serving view that reveals the interior or texture, using a serving utensil appropriate to the food; do not merely crop or duplicate the hero. Keep the portion believable and appetising, with no extra ingredients unsupported by the recipe. Landscape 1200x800, natural window light, realistic colour, main portion safely within central 80%. No text, numbers, labels, flags, logos, watermark, collage or UI. Deliver WebP with exact destination filename."
"82","recipe-serving-bilola-gq","recipe-serving-detail","50","Bilola — serving detail","/tools/afrokitchen/recipes/bilola-gq/","/assets/img/kitchen/bilola-gq-2.webp","1200x800","/assets/img/kitchen/bilola-gq.webp","Serving detail of Bilola","true","pending","Local hero exists, but the serving-detail slot -2 is absent in every extension.","Create a second editorial food photograph of Bilola from Equatorial Guinea, using the existing hero /assets/img/kitchen/bilola-gq.webp as the visual reference for the same dish, ingredients, tableware and lighting. Recipe brief: Bilola is a snack with land snails or mushrooms, garlic chili oil. Serve. Show a closer serving view that reveals the interior or texture, using a serving utensil appropriate to the food; do not merely crop or duplicate the hero. Keep the portion believable and appetising, with no extra ingredients unsupported by the recipe. Landscape 1200x800, natural window light, realistic colour, main portion safely within central 80%. No text, numbers, labels, flags, logos, watermark, collage or UI. Deliver WebP with exact destination filename."
"83","recipe-serving-binch-akara-sl","recipe-serving-detail","50","Binch Akara — serving detail","/tools/afrokitchen/recipes/binch-akara-sl/","/assets/img/kitchen/binch-akara-sl-2.webp","1200x800","/assets/img/kitchen/binch-akara-sl.webp","Serving detail of Binch Akara","true","pending","Local hero exists, but the serving-detail slot -2 is absent in every extension.","Create a second editorial food photograph of Binch Akara from Sierra Leone, using the existing hero /assets/img/kitchen/binch-akara-sl.webp as the visual reference for the same dish, ingredients, tableware and lighting. Recipe brief: Sierra Leonean black-eyed bean fritters, whipped light and fried until crisp, often sold with onion gravy or bread.. Show a closer serving view that reveals the interior or texture, using a serving utensil appropriate to the food; do not merely crop or duplicate the hero. Keep the portion believable and appetising, with no extra ingredients unsupported by the recipe. Landscape 1200x800, natural window light, realistic colour, main portion safely within central 80%. No text, numbers, labels, flags, logos, watermark, collage or UI. Deliver WebP with exact destination filename."
"84","recipe-serving-binyebwa-ug","recipe-serving-detail","50","Binyebwa — serving detail","/tools/afrokitchen/recipes/binyebwa-ug/","/assets/img/kitchen/binyebwa-ug-2.webp","1200x800","/assets/img/kitchen/binyebwa-ug.webp","Serving detail of Binyebwa","true","pending","Local hero exists, but the serving-detail slot -2 is absent in every extension.","Create a second editorial food photograph of Binyebwa from Uganda, using the existing hero /assets/img/kitchen/binyebwa-ug.webp as the visual reference for the same dish, ingredients, tableware and lighting. Recipe brief: Ugandan groundnut sauce made from peanut paste simmered with onion, tomato, and gentle seasoning until creamy.. Show a closer serving view that reveals the interior or texture, using a serving utensil appropriate to the food; do not merely crop or duplicate the hero. Keep the portion believable and appetising, with no extra ingredients unsupported by the recipe. Landscape 1200x800, natural window light, realistic colour, main portion safely within central 80%. No text, numbers, labels, flags, logos, watermark, collage or UI. Deliver WebP with exact destination filename."
"85","recipe-serving-boerewors-za","recipe-serving-detail","50","Boerewors — serving detail","/tools/afrokitchen/recipes/boerewors-za/","/assets/img/kitchen/boerewors-za-2.webp","1200x800","/assets/img/kitchen/boerewors-za.webp","Serving detail of Boerewors","true","pending","Local hero exists, but the serving-detail slot -2 is absent in every extension.","Create a second editorial food photograph of Boerewors from South Africa, using the existing hero /assets/img/kitchen/boerewors-za.webp as the visual reference for the same dish, ingredients, tableware and lighting. Recipe brief: South African coiled sausage seasoned with coriander, cloves, nutmeg, vinegar, and pepper, then cooked over a braai.. Show a closer serving view that reveals the interior or texture, using a serving utensil appropriate to the food; do not merely crop or duplicate the hero. Keep the portion believable and appetising, with no extra ingredients unsupported by the recipe. Landscape 1200x800, natural window light, realistic colour, main portion safely within central 80%. No text, numbers, labels, flags, logos, watermark, collage or UI. Deliver WebP with exact destination filename."
"86","recipe-serving-bogobe-jwa-lerotse-bw","recipe-serving-detail","50","Bogobe Jwa Lerotse — serving detail","/tools/afrokitchen/recipes/bogobe-jwa-lerotse-bw/","/assets/img/kitchen/bogobe-jwa-lerotse-bw-2.webp","1200x800","/assets/img/kitchen/bogobe-jwa-lerotse-bw.webp","Serving detail of Bogobe Jwa Lerotse","true","pending","Local hero exists, but the serving-detail slot -2 is absent in every extension.","Create a second editorial food photograph of Bogobe Jwa Lerotse from Botswana, using the existing hero /assets/img/kitchen/bogobe-jwa-lerotse-bw.webp as the visual reference for the same dish, ingredients, tableware and lighting. Recipe brief: Botswana sorghum porridge cooked with lerotse melon for a lightly sweet traditional staple.. Show a closer serving view that reveals the interior or texture, using a serving utensil appropriate to the food; do not merely crop or duplicate the hero. Keep the portion believable and appetising, with no extra ingredients unsupported by the recipe. Landscape 1200x800, natural window light, realistic colour, main portion safely within central 80%. No text, numbers, labels, flags, logos, watermark, collage or UI. Deliver WebP with exact destination filename."
"87","recipe-serving-boli-ng","recipe-serving-detail","50","Boli — serving detail","/tools/afrokitchen/recipes/boli-ng/","/assets/img/kitchen/boli-ng-2.webp","1200x800","/assets/img/kitchen/boli-ng.webp","Serving detail of Boli","true","pending","Local hero exists, but the serving-detail slot -2 is absent in every extension.","Create a second editorial food photograph of Boli from Nigeria, using the existing hero /assets/img/kitchen/boli-ng.webp as the visual reference for the same dish, ingredients, tableware and lighting. Recipe brief: Nigerian roasted plantain served hot with groundnuts or a spicy pepper sauce.. Show a closer serving view that reveals the interior or texture, using a serving utensil appropriate to the food; do not merely crop or duplicate the hero. Keep the portion believable and appetising, with no extra ingredients unsupported by the recipe. Landscape 1200x800, natural window light, realistic colour, main portion safely within central 80%. No text, numbers, labels, flags, logos, watermark, collage or UI. Deliver WebP with exact destination filename."
"88","recipe-serving-boulaghmane-eh","recipe-serving-detail","50","Boulaghmane — serving detail","/tools/afrokitchen/recipes/boulaghmane-eh/","/assets/img/kitchen/boulaghmane-eh-2.webp","1200x800","/assets/img/kitchen/boulaghmane-eh.webp","Serving detail of Boulaghmane","true","pending","Local hero exists, but the serving-detail slot -2 is absent in every extension.","Create a second editorial food photograph of Boulaghmane from Western Sahara, using the existing hero /assets/img/kitchen/boulaghmane-eh.webp as the visual reference for the same dish, ingredients, tableware and lighting. Recipe brief: Sahrawi roasted barley flour mixed with hot water, oil or butter, sugar, and milk into a quick desert porridge.. Show a closer serving view that reveals the interior or texture, using a serving utensil appropriate to the food; do not merely crop or duplicate the hero. Keep the portion believable and appetising, with no extra ingredients unsupported by the recipe. Landscape 1200x800, natural window light, realistic colour, main portion safely within central 80%. No text, numbers, labels, flags, logos, watermark, collage or UI. Deliver WebP with exact destination filename."
"89","recipe-serving-boule-td","recipe-serving-detail","50","Boule — serving detail","/tools/afrokitchen/recipes/boule-td/","/assets/img/kitchen/boule-td-2.webp","1200x800","/assets/img/kitchen/boule-td.webp","Serving detail of Boule","true","pending","Local hero exists, but the serving-detail slot -2 is absent in every extension.","Create a second editorial food photograph of Boule from Chad, using the existing hero /assets/img/kitchen/boule-td.webp as the visual reference for the same dish, ingredients, tableware and lighting. Recipe brief: A smooth, firm millet or sorghum porridge shaped for scooping up Chadian sauces and stews.. Show a closer serving view that reveals the interior or texture, using a serving utensil appropriate to the food; do not merely crop or duplicate the hero. Keep the portion believable and appetising, with no extra ingredients unsupported by the recipe. Landscape 1200x800, natural window light, realistic colour, main portion safely within central 80%. No text, numbers, labels, flags, logos, watermark, collage or UI. Deliver WebP with exact destination filename."
"90","recipe-serving-brik-tn","recipe-serving-detail","50","Brik a l'Oeuf — serving detail","/tools/afrokitchen/recipes/brik-tn/","/assets/img/kitchen/brik-tn-2.webp","1200x800","/assets/img/kitchen/brik-tn.webp","Serving detail of Brik a l'Oeuf","true","pending","Local hero exists, but the serving-detail slot -2 is absent in every extension.","Create a second editorial food photograph of Brik a l'Oeuf from Tunisia, using the existing hero /assets/img/kitchen/brik-tn.webp as the visual reference for the same dish, ingredients, tableware and lighting. Recipe brief: Tunisian brik à l'oeuf, a crisp malsouka pastry filled with egg, tuna, capers, parsley, onion, lemon, and harissa.. Show a closer serving view that reveals the interior or texture, using a serving utensil appropriate to the food; do not merely crop or duplicate the hero. Keep the portion believable and appetising, with no extra ingredients unsupported by the recipe. Landscape 1200x800, natural window light, realistic colour, main portion safely within central 80%. No text, numbers, labels, flags, logos, watermark, collage or UI. Deliver WebP with exact destination filename."
"91","recipe-serving-burundian-brochettes-bi","recipe-serving-detail","50","Burundian Brochettes — serving detail","/tools/afrokitchen/recipes/burundian-brochettes-bi/","/assets/img/kitchen/burundian-brochettes-bi-2.webp","1200x800","/assets/img/kitchen/burundian-brochettes-bi.webp","Serving detail of Burundian Brochettes","true","pending","Local hero exists, but the serving-detail slot -2 is absent in every extension.","Create a second editorial food photograph of Burundian Brochettes from Burundi, using the existing hero /assets/img/kitchen/burundian-brochettes-bi.webp as the visual reference for the same dish, ingredients, tableware and lighting. Recipe brief: Burundian Brochettes is a grill with beef or goat cubes, onion and pili pili. Serve. Show a closer serving view that reveals the interior or texture, using a serving utensil appropriate to the food; do not merely crop or duplicate the hero. Keep the portion believable and appetising, with no extra ingredients unsupported by the recipe. Landscape 1200x800, natural window light, realistic colour, main portion safely within central 80%. No text, numbers, labels, flags, logos, watermark, collage or UI. Deliver WebP with exact destination filename."
"92","recipe-serving-burundian-isombe","recipe-serving-detail","50","Burundian Isombe — serving detail","/tools/afrokitchen/recipes/burundian-isombe/","/assets/img/kitchen/burundian-isombe-2.webp","1200x800","/assets/img/kitchen/burundian-isombe.webp","Serving detail of Burundian Isombe","true","pending","Local hero exists, but the serving-detail slot -2 is absent in every extension.","Create a second editorial food photograph of Burundian Isombe from Burundi, using the existing hero /assets/img/kitchen/burundian-isombe.webp as the visual reference for the same dish, ingredients, tableware and lighting. Recipe brief: Burundi's version of pounded cassava leaves simmered with palm oil, onions, and a touch of dried fish.. Show a closer serving view that reveals the interior or texture, using a serving utensil appropriate to the food; do not merely crop or duplicate the hero. Keep the portion believable and appetising, with no extra ingredients unsupported by the recipe. Landscape 1200x800, natural window light, realistic colour, main portion safely within central 80%. No text, numbers, labels, flags, logos, watermark, collage or UI. Deliver WebP with exact destination filename."
"93","recipe-serving-buzio-caboverdiano-cv","recipe-serving-detail","50","Buzio Caboverdiano — serving detail","/tools/afrokitchen/recipes/buzio-caboverdiano-cv/","/assets/img/kitchen/buzio-caboverdiano-cv-2.webp","1200x800","/assets/img/kitchen/buzio-caboverdiano-cv.webp","Serving detail of Buzio Caboverdiano","true","pending","Local hero exists, but the serving-detail slot -2 is absent in every extension.","Create a second editorial food photograph of Buzio Caboverdiano from Cape Verde, using the existing hero /assets/img/kitchen/buzio-caboverdiano-cv.webp as the visual reference for the same dish, ingredients, tableware and lighting. Recipe brief: Cape Verdean sea snail or conch stew slow-cooked with onion, garlic, tomato, pepper, bay, potatoes, and herbs.. Show a closer serving view that reveals the interior or texture, using a serving utensil appropriate to the food; do not merely crop or duplicate the hero. Keep the portion believable and appetising, with no extra ingredients unsupported by the recipe. Landscape 1200x800, natural window light, realistic colour, main portion safely within central 80%. No text, numbers, labels, flags, logos, watermark, collage or UI. Deliver WebP with exact destination filename."
"94","recipe-serving-cabidela-de-galinha-ao","recipe-serving-detail","50","Cabidela de Galinha — serving detail","/tools/afrokitchen/recipes/cabidela-de-galinha-ao/","/assets/img/kitchen/cabidela-de-galinha-ao-2.webp","1200x800","/assets/img/kitchen/cabidela-de-galinha-ao.webp","Serving detail of Cabidela de Galinha","true","pending","Local hero exists, but the serving-detail slot -2 is absent in every extension.","Create a second editorial food photograph of Cabidela de Galinha from Angola, using the existing hero /assets/img/kitchen/cabidela-de-galinha-ao.webp as the visual reference for the same dish, ingredients, tableware and lighting. Recipe brief: Angolan-style chicken cabidela braised with vinegar, garlic, onion, bay, and a dark tangy sauce.. Show a closer serving view that reveals the interior or texture, using a serving utensil appropriate to the food; do not merely crop or duplicate the hero. Keep the portion believable and appetising, with no extra ingredients unsupported by the recipe. Landscape 1200x800, natural window light, realistic colour, main portion safely within central 80%. No text, numbers, labels, flags, logos, watermark, collage or UI. Deliver WebP with exact destination filename."
"95","recipe-serving-caldo-chabeu-gw","recipe-serving-detail","50","Caldo de Chabeu — serving detail","/tools/afrokitchen/recipes/caldo-chabeu-gw/","/assets/img/kitchen/caldo-chabeu-gw-2.webp","1200x800","/assets/img/kitchen/caldo-chabeu-gw.webp","Serving detail of Caldo de Chabeu","true","pending","Local hero exists, but the serving-detail slot -2 is absent in every extension.","Create a second editorial food photograph of Caldo de Chabeu from Guinea-Bissau, using the existing hero /assets/img/kitchen/caldo-chabeu-gw.webp as the visual reference for the same dish, ingredients, tableware and lighting. Recipe brief: Caldo de Chabeu is a stew with fish or chicken, palm fruit sauce. Serve. Show a closer serving view that reveals the interior or texture, using a serving utensil appropriate to the food; do not merely crop or duplicate the hero. Keep the portion believable and appetising, with no extra ingredients unsupported by the recipe. Landscape 1200x800, natural window light, realistic colour, main portion safely within central 80%. No text, numbers, labels, flags, logos, watermark, collage or UI. Deliver WebP with exact destination filename."
"96","recipe-serving-caldo-mancarra-gw","recipe-serving-detail","50","Caldo de Mancarra — serving detail","/tools/afrokitchen/recipes/caldo-mancarra-gw/","/assets/img/kitchen/caldo-mancarra-gw-2.webp","1200x800","/assets/img/kitchen/caldo-mancarra-gw.webp","Serving detail of Caldo de Mancarra","true","pending","Local hero exists, but the serving-detail slot -2 is absent in every extension.","Create a second editorial food photograph of Caldo de Mancarra from Guinea-Bissau, using the existing hero /assets/img/kitchen/caldo-mancarra-gw.webp as the visual reference for the same dish, ingredients, tableware and lighting. Recipe brief: Caldo de Mancarra is a stew with chicken or vegetables, peanut sauce. Serve. Show a closer serving view that reveals the interior or texture, using a serving utensil appropriate to the food; do not merely crop or duplicate the hero. Keep the portion believable and appetising, with no extra ingredients unsupported by the recipe. Landscape 1200x800, natural window light, realistic colour, main portion safely within central 80%. No text, numbers, labels, flags, logos, watermark, collage or UI. Deliver WebP with exact destination filename."
"97","recipe-serving-calulu-de-peixe-ao","recipe-serving-detail","50","Calulu de Peixe — serving detail","/tools/afrokitchen/recipes/calulu-de-peixe-ao/","/assets/img/kitchen/calulu-de-peixe-ao-2.webp","1200x800","/assets/img/kitchen/calulu-de-peixe-ao.webp","Serving detail of Calulu de Peixe","true","pending","Local hero exists, but the serving-detail slot -2 is absent in every extension.","Create a second editorial food photograph of Calulu de Peixe from Angola, using the existing hero /assets/img/kitchen/calulu-de-peixe-ao.webp as the visual reference for the same dish, ingredients, tableware and lighting. Recipe brief: Angolan fish calulu with fresh fish, dried fish, okra, eggplant, tomato, greens, and palm oil layered into a deep, savory stew.. Show a closer serving view that reveals the interior or texture, using a serving utensil appropriate to the food; do not merely crop or duplicate the hero. Keep the portion believable and appetising, with no extra ingredients unsupported by the recipe. Landscape 1200x800, natural window light, realistic colour, main portion safely within central 80%. No text, numbers, labels, flags, logos, watermark, collage or UI. Deliver WebP with exact destination filename."
"98","recipe-serving-cambaboor-dj","recipe-serving-detail","50","Cambaboor — serving detail","/tools/afrokitchen/recipes/cambaboor-dj/","/assets/img/kitchen/cambaboor-dj-2.webp","1200x800","/assets/img/kitchen/cambaboor-dj.webp","Serving detail of Cambaboor","true","pending","Local hero exists, but the serving-detail slot -2 is absent in every extension.","Create a second editorial food photograph of Cambaboor from Djibouti, using the existing hero /assets/img/kitchen/cambaboor-dj.webp as the visual reference for the same dish, ingredients, tableware and lighting. Recipe brief: Cambaboor is a bread with spiced injera batter, nigella and turmeric. Serve. Show a closer serving view that reveals the interior or texture, using a serving utensil appropriate to the food; do not merely crop or duplicate the hero. Keep the portion believable and appetising, with no extra ingredients unsupported by the recipe. Landscape 1200x800, natural window light, realistic colour, main portion safely within central 80%. No text, numbers, labels, flags, logos, watermark, collage or UI. Deliver WebP with exact destination filename."
"99","recipe-serving-canja-cv","recipe-serving-detail","50","Canja de Galinha — serving detail","/tools/afrokitchen/recipes/canja-cv/","/assets/img/kitchen/canja-cv-2.webp","1200x800","/assets/img/kitchen/canja-cv.webp","Serving detail of Canja de Galinha","true","pending","Local hero exists, but the serving-detail slot -2 is absent in every extension.","Create a second editorial food photograph of Canja de Galinha from Cape Verde, using the existing hero /assets/img/kitchen/canja-cv.webp as the visual reference for the same dish, ingredients, tableware and lighting. Recipe brief: A comforting Cape Verdean chicken and rice soup with vegetables and a squeeze of lime. The Cape Verdean version of the Portuguese classic, adapted with local spices.. Show a closer serving view that reveals the interior or texture, using a serving utensil appropriate to the food; do not merely crop or duplicate the hero. Keep the portion believable and appetising, with no extra ingredients unsupported by the recipe. Landscape 1200x800, natural window light, realistic colour, main portion safely within central 80%. No text, numbers, labels, flags, logos, watermark, collage or UI. Deliver WebP with exact destination filename."
"100","recipe-serving-canjeero","recipe-serving-detail","50","Canjeero — serving detail","/tools/afrokitchen/recipes/canjeero/","/assets/img/kitchen/canjeero-2.webp","1200x800","/assets/img/kitchen/canjeero.webp","Serving detail of Canjeero","true","pending","Local hero exists, but the serving-detail slot -2 is absent in every extension.","Create a second editorial food photograph of Canjeero from Somalia, using the existing hero /assets/img/kitchen/canjeero.webp as the visual reference for the same dish, ingredients, tableware and lighting. Recipe brief: Somali canjeero, a lightly fermented one-sided pancake with a soft, spongy surface and gentle tang.. Show a closer serving view that reveals the interior or texture, using a serving utensil appropriate to the food; do not merely crop or duplicate the hero. Keep the portion believable and appetising, with no extra ingredients unsupported by the recipe. Landscape 1200x800, natural window light, realistic colour, main portion safely within central 80%. No text, numbers, labels, flags, logos, watermark, collage or UI. Deliver WebP with exact destination filename."
"101","recipe-serving-ceebu-yapp-sn","recipe-serving-detail","50","Ceebu Yapp — serving detail","/tools/afrokitchen/recipes/ceebu-yapp-sn/","/assets/img/kitchen/ceebu-yapp-sn-2.webp","1200x800","/assets/img/kitchen/ceebu-yapp-sn.webp","Serving detail of Ceebu Yapp","true","pending","Local hero exists, but the serving-detail slot -2 is absent in every extension.","Create a second editorial food photograph of Ceebu Yapp from Senegal, using the existing hero /assets/img/kitchen/ceebu-yapp-sn.webp as the visual reference for the same dish, ingredients, tableware and lighting. Recipe brief: Senegalese meat and rice cooked with vegetables, onion, mustard, garlic, chile, and rich stock.. Show a closer serving view that reveals the interior or texture, using a serving utensil appropriate to the food; do not merely crop or duplicate the hero. Keep the portion believable and appetising, with no extra ingredients unsupported by the recipe. Landscape 1200x800, natural window light, realistic colour, main portion safely within central 80%. No text, numbers, labels, flags, logos, watermark, collage or UI. Deliver WebP with exact destination filename."
"102","recipe-serving-central-african-peanut-stew-cf","recipe-serving-detail","50","Central African Peanut Stew — serving detail","/tools/afrokitchen/recipes/central-african-peanut-stew-cf/","/assets/img/kitchen/central-african-peanut-stew-cf-2.webp","1200x800","/assets/img/kitchen/central-african-peanut-stew-cf.webp","Serving detail of Central African Peanut Stew","true","pending","Local hero exists, but the serving-detail slot -2 is absent in every extension.","Create a second editorial food photograph of Central African Peanut Stew from Central African Republic, using the existing hero /assets/img/kitchen/central-african-peanut-stew-cf.webp as the visual reference for the same dish, ingredients, tableware and lighting. Recipe brief: Central African Peanut Stew is a stew with beef or mushrooms, peanut paste. Serve. Show a closer serving view that reveals the interior or texture, using a serving utensil appropriate to the food; do not merely crop or duplicate the hero. Keep the portion believable and appetising, with no extra ingredients unsupported by the recipe. Landscape 1200x800, natural window light, realistic colour, main portion safely within central 80%. No text, numbers, labels, flags, logos, watermark, collage or UI. Deliver WebP with exact destination filename."
"103","recipe-serving-chabeu-gw","recipe-serving-detail","50","Caldo de Chabeu — serving detail","/tools/afrokitchen/recipes/chabeu-gw/","/assets/img/kitchen/chabeu-gw-2.webp","1200x800","/assets/img/kitchen/chabeu-gw.webp","Serving detail of Caldo de Chabeu","true","pending","Local hero exists, but the serving-detail slot -2 is absent in every extension.","Create a second editorial food photograph of Caldo de Chabeu from Guinea-Bissau, using the existing hero /assets/img/kitchen/chabeu-gw.webp as the visual reference for the same dish, ingredients, tableware and lighting. Recipe brief: Guinea-Bissau palm-oil broth with okra, tomato, onion, chile, and fish or meat, served over rice.. Show a closer serving view that reveals the interior or texture, using a serving utensil appropriate to the food; do not merely crop or duplicate the hero. Keep the portion believable and appetising, with no extra ingredients unsupported by the recipe. Landscape 1200x800, natural window light, realistic colour, main portion safely within central 80%. No text, numbers, labels, flags, logos, watermark, collage or UI. Deliver WebP with exact destination filename."
"104","recipe-serving-chakalaka-za","recipe-serving-detail","50","Chakalaka — serving detail","/tools/afrokitchen/recipes/chakalaka-za/","/assets/img/kitchen/chakalaka-za-2.webp","1200x800","/assets/img/kitchen/chakalaka-za.webp","Serving detail of Chakalaka","true","pending","Local hero exists, but the serving-detail slot -2 is absent in every extension.","Create a second editorial food photograph of Chakalaka from South Africa, using the existing hero /assets/img/kitchen/chakalaka-za.webp as the visual reference for the same dish, ingredients, tableware and lighting. Recipe brief: South African chakalaka, a spicy vegetable relish with carrots, peppers, tomato, baked beans, curry powder, onion, garlic, and chile.. Show a closer serving view that reveals the interior or texture, using a serving utensil appropriate to the food; do not merely crop or duplicate the hero. Keep the portion believable and appetising, with no extra ingredients unsupported by the recipe. Landscape 1200x800, natural window light, realistic colour, main portion safely within central 80%. No text, numbers, labels, flags, logos, watermark, collage or UI. Deliver WebP with exact destination filename."
"105","recipe-serving-chakhchoukha-dz","recipe-serving-detail","50","Chakhchoukha — serving detail","/tools/afrokitchen/recipes/chakhchoukha-dz/","/assets/img/kitchen/chakhchoukha-dz-2.webp","1200x800","/assets/img/kitchen/chakhchoukha-dz.webp","Serving detail of Chakhchoukha","true","pending","Local hero exists, but the serving-detail slot -2 is absent in every extension.","Create a second editorial food photograph of Chakhchoukha from Algeria, using the existing hero /assets/img/kitchen/chakhchoukha-dz.webp as the visual reference for the same dish, ingredients, tableware and lighting. Recipe brief: A rustic Algerian dish of hand-torn flatbread soaked in a rich, spiced tomato and lamb stew with chickpeas. A beloved comfort food from the eastern highlands.. Show a closer serving view that reveals the interior or texture, using a serving utensil appropriate to the food; do not merely crop or duplicate the hero. Keep the portion believable and appetising, with no extra ingredients unsupported by the recipe. Landscape 1200x800, natural window light, realistic colour, main portion safely within central 80%. No text, numbers, labels, flags, logos, watermark, collage or UI. Deliver WebP with exact destination filename."
"106","recipe-serving-chebakia-ma","recipe-serving-detail","50","Chebakia — serving detail","/tools/afrokitchen/recipes/chebakia-ma/","/assets/img/kitchen/chebakia-ma-2.webp","1200x800","/assets/img/kitchen/chebakia-ma.webp","Serving detail of Chebakia","true","pending","Local hero exists, but the serving-detail slot -2 is absent in every extension.","Create a second editorial food photograph of Chebakia from Morocco, using the existing hero /assets/img/kitchen/chebakia-ma.webp as the visual reference for the same dish, ingredients, tableware and lighting. Recipe brief: Moroccan sesame, almond, honey, and orange blossom pastries folded into flowers and fried for Ramadan.. Show a closer serving view that reveals the interior or texture, using a serving utensil appropriate to the food; do not merely crop or duplicate the hero. Keep the portion believable and appetising, with no extra ingredients unsupported by the recipe. Landscape 1200x800, natural window light, realistic colour, main portion safely within central 80%. No text, numbers, labels, flags, logos, watermark, collage or UI. Deliver WebP with exact destination filename."
"107","recipe-serving-chicken-pastilla-ma","recipe-serving-detail","50","Chicken Pastilla — serving detail","/tools/afrokitchen/recipes/chicken-pastilla-ma/","/assets/img/kitchen/chicken-pastilla-ma-2.webp","1200x800","/assets/img/kitchen/chicken-pastilla-ma.webp","Serving detail of Chicken Pastilla","true","pending","Local hero exists, but the serving-detail slot -2 is absent in every extension.","Create a second editorial food photograph of Chicken Pastilla from Morocco, using the existing hero /assets/img/kitchen/chicken-pastilla-ma.webp as the visual reference for the same dish, ingredients, tableware and lighting. Recipe brief: A Moroccan savory-sweet pie of spiced chicken, soft egg sauce, toasted almonds, cinnamon, and crisp pastry.. Show a closer serving view that reveals the interior or texture, using a serving utensil appropriate to the food; do not merely crop or duplicate the hero. Keep the portion believable and appetising, with no extra ingredients unsupported by the recipe. Landscape 1200x800, natural window light, realistic colour, main portion safely within central 80%. No text, numbers, labels, flags, logos, watermark, collage or UI. Deliver WebP with exact destination filename."
"108","recipe-serving-chicken-yassa-gm","recipe-serving-detail","50","Gambian Chicken Yassa — serving detail","/tools/afrokitchen/recipes/chicken-yassa-gm/","/assets/img/kitchen/chicken-yassa-gm-2.webp","1200x800","/assets/img/kitchen/chicken-yassa-gm.webp","Serving detail of Gambian Chicken Yassa","true","pending","Local hero exists, but the serving-detail slot -2 is absent in every extension.","Create a second editorial food photograph of Gambian Chicken Yassa from Gambia, using the existing hero /assets/img/kitchen/chicken-yassa-gm.webp as the visual reference for the same dish, ingredients, tableware and lighting. Recipe brief: Gambian chicken marinated in mustard, vinegar or lemon, onion, garlic, pepper, then fried and simmered with onion sauce.. Show a closer serving view that reveals the interior or texture, using a serving utensil appropriate to the food; do not merely crop or duplicate the hero. Keep the portion believable and appetising, with no extra ingredients unsupported by the recipe. Landscape 1200x800, natural window light, realistic colour, main portion safely within central 80%. No text, numbers, labels, flags, logos, watermark, collage or UI. Deliver WebP with exact destination filename."
"109","recipe-serving-chikanda","recipe-serving-detail","50","Chikanda — serving detail","/tools/afrokitchen/recipes/chikanda/","/assets/img/kitchen/chikanda-2.webp","1200x800","/assets/img/kitchen/chikanda.webp","Serving detail of Chikanda","true","pending","Local hero exists, but the serving-detail slot -2 is absent in every extension.","Create a second editorial food photograph of Chikanda from Zambia, using the existing hero /assets/img/kitchen/chikanda.webp as the visual reference for the same dish, ingredients, tableware and lighting. Recipe brief: Zambian chikanda, African polony made from wild orchid tuber powder, ground peanuts, baking soda, chile, and salt.. Show a closer serving view that reveals the interior or texture, using a serving utensil appropriate to the food; do not merely crop or duplicate the hero. Keep the portion believable and appetising, with no extra ingredients unsupported by the recipe. Landscape 1200x800, natural window light, realistic colour, main portion safely within central 80%. No text, numbers, labels, flags, logos, watermark, collage or UI. Deliver WebP with exact destination filename."
"110","recipe-serving-chipsi-mayai","recipe-serving-detail","50","Chipsi Mayai — serving detail","/tools/afrokitchen/recipes/chipsi-mayai/","/assets/img/kitchen/chipsi-mayai-2.webp","1200x800","/assets/img/kitchen/chipsi-mayai.webp","Serving detail of Chipsi Mayai","true","pending","Local hero exists, but the serving-detail slot -2 is absent in every extension.","Create a second editorial food photograph of Chipsi Mayai from Tanzania, using the existing hero /assets/img/kitchen/chipsi-mayai.webp as the visual reference for the same dish, ingredients, tableware and lighting. Recipe brief: Tanzanian chipsi mayai is a street-food omelette made with crisp fries, eggs, onion, tomato, and chile.. Show a closer serving view that reveals the interior or texture, using a serving utensil appropriate to the food; do not merely crop or duplicate the hero. Keep the portion believable and appetising, with no extra ingredients unsupported by the recipe. Landscape 1200x800, natural window light, realistic colour, main portion safely within central 80%. No text, numbers, labels, flags, logos, watermark, collage or UI. Deliver WebP with exact destination filename."
"111","recipe-serving-chorba-frik-dz","recipe-serving-detail","50","Chorba Frik — serving detail","/tools/afrokitchen/recipes/chorba-frik-dz/","/assets/img/kitchen/chorba-frik-dz-2.webp","1200x800","/assets/img/kitchen/chorba-frik-dz.webp","Serving detail of Chorba Frik","true","pending","Local hero exists, but the serving-detail slot -2 is absent in every extension.","Create a second editorial food photograph of Chorba Frik from Algeria, using the existing hero /assets/img/kitchen/chorba-frik-dz.webp as the visual reference for the same dish, ingredients, tableware and lighting. Recipe brief: Algerian tomato, lamb, chickpea, herb, and cracked green wheat soup traditionally served to open Ramadan meals.. Show a closer serving view that reveals the interior or texture, using a serving utensil appropriate to the food; do not merely crop or duplicate the hero. Keep the portion believable and appetising, with no extra ingredients unsupported by the recipe. Landscape 1200x800, natural window light, realistic colour, main portion safely within central 80%. No text, numbers, labels, flags, logos, watermark, collage or UI. Deliver WebP with exact destination filename."
"112","recipe-serving-dakouin-bj","recipe-serving-detail","50","Dakouin — serving detail","/tools/afrokitchen/recipes/dakouin-bj/","/assets/img/kitchen/dakouin-bj-2.webp","1200x800","/assets/img/kitchen/dakouin-bj.webp","Serving detail of Dakouin","true","pending","Local hero exists, but the serving-detail slot -2 is absent in every extension.","Create a second editorial food photograph of Dakouin from Benin, using the existing hero /assets/img/kitchen/dakouin-bj.webp as the visual reference for the same dish, ingredients, tableware and lighting. Recipe brief: Mono-region Beninese fish, tomato, and gari dish where cassava granules thicken a deeply seasoned fish broth.. Show a closer serving view that reveals the interior or texture, using a serving utensil appropriate to the food; do not merely crop or duplicate the hero. Keep the portion believable and appetising, with no extra ingredients unsupported by the recipe. Landscape 1200x800, natural window light, realistic colour, main portion safely within central 80%. No text, numbers, labels, flags, logos, watermark, collage or UI. Deliver WebP with exact destination filename."
"113","recipe-serving-dholl-puri","recipe-serving-detail","50","Dholl Puri — serving detail","/tools/afrokitchen/recipes/dholl-puri/","/assets/img/kitchen/dholl-puri-2.webp","1200x800","/assets/img/kitchen/dholl-puri.webp","Serving detail of Dholl Puri","true","pending","Local hero exists, but the serving-detail slot -2 is absent in every extension.","Create a second editorial food photograph of Dholl Puri from Mauritius, using the existing hero /assets/img/kitchen/dholl-puri.webp as the visual reference for the same dish, ingredients, tableware and lighting. Recipe brief: Mauritian dholl puri, thin yellow-split-pea flatbread folded around butter bean curry, rougaille, chutney, and achard.. Show a closer serving view that reveals the interior or texture, using a serving utensil appropriate to the food; do not merely crop or duplicate the hero. Keep the portion believable and appetising, with no extra ingredients unsupported by the recipe. Landscape 1200x800, natural window light, realistic colour, main portion safely within central 80%. No text, numbers, labels, flags, logos, watermark, collage or UI. Deliver WebP with exact destination filename."
"114","recipe-serving-eritrean-ful","recipe-serving-detail","50","Eritrean Ful Medames — serving detail","/tools/afrokitchen/recipes/eritrean-ful/","/assets/img/kitchen/eritrean-ful-2.webp","1200x800","/assets/img/kitchen/eritrean-ful.webp","Serving detail of Eritrean Ful Medames","true","pending","Local hero exists, but the serving-detail slot -2 is absent in every extension.","Create a second editorial food photograph of Eritrean Ful Medames from Eritrea, using the existing hero /assets/img/kitchen/eritrean-ful.webp as the visual reference for the same dish, ingredients, tableware and lighting. Recipe brief: Warm mashed fava beans finished with olive oil, lemon, cumin, chile, tomato, and berbere for an Eritrean breakfast bowl.. Show a closer serving view that reveals the interior or texture, using a serving utensil appropriate to the food; do not merely crop or duplicate the hero. Keep the portion believable and appetising, with no extra ingredients unsupported by the recipe. Landscape 1200x800, natural window light, realistic colour, main portion safely within central 80%. No text, numbers, labels, flags, logos, watermark, collage or UI. Deliver WebP with exact destination filename."
"115","recipe-serving-eritrean-shiro","recipe-serving-detail","50","Eritrean Shiro — serving detail","/tools/afrokitchen/recipes/eritrean-shiro/","/assets/img/kitchen/eritrean-shiro-2.webp","1200x800","/assets/img/kitchen/eritrean-shiro.webp","Serving detail of Eritrean Shiro","true","pending","Local hero exists, but the serving-detail slot -2 is absent in every extension.","Create a second editorial food photograph of Eritrean Shiro from Eritrea, using the existing hero /assets/img/kitchen/eritrean-shiro.webp as the visual reference for the same dish, ingredients, tableware and lighting. Recipe brief: Silky Eritrean chickpea-flour shiro simmered with onion, garlic, berbere, tomato, and oil until spoonable over injera.. Show a closer serving view that reveals the interior or texture, using a serving utensil appropriate to the food; do not merely crop or duplicate the hero. Keep the portion believable and appetising, with no extra ingredients unsupported by the recipe. Landscape 1200x800, natural window light, realistic colour, main portion safely within central 80%. No text, numbers, labels, flags, logos, watermark, collage or UI. Deliver WebP with exact destination filename."
"116","recipe-serving-eru-cm","recipe-serving-detail","50","Eru — serving detail","/tools/afrokitchen/recipes/eru-cm/","/assets/img/kitchen/eru-cm-2.webp","1200x800","/assets/img/kitchen/eru-cm.webp","Serving detail of Eru","true","pending","Local hero exists, but the serving-detail slot -2 is absent in every extension.","Create a second editorial food photograph of Eru from Cameroon, using the existing hero /assets/img/kitchen/eru-cm.webp as the visual reference for the same dish, ingredients, tableware and lighting. Recipe brief: A hearty stew of shredded eru leaves and waterleaf cooked with palm oil, smoked fish, and cow skin. A signature dish of the South-West Cameroon region.. Show a closer serving view that reveals the interior or texture, using a serving utensil appropriate to the food; do not merely crop or duplicate the hero. Keep the portion believable and appetising, with no extra ingredients unsupported by the recipe. Landscape 1200x800, natural window light, realistic colour, main portion safely within central 80%. No text, numbers, labels, flags, logos, watermark, collage or UI. Deliver WebP with exact destination filename."
"117","recipe-serving-fah-fah","recipe-serving-detail","50","Fah-Fah — serving detail","/tools/afrokitchen/recipes/fah-fah/","/assets/img/kitchen/fah-fah-2.webp","1200x800","/assets/img/kitchen/fah-fah.webp","Serving detail of Fah-Fah","true","pending","Local hero exists, but the serving-detail slot -2 is absent in every extension.","Create a second editorial food photograph of Fah-Fah from Djibouti, using the existing hero /assets/img/kitchen/fah-fah.webp as the visual reference for the same dish, ingredients, tableware and lighting. Recipe brief: Djibouti's hearty goat soup with vegetables, cumin, and chili — a restorative broth for all occasions.. Show a closer serving view that reveals the interior or texture, using a serving utensil appropriate to the food; do not merely crop or duplicate the hero. Keep the portion believable and appetising, with no extra ingredients unsupported by the recipe. Landscape 1200x800, natural window light, realistic colour, main portion safely within central 80%. No text, numbers, labels, flags, logos, watermark, collage or UI. Deliver WebP with exact destination filename."
"118","recipe-serving-fah-fah-dj","recipe-serving-detail","50","Fah-fah — serving detail","/tools/afrokitchen/recipes/fah-fah-dj/","/assets/img/kitchen/fah-fah-dj-2.webp","1200x800","/assets/img/kitchen/fah-fah-dj.webp","Serving detail of Fah-fah","true","pending","Local hero exists, but the serving-detail slot -2 is absent in every extension.","Create a second editorial food photograph of Fah-fah from Djibouti, using the existing hero /assets/img/kitchen/fah-fah-dj.webp as the visual reference for the same dish, ingredients, tableware and lighting. Recipe brief: Fah-fah is a soup with goat or lamb, cardamom and vegetables. Serve. Show a closer serving view that reveals the interior or texture, using a serving utensil appropriate to the food; do not merely crop or duplicate the hero. Keep the portion believable and appetising, with no extra ingredients unsupported by the recipe. Landscape 1200x800, natural window light, realistic colour, main portion safely within central 80%. No text, numbers, labels, flags, logos, watermark, collage or UI. Deliver WebP with exact destination filename."
"119","recipe-serving-fakoye-ml","recipe-serving-detail","50","Fakoye — serving detail","/tools/afrokitchen/recipes/fakoye-ml/","/assets/img/kitchen/fakoye-ml-2.webp","1200x800","/assets/img/kitchen/fakoye-ml.webp","Serving detail of Fakoye","true","pending","Local hero exists, but the serving-detail slot -2 is absent in every extension.","Create a second editorial food photograph of Fakoye from Mali, using the existing hero /assets/img/kitchen/fakoye-ml.webp as the visual reference for the same dish, ingredients, tableware and lighting. Recipe brief: Northern Malian fakoye leaf sauce with jute or molokhia leaves, dried fish, soumbala, onion, chile, and optional okra.. Show a closer serving view that reveals the interior or texture, using a serving utensil appropriate to the food; do not merely crop or duplicate the hero. Keep the portion believable and appetising, with no extra ingredients unsupported by the recipe. Landscape 1200x800, natural window light, realistic colour, main portion safely within central 80%. No text, numbers, labels, flags, logos, watermark, collage or UI. Deliver WebP with exact destination filename."
"120","recipe-serving-fangasou-td","recipe-serving-detail","50","Fangasou — serving detail","/tools/afrokitchen/recipes/fangasou-td/","/assets/img/kitchen/fangasou-td-2.webp","1200x800","/assets/img/kitchen/fangasou-td.webp","Serving detail of Fangasou","true","pending","Local hero exists, but the serving-detail slot -2 is absent in every extension.","Create a second editorial food photograph of Fangasou from Chad, using the existing hero /assets/img/kitchen/fangasou-td.webp as the visual reference for the same dish, ingredients, tableware and lighting. Recipe brief: Fangasou is a snack with millet flour, spice and onion. Serve. Show a closer serving view that reveals the interior or texture, using a serving utensil appropriate to the food; do not merely crop or duplicate the hero. Keep the portion believable and appetising, with no extra ingredients unsupported by the recipe. Landscape 1200x800, natural window light, realistic colour, main portion safely within central 80%. No text, numbers, labels, flags, logos, watermark, collage or UI. Deliver WebP with exact destination filename."
"121","recipe-serving-fataya-sn","recipe-serving-detail","50","Fataya — serving detail","/tools/afrokitchen/recipes/fataya-sn/","/assets/img/kitchen/fataya-sn-2.webp","1200x800","/assets/img/kitchen/fataya-sn.webp","Serving detail of Fataya","true","pending","Local hero exists, but the serving-detail slot -2 is absent in every extension.","Create a second editorial food photograph of Fataya from Senegal, using the existing hero /assets/img/kitchen/fataya-sn.webp as the visual reference for the same dish, ingredients, tableware and lighting. Recipe brief: Senegalese fried pastries filled with spiced fish or meat and served with tomato-onion dipping sauce.. Show a closer serving view that reveals the interior or texture, using a serving utensil appropriate to the food; do not merely crop or duplicate the hero. Keep the portion believable and appetising, with no extra ingredients unsupported by the recipe. Landscape 1200x800, natural window light, realistic colour, main portion safely within central 80%. No text, numbers, labels, flags, logos, watermark, collage or UI. Deliver WebP with exact destination filename."
"122","recipe-serving-feteer-meshaltet-eg","recipe-serving-detail","50","Feteer Meshaltet — serving detail","/tools/afrokitchen/recipes/feteer-meshaltet-eg/","/assets/img/kitchen/feteer-meshaltet-eg-2.webp","1200x800","/assets/img/kitchen/feteer-meshaltet-eg.webp","Serving detail of Feteer Meshaltet","true","pending","Local hero exists, but the serving-detail slot -2 is absent in every extension.","Create a second editorial food photograph of Feteer Meshaltet from Egypt, using the existing hero /assets/img/kitchen/feteer-meshaltet-eg.webp as the visual reference for the same dish, ingredients, tableware and lighting. Recipe brief: Layered Egyptian pastry made from stretched dough, ghee, and oil, baked into flaky golden sheets.. Show a closer serving view that reveals the interior or texture, using a serving utensil appropriate to the food; do not merely crop or duplicate the hero. Keep the portion believable and appetising, with no extra ingredients unsupported by the recipe. Landscape 1200x800, natural window light, realistic colour, main portion safely within central 80%. No text, numbers, labels, flags, logos, watermark, collage or UI. Deliver WebP with exact destination filename."
"123","recipe-serving-fish-couscous-tn","recipe-serving-detail","50","Tunisian Fish Couscous — serving detail","/tools/afrokitchen/recipes/fish-couscous-tn/","/assets/img/kitchen/fish-couscous-tn-2.webp","1200x800","/assets/img/kitchen/fish-couscous-tn.webp","Serving detail of Tunisian Fish Couscous","true","pending","Local hero exists, but the serving-detail slot -2 is absent in every extension.","Create a second editorial food photograph of Tunisian Fish Couscous from Tunisia, using the existing hero /assets/img/kitchen/fish-couscous-tn.webp as the visual reference for the same dish, ingredients, tableware and lighting. Recipe brief: Tunisian couscous steamed over spicy tomato fish broth with vegetables, chickpeas, and harissa.. Show a closer serving view that reveals the interior or texture, using a serving utensil appropriate to the food; do not merely crop or duplicate the hero. Keep the portion believable and appetising, with no extra ingredients unsupported by the recipe. Landscape 1200x800, natural window light, realistic colour, main portion safely within central 80%. No text, numbers, labels, flags, logos, watermark, collage or UI. Deliver WebP with exact destination filename."
"124","recipe-serving-fisherman-soup-ng","recipe-serving-detail","50","Fisherman Soup — serving detail","/tools/afrokitchen/recipes/fisherman-soup-ng/","/assets/img/kitchen/fisherman-soup-ng-2.webp","1200x800","/assets/img/kitchen/fisherman-soup-ng.webp","Serving detail of Fisherman Soup","true","pending","Local hero exists, but the serving-detail slot -2 is absent in every extension.","Create a second editorial food photograph of Fisherman Soup from Nigeria, using the existing hero /assets/img/kitchen/fisherman-soup-ng.webp as the visual reference for the same dish, ingredients, tableware and lighting. Recipe brief: South-South Nigerian seafood soup with fresh fish, prawns, periwinkles, crayfish, pepper, yam thickener, and aromatic leaves.. Show a closer serving view that reveals the interior or texture, using a serving utensil appropriate to the food; do not merely crop or duplicate the hero. Keep the portion believable and appetising, with no extra ingredients unsupported by the recipe. Landscape 1200x800, natural window light, realistic colour, main portion safely within central 80%. No text, numbers, labels, flags, logos, watermark, collage or UI. Deliver WebP with exact destination filename."
"125","recipe-serving-fouti-gn","recipe-serving-detail","50","Fouti — serving detail","/tools/afrokitchen/recipes/fouti-gn/","/assets/img/kitchen/fouti-gn-2.webp","1200x800","/assets/img/kitchen/fouti-gn.webp","Serving detail of Fouti","true","pending","Local hero exists, but the serving-detail slot -2 is absent in every extension.","Create a second editorial food photograph of Fouti from Guinea, using the existing hero /assets/img/kitchen/fouti-gn.webp as the visual reference for the same dish, ingredients, tableware and lighting. Recipe brief: Light steamed fonio shaped into a soft mound for Guinean sauces, especially leaf sauce or peanut sauce.. Show a closer serving view that reveals the interior or texture, using a serving utensil appropriate to the food; do not merely crop or duplicate the hero. Keep the portion believable and appetising, with no extra ingredients unsupported by the recipe. Landscape 1200x800, natural window light, realistic colour, main portion safely within central 80%. No text, numbers, labels, flags, logos, watermark, collage or UI. Deliver WebP with exact destination filename."
"126","recipe-serving-fouti-guinea-gn","recipe-serving-detail","50","Fouti — serving detail","/tools/afrokitchen/recipes/fouti-guinea-gn/","/assets/img/kitchen/fouti-guinea-gn-2.webp","1200x800","/assets/img/kitchen/fouti-guinea-gn.webp","Serving detail of Fouti","true","pending","Local hero exists, but the serving-detail slot -2 is absent in every extension.","Create a second editorial food photograph of Fouti from Guinea, using the existing hero /assets/img/kitchen/fouti-guinea-gn.webp as the visual reference for the same dish, ingredients, tableware and lighting. Recipe brief: Fouti is a porridge with rice or fonio, sour milk or yogurt. Serve. Show a closer serving view that reveals the interior or texture, using a serving utensil appropriate to the food; do not merely crop or duplicate the hero. Keep the portion believable and appetising, with no extra ingredients unsupported by the recipe. Landscape 1200x800, natural window light, realistic colour, main portion safely within central 80%. No text, numbers, labels, flags, logos, watermark, collage or UI. Deliver WebP with exact destination filename."
"127","recipe-serving-foutou-sauce-graine-ci","recipe-serving-detail","50","Foutou Sauce Graine — serving detail","/tools/afrokitchen/recipes/foutou-sauce-graine-ci/","/assets/img/kitchen/foutou-sauce-graine-ci-2.webp","1200x800","/assets/img/kitchen/foutou-sauce-graine-ci.webp","Serving detail of Foutou Sauce Graine","true","pending","Local hero exists, but the serving-detail slot -2 is absent in every extension.","Create a second editorial food photograph of Foutou Sauce Graine from Ivory Coast, using the existing hero /assets/img/kitchen/foutou-sauce-graine-ci.webp as the visual reference for the same dish, ingredients, tableware and lighting. Recipe brief: Ivorian pounded plantain or yam foutou served with rich palm nut sauce, smoked meat, fish, and chile.. Show a closer serving view that reveals the interior or texture, using a serving utensil appropriate to the food; do not merely crop or duplicate the hero. Keep the portion believable and appetising, with no extra ingredients unsupported by the recipe. Landscape 1200x800, natural window light, realistic colour, main portion safely within central 80%. No text, numbers, labels, flags, logos, watermark, collage or UI. Deliver WebP with exact destination filename."
"128","recipe-serving-fufu-gboma-dessi-tg","recipe-serving-detail","50","Fufu with Gboma Dessi — serving detail","/tools/afrokitchen/recipes/fufu-gboma-dessi-tg/","/assets/img/kitchen/fufu-gboma-dessi-tg-2.webp","1200x800","/assets/img/kitchen/fufu-gboma-dessi-tg.webp","Serving detail of Fufu with Gboma Dessi","true","pending","Local hero exists, but the serving-detail slot -2 is absent in every extension.","Create a second editorial food photograph of Fufu with Gboma Dessi from Togo, using the existing hero /assets/img/kitchen/fufu-gboma-dessi-tg.webp as the visual reference for the same dish, ingredients, tableware and lighting. Recipe brief: Togolese fufu with gboma dessi, pounded yam served with spinach tomato stew, palm oil, garlic, ginger, chile, and seafood or meat.. Show a closer serving view that reveals the interior or texture, using a serving utensil appropriate to the food; do not merely crop or duplicate the hero. Keep the portion believable and appetising, with no extra ingredients unsupported by the recipe. Landscape 1200x800, natural window light, realistic colour, main portion safely within central 80%. No text, numbers, labels, flags, logos, watermark, collage or UI. Deliver WebP with exact destination filename."
"129","recipe-serving-fufu-light-soup-gh","recipe-serving-detail","50","Fufu with Light Soup — serving detail","/tools/afrokitchen/recipes/fufu-light-soup-gh/","/assets/img/kitchen/fufu-light-soup-gh-2.webp","1200x800","/assets/img/kitchen/fufu-light-soup-gh.webp","Serving detail of Fufu with Light Soup","true","pending","Local hero exists, but the serving-detail slot -2 is absent in every extension.","Create a second editorial food photograph of Fufu with Light Soup from Ghana, using the existing hero /assets/img/kitchen/fufu-light-soup-gh.webp as the visual reference for the same dish, ingredients, tableware and lighting. Recipe brief: Ghanaian cassava-plantain fufu served with peppery tomato-based light soup and goat, chicken, or fish.. Show a closer serving view that reveals the interior or texture, using a serving utensil appropriate to the food; do not merely crop or duplicate the hero. Keep the portion believable and appetising, with no extra ingredients unsupported by the recipe. Landscape 1200x800, natural window light, realistic colour, main portion safely within central 80%. No text, numbers, labels, flags, logos, watermark, collage or UI. Deliver WebP with exact destination filename."
"130","recipe-serving-ful-medames-eg","recipe-serving-detail","50","Ful Medames — serving detail","/tools/afrokitchen/recipes/ful-medames-eg/","/assets/img/kitchen/ful-medames-eg-2.webp","1200x800","/assets/img/kitchen/ful-medames-eg.webp","Serving detail of Ful Medames","true","pending","Local hero exists, but the serving-detail slot -2 is absent in every extension.","Create a second editorial food photograph of Ful Medames from Egypt, using the existing hero /assets/img/kitchen/ful-medames-eg.webp as the visual reference for the same dish, ingredients, tableware and lighting. Recipe brief: Slow-cooked fava beans mashed with garlic, lemon, and cumin, drizzled with olive oil and served with warm pita. Egypt's beloved everyday breakfast.. Show a closer serving view that reveals the interior or texture, using a serving utensil appropriate to the food; do not merely crop or duplicate the hero. Keep the portion believable and appetising, with no extra ingredients unsupported by the recipe. Landscape 1200x800, natural window light, realistic colour, main portion safely within central 80%. No text, numbers, labels, flags, logos, watermark, collage or UI. Deliver WebP with exact destination filename."
"131","recipe-serving-fumbwa-cd","recipe-serving-detail","50","Fumbwa — serving detail","/tools/afrokitchen/recipes/fumbwa-cd/","/assets/img/kitchen/fumbwa-cd-2.webp","1200x800","/assets/img/kitchen/fumbwa-cd.webp","Serving detail of Fumbwa","true","pending","Local hero exists, but the serving-detail slot -2 is absent in every extension.","Create a second editorial food photograph of Fumbwa from Democratic Republic of Congo, using the existing hero /assets/img/kitchen/fumbwa-cd.webp as the visual reference for the same dish, ingredients, tableware and lighting. Recipe brief: Congolese wild spinach stew cooked with peanut, tomato, onion, palm oil, and smoked or salted fish.. Show a closer serving view that reveals the interior or texture, using a serving utensil appropriate to the food; do not merely crop or duplicate the hero. Keep the portion believable and appetising, with no extra ingredients unsupported by the recipe. Landscape 1200x800, natural window light, realistic colour, main portion safely within central 80%. No text, numbers, labels, flags, logos, watermark, collage or UI. Deliver WebP with exact destination filename."
"132","recipe-serving-funge-de-bombo-ao","recipe-serving-detail","50","Funge de Bombo — serving detail","/tools/afrokitchen/recipes/funge-de-bombo-ao/","/assets/img/kitchen/funge-de-bombo-ao-2.webp","1200x800","/assets/img/kitchen/funge-de-bombo-ao.webp","Serving detail of Funge de Bombo","true","pending","Local hero exists, but the serving-detail slot -2 is absent in every extension.","Create a second editorial food photograph of Funge de Bombo from Angola, using the existing hero /assets/img/kitchen/funge-de-bombo-ao.webp as the visual reference for the same dish, ingredients, tableware and lighting. Recipe brief: A smooth Angolan cassava swallow made by stirring cassava flour into hot water until thick, stretchy, and ready for stew.. Show a closer serving view that reveals the interior or texture, using a serving utensil appropriate to the food; do not merely crop or duplicate the hero. Keep the portion believable and appetising, with no extra ingredients unsupported by the recipe. Landscape 1200x800, natural window light, realistic colour, main portion safely within central 80%. No text, numbers, labels, flags, logos, watermark, collage or UI. Deliver WebP with exact destination filename."
"133","recipe-serving-futali-mw","recipe-serving-detail","50","Futali — serving detail","/tools/afrokitchen/recipes/futali-mw/","/assets/img/kitchen/futali-mw-2.webp","1200x800","/assets/img/kitchen/futali-mw.webp","Serving detail of Futali","true","pending","Local hero exists, but the serving-detail slot -2 is absent in every extension.","Create a second editorial food photograph of Futali from Malawi, using the existing hero /assets/img/kitchen/futali-mw.webp as the visual reference for the same dish, ingredients, tableware and lighting. Recipe brief: Futali is a main dish with pumpkin and sweet potato, peanut flour. Serve. Show a closer serving view that reveals the interior or texture, using a serving utensil appropriate to the food; do not merely crop or duplicate the hero. Keep the portion believable and appetising, with no extra ingredients unsupported by the recipe. Landscape 1200x800, natural window light, realistic colour, main portion safely within central 80%. No text, numbers, labels, flags, logos, watermark, collage or UI. Deliver WebP with exact destination filename."
"134","recipe-serving-ga-kenkey-fried-fish-gh","recipe-serving-detail","50","Ga Kenkey with Fried Fish — serving detail","/tools/afrokitchen/recipes/ga-kenkey-fried-fish-gh/","/assets/img/kitchen/ga-kenkey-fried-fish-gh-2.webp","1200x800","/assets/img/kitchen/ga-kenkey-fried-fish-gh.webp","Serving detail of Ga Kenkey with Fried Fish","true","pending","Local hero exists, but the serving-detail slot -2 is absent in every extension.","Create a second editorial food photograph of Ga Kenkey with Fried Fish from Ghana, using the existing hero /assets/img/kitchen/ga-kenkey-fried-fish-gh.webp as the visual reference for the same dish, ingredients, tableware and lighting. Recipe brief: Ga-style fermented corn dumplings served with fried fish, pepper sauce, and fresh tomato-onion relish.. Show a closer serving view that reveals the interior or texture, using a serving utensil appropriate to the food; do not merely crop or duplicate the hero. Keep the portion believable and appetising, with no extra ingredients unsupported by the recipe. Landscape 1200x800, natural window light, realistic colour, main portion safely within central 80%. No text, numbers, labels, flags, logos, watermark, collage or UI. Deliver WebP with exact destination filename."
"135","recipe-serving-gaat-er","recipe-serving-detail","50","Ga'at — serving detail","/tools/afrokitchen/recipes/gaat-er/","/assets/img/kitchen/gaat-er-2.webp","1200x800","/assets/img/kitchen/gaat-er.webp","Serving detail of Ga'at","true","pending","Local hero exists, but the serving-detail slot -2 is absent in every extension.","Create a second editorial food photograph of Ga'at from Eritrea, using the existing hero /assets/img/kitchen/gaat-er.webp as the visual reference for the same dish, ingredients, tableware and lighting. Recipe brief: Ga'at is a porridge with barley or wheat flour, berbere butter or yogurt. Serve. Show a closer serving view that reveals the interior or texture, using a serving utensil appropriate to the food; do not merely crop or duplicate the hero. Keep the portion believable and appetising, with no extra ingredients unsupported by the recipe. Landscape 1200x800, natural window light, realistic colour, main portion safely within central 80%. No text, numbers, labels, flags, logos, watermark, collage or UI. Deliver WebP with exact destination filename."
"136","recipe-serving-garba-ci","recipe-serving-detail","50","Garba — serving detail","/tools/afrokitchen/recipes/garba-ci/","/assets/img/kitchen/garba-ci-2.webp","1200x800","/assets/img/kitchen/garba-ci.webp","Serving detail of Garba","true","pending","Local hero exists, but the serving-detail slot -2 is absent in every extension.","Create a second editorial food photograph of Garba from Ivory Coast, using the existing hero /assets/img/kitchen/garba-ci.webp as the visual reference for the same dish, ingredients, tableware and lighting. Recipe brief: Abidjan street-food plate of attieke, fried tuna, raw onion-tomato-pepper relish, oil, and seasoning.. Show a closer serving view that reveals the interior or texture, using a serving utensil appropriate to the food; do not merely crop or duplicate the hero. Keep the portion believable and appetising, with no extra ingredients unsupported by the recipe. Landscape 1200x800, natural window light, realistic colour, main portion safely within central 80%. No text, numbers, labels, flags, logos, watermark, collage or UI. Deliver WebP with exact destination filename."
"137","recipe-serving-gateau-piment","recipe-serving-detail","50","Gateau Piment — serving detail","/tools/afrokitchen/recipes/gateau-piment/","/assets/img/kitchen/gateau-piment-2.webp","1200x800","/assets/img/kitchen/gateau-piment.webp","Serving detail of Gateau Piment","true","pending","Local hero exists, but the serving-detail slot -2 is absent in every extension.","Create a second editorial food photograph of Gateau Piment from Mauritius, using the existing hero /assets/img/kitchen/gateau-piment.webp as the visual reference for the same dish, ingredients, tableware and lighting. Recipe brief: Mauritian gateau piment, crisp chilli fritters made from soaked yellow split peas, herbs, cumin, and green chile.. Show a closer serving view that reveals the interior or texture, using a serving utensil appropriate to the food; do not merely crop or duplicate the hero. Keep the portion believable and appetising, with no extra ingredients unsupported by the recipe. Landscape 1200x800, natural window light, realistic colour, main portion safely within central 80%. No text, numbers, labels, flags, logos, watermark, collage or UI. Deliver WebP with exact destination filename."
"138","recipe-serving-gateaux-piments-mu","recipe-serving-detail","50","Gateaux Piments — serving detail","/tools/afrokitchen/recipes/gateaux-piments-mu/","/assets/img/kitchen/gateaux-piments-mu-2.webp","1200x800","/assets/img/kitchen/gateaux-piments-mu.webp","Serving detail of Gateaux Piments","true","pending","Local hero exists, but the serving-detail slot -2 is absent in every extension.","Create a second editorial food photograph of Gateaux Piments from Mauritius, using the existing hero /assets/img/kitchen/gateaux-piments-mu.webp as the visual reference for the same dish, ingredients, tableware and lighting. Recipe brief: Gateaux Piments is a snack with split peas, chili, cumin, and coriander. Serve. Show a closer serving view that reveals the interior or texture, using a serving utensil appropriate to the food; do not merely crop or duplicate the hero. Keep the portion believable and appetising, with no extra ingredients unsupported by the recipe. Landscape 1200x800, natural window light, realistic colour, main portion safely within central 80%. No text, numbers, labels, flags, logos, watermark, collage or UI. Deliver WebP with exact destination filename."
"139","recipe-serving-gb-soup-lr","recipe-serving-detail","50","GB Soup — serving detail","/tools/afrokitchen/recipes/gb-soup-lr/","/assets/img/kitchen/gb-soup-lr-2.webp","1200x800","/assets/img/kitchen/gb-soup-lr.webp","Serving detail of GB Soup","true","pending","Local hero exists, but the serving-detail slot -2 is absent in every extension.","Create a second editorial food photograph of GB Soup from Liberia, using the existing hero /assets/img/kitchen/gb-soup-lr.webp as the visual reference for the same dish, ingredients, tableware and lighting. Recipe brief: Liberian pepper soup for dumboy, usually built with meat or fish, okra, bitter balls, onion, tomato, and hot pepper.. Show a closer serving view that reveals the interior or texture, using a serving utensil appropriate to the food; do not merely crop or duplicate the hero. Keep the portion believable and appetising, with no extra ingredients unsupported by the recipe. Landscape 1200x800, natural window light, realistic colour, main portion safely within central 80%. No text, numbers, labels, flags, logos, watermark, collage or UI. Deliver WebP with exact destination filename."
"140","recipe-serving-genfo-et","recipe-serving-detail","50","Genfo — serving detail","/tools/afrokitchen/recipes/genfo-et/","/assets/img/kitchen/genfo-et-2.webp","1200x800","/assets/img/kitchen/genfo-et.webp","Serving detail of Genfo","true","pending","Local hero exists, but the serving-detail slot -2 is absent in every extension.","Create a second editorial food photograph of Genfo from Ethiopia, using the existing hero /assets/img/kitchen/genfo-et.webp as the visual reference for the same dish, ingredients, tableware and lighting. Recipe brief: Ethiopian thick barley or wheat porridge served with a well of spiced butter and berbere in the center.. Show a closer serving view that reveals the interior or texture, using a serving utensil appropriate to the food; do not merely crop or duplicate the hero. Keep the portion believable and appetising, with no extra ingredients unsupported by the recipe. Landscape 1200x800, natural window light, realistic colour, main portion safely within central 80%. No text, numbers, labels, flags, logos, watermark, collage or UI. Deliver WebP with exact destination filename."
"141","recipe-serving-ginger-beer-sl","recipe-serving-detail","50","Sierra Leone Ginger Beer — serving detail","/tools/afrokitchen/recipes/ginger-beer-sl/","/assets/img/kitchen/ginger-beer-sl-2.webp","1200x800","/assets/img/kitchen/ginger-beer-sl.webp","Serving detail of Sierra Leone Ginger Beer","true","pending","Local hero exists, but the serving-detail slot -2 is absent in every extension.","Create a second editorial food photograph of Sierra Leone Ginger Beer from Sierra Leone, using the existing hero /assets/img/kitchen/ginger-beer-sl.webp as the visual reference for the same dish, ingredients, tableware and lighting. Recipe brief: Sierra Leone Ginger Beer is a drink with fresh ginger, lime and sugar. Serve. Show a closer serving view that reveals the interior or texture, using a serving utensil appropriate to the food; do not merely crop or duplicate the hero. Keep the portion believable and appetising, with no extra ingredients unsupported by the recipe. Landscape 1200x800, natural window light, realistic colour, main portion safely within central 80%. No text, numbers, labels, flags, logos, watermark, collage or UI. Deliver WebP with exact destination filename."
"142","recipe-serving-ginger-juice-cf","recipe-serving-detail","50","Ginger Juice — serving detail","/tools/afrokitchen/recipes/ginger-juice-cf/","/assets/img/kitchen/ginger-juice-cf-2.webp","1200x800","/assets/img/kitchen/ginger-juice-cf.webp","Serving detail of Ginger Juice","true","pending","Local hero exists, but the serving-detail slot -2 is absent in every extension.","Create a second editorial food photograph of Ginger Juice from Central African Republic, using the existing hero /assets/img/kitchen/ginger-juice-cf.webp as the visual reference for the same dish, ingredients, tableware and lighting. Recipe brief: Ginger Juice is a drink with fresh ginger, lemon and sugar. Serve. Show a closer serving view that reveals the interior or texture, using a serving utensil appropriate to the food; do not merely crop or duplicate the hero. Keep the portion believable and appetising, with no extra ingredients unsupported by the recipe. Landscape 1200x800, natural window light, realistic colour, main portion safely within central 80%. No text, numbers, labels, flags, logos, watermark, collage or UI. Deliver WebP with exact destination filename."
"143","recipe-serving-ginger-juice-gn","recipe-serving-detail","50","Guinean Ginger Juice — serving detail","/tools/afrokitchen/recipes/ginger-juice-gn/","/assets/img/kitchen/ginger-juice-gn-2.webp","1200x800","/assets/img/kitchen/ginger-juice-gn.webp","Serving detail of Guinean Ginger Juice","true","pending","Local hero exists, but the serving-detail slot -2 is absent in every extension.","Create a second editorial food photograph of Guinean Ginger Juice from Guinea, using the existing hero /assets/img/kitchen/ginger-juice-gn.webp as the visual reference for the same dish, ingredients, tableware and lighting. Recipe brief: Guinean Ginger Juice is a drink with fresh ginger, pineapple and lime. Serve. Show a closer serving view that reveals the interior or texture, using a serving utensil appropriate to the food; do not merely crop or duplicate the hero. Keep the portion believable and appetising, with no extra ingredients unsupported by the recipe. Landscape 1200x800, natural window light, realistic colour, main portion safely within central 80%. No text, numbers, labels, flags, logos, watermark, collage or UI. Deliver WebP with exact destination filename."
"144","recipe-serving-ginger-pineapple-drink-gq","recipe-serving-detail","50","Ginger Pineapple Drink — serving detail","/tools/afrokitchen/recipes/ginger-pineapple-drink-gq/","/assets/img/kitchen/ginger-pineapple-drink-gq-2.webp","1200x800","/assets/img/kitchen/ginger-pineapple-drink-gq.webp","Serving detail of Ginger Pineapple Drink","true","pending","Local hero exists, but the serving-detail slot -2 is absent in every extension.","Create a second editorial food photograph of Ginger Pineapple Drink from Equatorial Guinea, using the existing hero /assets/img/kitchen/ginger-pineapple-drink-gq.webp as the visual reference for the same dish, ingredients, tableware and lighting. Recipe brief: Ginger Pineapple Drink is a drink with pineapple peel and ginger, lime and sugar. Serve. Show a closer serving view that reveals the interior or texture, using a serving utensil appropriate to the food; do not merely crop or duplicate the hero. Keep the portion believable and appetising, with no extra ingredients unsupported by the recipe. Landscape 1200x800, natural window light, realistic colour, main portion safely within central 80%. No text, numbers, labels, flags, logos, watermark, collage or UI. Deliver WebP with exact destination filename."
"145","recipe-serving-githeri-ke","recipe-serving-detail","50","Githeri — serving detail","/tools/afrokitchen/recipes/githeri-ke/","/assets/img/kitchen/githeri-ke-2.webp","1200x800","/assets/img/kitchen/githeri-ke.webp","Serving detail of Githeri","true","pending","Local hero exists, but the serving-detail slot -2 is absent in every extension.","Create a second editorial food photograph of Githeri from Kenya, using the existing hero /assets/img/kitchen/githeri-ke.webp as the visual reference for the same dish, ingredients, tableware and lighting. Recipe brief: A Kenyan maize and beans dish, often simmered plain or finished with onion, tomato, and vegetables.. Show a closer serving view that reveals the interior or texture, using a serving utensil appropriate to the food; do not merely crop or duplicate the hero. Keep the portion believable and appetising, with no extra ingredients unsupported by the recipe. Landscape 1200x800, natural window light, realistic colour, main portion safely within central 80%. No text, numbers, labels, flags, logos, watermark, collage or UI. Deliver WebP with exact destination filename."
"146","recipe-serving-gomen-et","recipe-serving-detail","50","Gomen — serving detail","/tools/afrokitchen/recipes/gomen-et/","/assets/img/kitchen/gomen-et-2.webp","1200x800","/assets/img/kitchen/gomen-et.webp","Serving detail of Gomen","true","pending","Local hero exists, but the serving-detail slot -2 is absent in every extension.","Create a second editorial food photograph of Gomen from Ethiopia, using the existing hero /assets/img/kitchen/gomen-et.webp as the visual reference for the same dish, ingredients, tableware and lighting. Recipe brief: Ethiopian collard greens sauteed with onion, garlic, ginger, chile, and spiced oil until tender and fragrant.. Show a closer serving view that reveals the interior or texture, using a serving utensil appropriate to the food; do not merely crop or duplicate the hero. Keep the portion believable and appetising, with no extra ingredients unsupported by the recipe. Landscape 1200x800, natural window light, realistic colour, main portion safely within central 80%. No text, numbers, labels, flags, logos, watermark, collage or UI. Deliver WebP with exact destination filename."
"147","recipe-serving-gonre-bf","recipe-serving-detail","50","Gonre — serving detail","/tools/afrokitchen/recipes/gonre-bf/","/assets/img/kitchen/gonre-bf-2.webp","1200x800","/assets/img/kitchen/gonre-bf.webp","Serving detail of Gonre","true","pending","Local hero exists, but the serving-detail slot -2 is absent in every extension.","Create a second editorial food photograph of Gonre from Burkina Faso, using the existing hero /assets/img/kitchen/gonre-bf.webp as the visual reference for the same dish, ingredients, tableware and lighting. Recipe brief: Burkinabe steamed bean cakes made from cowpea paste, peanut, leafy greens, and maize couscous.. Show a closer serving view that reveals the interior or texture, using a serving utensil appropriate to the food; do not merely crop or duplicate the hero. Keep the portion believable and appetising, with no extra ingredients unsupported by the recipe. Landscape 1200x800, natural window light, realistic colour, main portion safely within central 80%. No text, numbers, labels, flags, logos, watermark, collage or UI. Deliver WebP with exact destination filename."
"148","recipe-serving-grilled-fish-creole","recipe-serving-detail","50","Grilled Fish Creole — serving detail","/tools/afrokitchen/recipes/grilled-fish-creole/","/assets/img/kitchen/grilled-fish-creole-2.webp","1200x800","/assets/img/kitchen/grilled-fish-creole.webp","Serving detail of Grilled Fish Creole","true","pending","Local hero exists, but the serving-detail slot -2 is absent in every extension.","Create a second editorial food photograph of Grilled Fish Creole from Seychelles, using the existing hero /assets/img/kitchen/grilled-fish-creole.webp as the visual reference for the same dish, ingredients, tableware and lighting. Recipe brief: Seychellois grilled fish with garlic, ginger, lime, chile, and a chunky Creole tomato sauce.. Show a closer serving view that reveals the interior or texture, using a serving utensil appropriate to the food; do not merely crop or duplicate the hero. Keep the portion believable and appetising, with no extra ingredients unsupported by the recipe. Landscape 1200x800, natural window light, realistic colour, main portion safely within central 80%. No text, numbers, labels, flags, logos, watermark, collage or UI. Deliver WebP with exact destination filename."
"149","recipe-serving-groundnut-soup-gh","recipe-serving-detail","50","Groundnut Soup — serving detail","/tools/afrokitchen/recipes/groundnut-soup-gh/","/assets/img/kitchen/groundnut-soup-gh-2.webp","1200x800","/assets/img/kitchen/groundnut-soup-gh.webp","Serving detail of Groundnut Soup","true","pending","Local hero exists, but the serving-detail slot -2 is absent in every extension.","Create a second editorial food photograph of Groundnut Soup from Ghana, using the existing hero /assets/img/kitchen/groundnut-soup-gh.webp as the visual reference for the same dish, ingredients, tableware and lighting. Recipe brief: Ghanaian groundnut soup with chicken, peanut paste, tomato, ginger, chile, and a silky broth for fufu or rice balls.. Show a closer serving view that reveals the interior or texture, using a serving utensil appropriate to the food; do not merely crop or duplicate the hero. Keep the portion believable and appetising, with no extra ingredients unsupported by the recipe. Landscape 1200x800, natural window light, realistic colour, main portion safely within central 80%. No text, numbers, labels, flags, logos, watermark, collage or UI. Deliver WebP with exact destination filename."
"150","recipe-serving-groundnut-stew-sl","recipe-serving-detail","50","Groundnut Stew — serving detail","/tools/afrokitchen/recipes/groundnut-stew-sl/","/assets/img/kitchen/groundnut-stew-sl-2.webp","1200x800","/assets/img/kitchen/groundnut-stew-sl.webp","Serving detail of Groundnut Stew","true","pending","Local hero exists, but the serving-detail slot -2 is absent in every extension.","Create a second editorial food photograph of Groundnut Stew from Sierra Leone, using the existing hero /assets/img/kitchen/groundnut-stew-sl.webp as the visual reference for the same dish, ingredients, tableware and lighting. Recipe brief: Sierra Leonean groundnut stew with chicken, peanut butter, tomato, onion, garlic, ginger, chile, and rich stock.. Show a closer serving view that reveals the interior or texture, using a serving utensil appropriate to the food; do not merely crop or duplicate the hero. Keep the portion believable and appetising, with no extra ingredients unsupported by the recipe. Landscape 1200x800, natural window light, realistic colour, main portion safely within central 80%. No text, numbers, labels, flags, logos, watermark, collage or UI. Deliver WebP with exact destination filename."
"151","recipe-serving-gurasa-sd","recipe-serving-detail","50","Gurasa — serving detail","/tools/afrokitchen/recipes/gurasa-sd/","/assets/img/kitchen/gurasa-sd-2.webp","1200x800","/assets/img/kitchen/gurasa-sd.webp","Serving detail of Gurasa","true","pending","Local hero exists, but the serving-detail slot -2 is absent in every extension.","Create a second editorial food photograph of Gurasa from Sudan, using the existing hero /assets/img/kitchen/gurasa-sd.webp as the visual reference for the same dish, ingredients, tableware and lighting. Recipe brief: Sudanese soft wheat flatbread cooked on a griddle and served with stews, mullah, or spiced meat.. Show a closer serving view that reveals the interior or texture, using a serving utensil appropriate to the food; do not merely crop or duplicate the hero. Keep the portion believable and appetising, with no extra ingredients unsupported by the recipe. Landscape 1200x800, natural window light, realistic colour, main portion safely within central 80%. No text, numbers, labels, flags, logos, watermark, collage or UI. Deliver WebP with exact destination filename."
"152","recipe-serving-harira-ma","recipe-serving-detail","50","Harira — serving detail","/tools/afrokitchen/recipes/harira-ma/","/assets/img/kitchen/harira-ma-2.webp","1200x800","/assets/img/kitchen/harira-ma.webp","Serving detail of Harira","true","pending","Local hero exists, but the serving-detail slot -2 is absent in every extension.","Create a second editorial food photograph of Harira from Morocco, using the existing hero /assets/img/kitchen/harira-ma.webp as the visual reference for the same dish, ingredients, tableware and lighting. Recipe brief: Moroccan harira, a Ramadan tomato soup with lamb, chickpeas, lentils, celery, herbs, vermicelli, and lemon.. Show a closer serving view that reveals the interior or texture, using a serving utensil appropriate to the food; do not merely crop or duplicate the hero. Keep the portion believable and appetising, with no extra ingredients unsupported by the recipe. Landscape 1200x800, natural window light, realistic colour, main portion safely within central 80%. No text, numbers, labels, flags, logos, watermark, collage or UI. Deliver WebP with exact destination filename."
"153","recipe-serving-hawawshi-eg","recipe-serving-detail","50","Hawawshi — serving detail","/tools/afrokitchen/recipes/hawawshi-eg/","/assets/img/kitchen/hawawshi-eg-2.webp","1200x800","/assets/img/kitchen/hawawshi-eg.webp","Serving detail of Hawawshi","true","pending","Local hero exists, but the serving-detail slot -2 is absent in every extension.","Create a second editorial food photograph of Hawawshi from Egypt, using the existing hero /assets/img/kitchen/hawawshi-eg.webp as the visual reference for the same dish, ingredients, tableware and lighting. Recipe brief: Egyptian baladi bread stuffed with spiced minced beef, onion, pepper, parsley, and chili, then baked until crisp.. Show a closer serving view that reveals the interior or texture, using a serving utensil appropriate to the food; do not merely crop or duplicate the hero. Keep the portion believable and appetising, with no extra ingredients unsupported by the recipe. Landscape 1200x800, natural window light, realistic colour, main portion safely within central 80%. No text, numbers, labels, flags, logos, watermark, collage or UI. Deliver WebP with exact destination filename."
"154","recipe-serving-hraime-ly","recipe-serving-detail","50","Hraime Libyan Fish — serving detail","/tools/afrokitchen/recipes/hraime-ly/","/assets/img/kitchen/hraime-ly-2.webp","1200x800","/assets/img/kitchen/hraime-ly.webp","Serving detail of Hraime Libyan Fish","true","pending","Local hero exists, but the serving-detail slot -2 is absent in every extension.","Create a second editorial food photograph of Hraime Libyan Fish from Libya, using the existing hero /assets/img/kitchen/hraime-ly.webp as the visual reference for the same dish, ingredients, tableware and lighting. Recipe brief: Libyan Jewish-style fish simmered in a fiery tomato, garlic, caraway, cumin, paprika, and chili sauce.. Show a closer serving view that reveals the interior or texture, using a serving utensil appropriate to the food; do not merely crop or duplicate the hero. Keep the portion believable and appetising, with no extra ingredients unsupported by the recipe. Landscape 1200x800, natural window light, realistic colour, main portion safely within central 80%. No text, numbers, labels, flags, logos, watermark, collage or UI. Deliver WebP with exact destination filename."
"155","recipe-serving-ibiharage-bi","recipe-serving-detail","50","Ibiharage — serving detail","/tools/afrokitchen/recipes/ibiharage-bi/","/assets/img/kitchen/ibiharage-bi-2.webp","1200x800","/assets/img/kitchen/ibiharage-bi.webp","Serving detail of Ibiharage","true","pending","Local hero exists, but the serving-detail slot -2 is absent in every extension.","Create a second editorial food photograph of Ibiharage from Burundi, using the existing hero /assets/img/kitchen/ibiharage-bi.webp as the visual reference for the same dish, ingredients, tableware and lighting. Recipe brief: Ibiharage is a stew with red beans, tomato and onion. Serve. Show a closer serving view that reveals the interior or texture, using a serving utensil appropriate to the food; do not merely crop or duplicate the hero. Keep the portion believable and appetising, with no extra ingredients unsupported by the recipe. Landscape 1200x800, natural window light, realistic colour, main portion safely within central 80%. No text, numbers, labels, flags, logos, watermark, collage or UI. Deliver WebP with exact destination filename."
"156","recipe-serving-igisafuria","recipe-serving-detail","50","Igisafuliya — serving detail","/tools/afrokitchen/recipes/igisafuria/","/assets/img/kitchen/igisafuria-2.webp","1200x800","/assets/img/kitchen/igisafuria.webp","Serving detail of Igisafuliya","true","pending","Local hero exists, but the serving-detail slot -2 is absent in every extension.","Create a second editorial food photograph of Igisafuliya from Rwanda, using the existing hero /assets/img/kitchen/igisafuria.webp as the visual reference for the same dish, ingredients, tableware and lighting. Recipe brief: Rwandan igisafuliya, a one-pot stew of chicken or beef, green plantains, potatoes, tomatoes, carrots, and green beans.. Show a closer serving view that reveals the interior or texture, using a serving utensil appropriate to the food; do not merely crop or duplicate the hero. Keep the portion believable and appetising, with no extra ingredients unsupported by the recipe. Landscape 1200x800, natural window light, realistic colour, main portion safely within central 80%. No text, numbers, labels, flags, logos, watermark, collage or UI. Deliver WebP with exact destination filename."
"157","recipe-serving-ikivuguto-bi","recipe-serving-detail","50","Ikivuguto — serving detail","/tools/afrokitchen/recipes/ikivuguto-bi/","/assets/img/kitchen/ikivuguto-bi-2.webp","1200x800","/assets/img/kitchen/ikivuguto-bi.webp","Serving detail of Ikivuguto","true","pending","Local hero exists, but the serving-detail slot -2 is absent in every extension.","Create a second editorial food photograph of Ikivuguto from Burundi, using the existing hero /assets/img/kitchen/ikivuguto-bi.webp as the visual reference for the same dish, ingredients, tableware and lighting. Recipe brief: Ikivuguto is a drink with milk, live yogurt starter. Serve. Show a closer serving view that reveals the interior or texture, using a serving utensil appropriate to the food; do not merely crop or duplicate the hero. Keep the portion believable and appetising, with no extra ingredients unsupported by the recipe. Landscape 1200x800, natural window light, realistic colour, main portion safely within central 80%. No text, numbers, labels, flags, logos, watermark, collage or UI. Deliver WebP with exact destination filename."
"158","recipe-serving-incwancwa-sz","recipe-serving-detail","50","Incwancwa — serving detail","/tools/afrokitchen/recipes/incwancwa-sz/","/assets/img/kitchen/incwancwa-sz-2.webp","1200x800","/assets/img/kitchen/incwancwa-sz.webp","Serving detail of Incwancwa","true","pending","Local hero exists, but the serving-detail slot -2 is absent in every extension.","Create a second editorial food photograph of Incwancwa from Eswatini, using the existing hero /assets/img/kitchen/incwancwa-sz.webp as the visual reference for the same dish, ingredients, tableware and lighting. Recipe brief: A tangy Swazi fermented maize porridge, served softly spoonable or thinned into a refreshing sour drink.. Show a closer serving view that reveals the interior or texture, using a serving utensil appropriate to the food; do not merely crop or duplicate the hero. Keep the portion believable and appetising, with no extra ingredients unsupported by the recipe. Landscape 1200x800, natural window light, realistic colour, main portion safely within central 80%. No text, numbers, labels, flags, logos, watermark, collage or UI. Deliver WebP with exact destination filename."
"159","recipe-serving-injera","recipe-serving-detail","50","Injera — serving detail","/tools/afrokitchen/recipes/injera/","/assets/img/kitchen/injera-2.webp","1200x800","/assets/img/kitchen/injera.webp","Serving detail of Injera","true","pending","Local hero exists, but the serving-detail slot -2 is absent in every extension.","Create a second editorial food photograph of Injera from Ethiopia, using the existing hero /assets/img/kitchen/injera.webp as the visual reference for the same dish, ingredients, tableware and lighting. Recipe brief: A tangy Ethiopian teff flatbread fermented for two to three days, finished with absit, and cooked on one side until full of eyes.. Show a closer serving view that reveals the interior or texture, using a serving utensil appropriate to the food; do not merely crop or duplicate the hero. Keep the portion believable and appetising, with no extra ingredients unsupported by the recipe. Landscape 1200x800, natural window light, realistic colour, main portion safely within central 80%. No text, numbers, labels, flags, logos, watermark, collage or UI. Deliver WebP with exact destination filename."
"160","recipe-serving-isombe","recipe-serving-detail","50","Isombe — serving detail","/tools/afrokitchen/recipes/isombe/","/assets/img/kitchen/isombe-2.webp","1200x800","/assets/img/kitchen/isombe.webp","Serving detail of Isombe","true","pending","Local hero exists, but the serving-detail slot -2 is absent in every extension.","Create a second editorial food photograph of Isombe from Rwanda, using the existing hero /assets/img/kitchen/isombe.webp as the visual reference for the same dish, ingredients, tableware and lighting. Recipe brief: Rwandan isombe, pounded cassava leaves simmered with peanut butter, palm oil, eggplant, spinach, onion, garlic, and pepper.. Show a closer serving view that reveals the interior or texture, using a serving utensil appropriate to the food; do not merely crop or duplicate the hero. Keep the portion believable and appetising, with no extra ingredients unsupported by the recipe. Landscape 1200x800, natural window light, realistic colour, main portion safely within central 80%. No text, numbers, labels, flags, logos, watermark, collage or UI. Deliver WebP with exact destination filename."
"161","recipe-serving-isombe-peanut-bi","recipe-serving-detail","50","Isombe with Peanut — serving detail","/tools/afrokitchen/recipes/isombe-peanut-bi/","/assets/img/kitchen/isombe-peanut-bi-2.webp","1200x800","/assets/img/kitchen/isombe-peanut-bi.webp","Serving detail of Isombe with Peanut","true","pending","Local hero exists, but the serving-detail slot -2 is absent in every extension.","Create a second editorial food photograph of Isombe with Peanut from Burundi, using the existing hero /assets/img/kitchen/isombe-peanut-bi.webp as the visual reference for the same dish, ingredients, tableware and lighting. Recipe brief: Isombe with Peanut is a stew with Peanut is a stew. Show a closer serving view that reveals the interior or texture, using a serving utensil appropriate to the food; do not merely crop or duplicate the hero. Keep the portion believable and appetising, with no extra ingredients unsupported by the recipe. Landscape 1200x800, natural window light, realistic colour, main portion safely within central 80%. No text, numbers, labels, flags, logos, watermark, collage or UI. Deliver WebP with exact destination filename."
"162","recipe-serving-jagacida-cv","recipe-serving-detail","50","Jagacida — serving detail","/tools/afrokitchen/recipes/jagacida-cv/","/assets/img/kitchen/jagacida-cv-2.webp","1200x800","/assets/img/kitchen/jagacida-cv.webp","Serving detail of Jagacida","true","pending","Local hero exists, but the serving-detail slot -2 is absent in every extension.","Create a second editorial food photograph of Jagacida from Cape Verde, using the existing hero /assets/img/kitchen/jagacida-cv.webp as the visual reference for the same dish, ingredients, tableware and lighting. Recipe brief: Cape Verdean beans and rice cooked with onion, garlic, bay, and linguiça-style sausage or kept vegetarian.. Show a closer serving view that reveals the interior or texture, using a serving utensil appropriate to the food; do not merely crop or duplicate the hero. Keep the portion believable and appetising, with no extra ingredients unsupported by the recipe. Landscape 1200x800, natural window light, realistic colour, main portion safely within central 80%. No text, numbers, labels, flags, logos, watermark, collage or UI. Deliver WebP with exact destination filename."
"163","recipe-serving-jarret-boeuf-td","recipe-serving-detail","50","Jarret de Boeuf — serving detail","/tools/afrokitchen/recipes/jarret-boeuf-td/","/assets/img/kitchen/jarret-boeuf-td-2.webp","1200x800","/assets/img/kitchen/jarret-boeuf-td.webp","Serving detail of Jarret de Boeuf","true","pending","Local hero exists, but the serving-detail slot -2 is absent in every extension.","Create a second editorial food photograph of Jarret de Boeuf from Chad, using the existing hero /assets/img/kitchen/jarret-boeuf-td.webp as the visual reference for the same dish, ingredients, tableware and lighting. Recipe brief: Jarret de Boeuf is a main dish with beef shank, tomato and garlic. Serve. Show a closer serving view that reveals the interior or texture, using a serving utensil appropriate to the food; do not merely crop or duplicate the hero. Keep the portion believable and appetising, with no extra ingredients unsupported by the recipe. Landscape 1200x800, natural window light, realistic colour, main portion safely within central 80%. No text, numbers, labels, flags, logos, watermark, collage or UI. Deliver WebP with exact destination filename."
"164","recipe-serving-jollof-rice-gq","recipe-serving-detail","50","Jollof Rice Equatoguineano — serving detail","/tools/afrokitchen/recipes/jollof-rice-gq/","/assets/img/kitchen/jollof-rice-gq-2.webp","1200x800","/assets/img/kitchen/jollof-rice-gq.webp","Serving detail of Jollof Rice Equatoguineano","true","pending","Local hero exists, but the serving-detail slot -2 is absent in every extension.","Create a second editorial food photograph of Jollof Rice Equatoguineano from Equatorial Guinea, using the existing hero /assets/img/kitchen/jollof-rice-gq.webp as the visual reference for the same dish, ingredients, tableware and lighting. Recipe brief: A smoky Equatoguinean-style tomato rice cooked with peppers, palm oil, bay leaf, and a gentle Spanish paprika accent.. Show a closer serving view that reveals the interior or texture, using a serving utensil appropriate to the food; do not merely crop or duplicate the hero. Keep the portion believable and appetising, with no extra ingredients unsupported by the recipe. Landscape 1200x800, natural window light, realistic colour, main portion safely within central 80%. No text, numbers, labels, flags, logos, watermark, collage or UI. Deliver WebP with exact destination filename."
"165","recipe-serving-jollof-rice-lr","recipe-serving-detail","50","Liberian Jollof Rice — serving detail","/tools/afrokitchen/recipes/jollof-rice-lr/","/assets/img/kitchen/jollof-rice-lr-2.webp","1200x800","/assets/img/kitchen/jollof-rice-lr.webp","Serving detail of Liberian Jollof Rice","true","pending","Local hero exists, but the serving-detail slot -2 is absent in every extension.","Create a second editorial food photograph of Liberian Jollof Rice from Liberia, using the existing hero /assets/img/kitchen/jollof-rice-lr.webp as the visual reference for the same dish, ingredients, tableware and lighting. Recipe brief: Liberian jollof rice with chicken, smoked turkey, tomato stew, bell pepper, stock, thyme, bay, and mixed vegetables.. Show a closer serving view that reveals the interior or texture, using a serving utensil appropriate to the food; do not merely crop or duplicate the hero. Keep the portion believable and appetising, with no extra ingredients unsupported by the recipe. Landscape 1200x800, natural window light, realistic colour, main portion safely within central 80%. No text, numbers, labels, flags, logos, watermark, collage or UI. Deliver WebP with exact destination filename."
"166","recipe-serving-jus-tamarin-km","recipe-serving-detail","50","Jus de Tamarin — serving detail","/tools/afrokitchen/recipes/jus-tamarin-km/","/assets/img/kitchen/jus-tamarin-km-2.webp","1200x800","/assets/img/kitchen/jus-tamarin-km.webp","Serving detail of Jus de Tamarin","true","pending","Local hero exists, but the serving-detail slot -2 is absent in every extension.","Create a second editorial food photograph of Jus de Tamarin from Comoros, using the existing hero /assets/img/kitchen/jus-tamarin-km.webp as the visual reference for the same dish, ingredients, tableware and lighting. Recipe brief: Jus de Tamarin is a drink with tamarind pulp, ginger and sugar. Serve. Show a closer serving view that reveals the interior or texture, using a serving utensil appropriate to the food; do not merely crop or duplicate the hero. Keep the portion believable and appetising, with no extra ingredients unsupported by the recipe. Landscape 1200x800, natural window light, realistic colour, main portion safely within central 80%. No text, numbers, labels, flags, logos, watermark, collage or UI. Deliver WebP with exact destination filename."
"167","recipe-serving-jus-tamarin-td","recipe-serving-detail","50","Chadian Tamarind Juice — serving detail","/tools/afrokitchen/recipes/jus-tamarin-td/","/assets/img/kitchen/jus-tamarin-td-2.webp","1200x800","/assets/img/kitchen/jus-tamarin-td.webp","Serving detail of Chadian Tamarind Juice","true","pending","Local hero exists, but the serving-detail slot -2 is absent in every extension.","Create a second editorial food photograph of Chadian Tamarind Juice from Chad, using the existing hero /assets/img/kitchen/jus-tamarin-td.webp as the visual reference for the same dish, ingredients, tableware and lighting. Recipe brief: Chadian Tamarind Juice is a drink with tamarind pulp, ginger and sugar. Serve. Show a closer serving view that reveals the interior or texture, using a serving utensil appropriate to the food; do not merely crop or duplicate the hero. Keep the portion believable and appetising, with no extra ingredients unsupported by the recipe. Landscape 1200x800, natural window light, realistic colour, main portion safely within central 80%. No text, numbers, labels, flags, logos, watermark, collage or UI. Deliver WebP with exact destination filename."
"168","recipe-serving-kanda-ti-nyma-cf","recipe-serving-detail","50","Kanda ti Nyma — serving detail","/tools/afrokitchen/recipes/kanda-ti-nyma-cf/","/assets/img/kitchen/kanda-ti-nyma-cf-2.webp","1200x800","/assets/img/kitchen/kanda-ti-nyma-cf.webp","Serving detail of Kanda ti Nyma","true","pending","Local hero exists, but the serving-detail slot -2 is absent in every extension.","Create a second editorial food photograph of Kanda ti Nyma from Central African Republic, using the existing hero /assets/img/kitchen/kanda-ti-nyma-cf.webp as the visual reference for the same dish, ingredients, tableware and lighting. Recipe brief: Savoury beef meatballs simmered in a thick peanut and tomato sauce. A hearty dish from the Central African Republic that is packed with protein and flavour.. Show a closer serving view that reveals the interior or texture, using a serving utensil appropriate to the food; do not merely crop or duplicate the hero. Keep the portion believable and appetising, with no extra ingredients unsupported by the recipe. Landscape 1200x800, natural window light, realistic colour, main portion safely within central 80%. No text, numbers, labels, flags, logos, watermark, collage or UI. Deliver WebP with exact destination filename."
"169","recipe-serving-kapana-na","recipe-serving-detail","50","Kapana — serving detail","/tools/afrokitchen/recipes/kapana-na/","/assets/img/kitchen/kapana-na-2.webp","1200x800","/assets/img/kitchen/kapana-na.webp","Serving detail of Kapana","true","pending","Local hero exists, but the serving-detail slot -2 is absent in every extension.","Create a second editorial food photograph of Kapana from Namibia, using the existing hero /assets/img/kitchen/kapana-na.webp as the visual reference for the same dish, ingredients, tableware and lighting. Recipe brief: Namibian kapana, fast-grilled beef strips tossed with kapana spice and served with tomato, onion, chile, vinegar, and oil salsa.. Show a closer serving view that reveals the interior or texture, using a serving utensil appropriate to the food; do not merely crop or duplicate the hero. Keep the portion believable and appetising, with no extra ingredients unsupported by the recipe. Landscape 1200x800, natural window light, realistic colour, main portion safely within central 80%. No text, numbers, labels, flags, logos, watermark, collage or UI. Deliver WebP with exact destination filename."
"170","recipe-serving-kapenta","recipe-serving-detail","50","Kapenta — serving detail","/tools/afrokitchen/recipes/kapenta/","/assets/img/kitchen/kapenta-2.webp","1200x800","/assets/img/kitchen/kapenta.webp","Serving detail of Kapenta","true","pending","Local hero exists, but the serving-detail slot -2 is absent in every extension.","Create a second editorial food photograph of Kapenta from Zambia, using the existing hero /assets/img/kitchen/kapenta.webp as the visual reference for the same dish, ingredients, tableware and lighting. Recipe brief: Zambian kapenta, tiny dried fish rinsed, fried crisp, then cooked with onion, tomato, garlic, green pepper, and chile.. Show a closer serving view that reveals the interior or texture, using a serving utensil appropriate to the food; do not merely crop or duplicate the hero. Keep the portion believable and appetising, with no extra ingredients unsupported by the recipe. Landscape 1200x800, natural window light, realistic colour, main portion safely within central 80%. No text, numbers, labels, flags, logos, watermark, collage or UI. Deliver WebP with exact destination filename."
"171","recipe-serving-karkade-south-sudan-ss","recipe-serving-detail","50","Karkade — serving detail","/tools/afrokitchen/recipes/karkade-south-sudan-ss/","/assets/img/kitchen/karkade-south-sudan-ss-2.webp","1200x800","/assets/img/kitchen/karkade-south-sudan-ss.webp","Serving detail of Karkade","true","pending","Local hero exists, but the serving-detail slot -2 is absent in every extension.","Create a second editorial food photograph of Karkade from South Sudan, using the existing hero /assets/img/kitchen/karkade-south-sudan-ss.webp as the visual reference for the same dish, ingredients, tableware and lighting. Recipe brief: Karkade is a drink with dried hibiscus, ginger and sugar. Serve. Show a closer serving view that reveals the interior or texture, using a serving utensil appropriate to the food; do not merely crop or duplicate the hero. Keep the portion believable and appetising, with no extra ingredients unsupported by the recipe. Landscape 1200x800, natural window light, realistic colour, main portion safely within central 80%. No text, numbers, labels, flags, logos, watermark, collage or UI. Deliver WebP with exact destination filename."
"172","recipe-serving-karkanji-td","recipe-serving-detail","50","Karkanji — serving detail","/tools/afrokitchen/recipes/karkanji-td/","/assets/img/kitchen/karkanji-td-2.webp","1200x800","/assets/img/kitchen/karkanji-td.webp","Serving detail of Karkanji","true","pending","Local hero exists, but the serving-detail slot -2 is absent in every extension.","Create a second editorial food photograph of Karkanji from Chad, using the existing hero /assets/img/kitchen/karkanji-td.webp as the visual reference for the same dish, ingredients, tableware and lighting. Recipe brief: Chadian hibiscus drink infused with ginger, cloves, mint, lemon, and sugar, served cold.. Show a closer serving view that reveals the interior or texture, using a serving utensil appropriate to the food; do not merely crop or duplicate the hero. Keep the portion believable and appetising, with no extra ingredients unsupported by the recipe. Landscape 1200x800, natural window light, realistic colour, main portion safely within central 80%. No text, numbers, labels, flags, logos, watermark, collage or UI. Deliver WebP with exact destination filename."
"173","recipe-serving-kefta-tagine-ma","recipe-serving-detail","50","Kefta Tagine — serving detail","/tools/afrokitchen/recipes/kefta-tagine-ma/","/assets/img/kitchen/kefta-tagine-ma-2.webp","1200x800","/assets/img/kitchen/kefta-tagine-ma.webp","Serving detail of Kefta Tagine","true","pending","Local hero exists, but the serving-detail slot -2 is absent in every extension.","Create a second editorial food photograph of Kefta Tagine from Morocco, using the existing hero /assets/img/kitchen/kefta-tagine-ma.webp as the visual reference for the same dish, ingredients, tableware and lighting. Recipe brief: Moroccan meatball tagine simmered in spiced tomato sauce and finished with eggs.. Show a closer serving view that reveals the interior or texture, using a serving utensil appropriate to the food; do not merely crop or duplicate the hero. Keep the portion believable and appetising, with no extra ingredients unsupported by the recipe. Landscape 1200x800, natural window light, realistic colour, main portion safely within central 80%. No text, numbers, labels, flags, logos, watermark, collage or UI. Deliver WebP with exact destination filename."
"174","recipe-serving-kelewele-gh","recipe-serving-detail","50","Kelewele — serving detail","/tools/afrokitchen/recipes/kelewele-gh/","/assets/img/kitchen/kelewele-gh-2.webp","1200x800","/assets/img/kitchen/kelewele-gh.webp","Serving detail of Kelewele","true","pending","Local hero exists, but the serving-detail slot -2 is absent in every extension.","Create a second editorial food photograph of Kelewele from Ghana, using the existing hero /assets/img/kitchen/kelewele-gh.webp as the visual reference for the same dish, ingredients, tableware and lighting. Recipe brief: Ghanaian ripe plantain cubes marinated with ginger, garlic, chile, cloves, nutmeg, and salt, then fried until caramelized.. Show a closer serving view that reveals the interior or texture, using a serving utensil appropriate to the food; do not merely crop or duplicate the hero. Keep the portion believable and appetising, with no extra ingredients unsupported by the recipe. Landscape 1200x800, natural window light, realistic colour, main portion safely within central 80%. No text, numbers, labels, flags, logos, watermark, collage or UI. Deliver WebP with exact destination filename."
"175","recipe-serving-kenyan-pilau","recipe-serving-detail","50","Kenyan Pilau — serving detail","/tools/afrokitchen/recipes/kenyan-pilau/","/assets/img/kitchen/kenyan-pilau-2.webp","1200x800","/assets/img/kitchen/kenyan-pilau.webp","Serving detail of Kenyan Pilau","true","pending","Local hero exists, but the serving-detail slot -2 is absent in every extension.","Create a second editorial food photograph of Kenyan Pilau from Kenya, using the existing hero /assets/img/kitchen/kenyan-pilau.webp as the visual reference for the same dish, ingredients, tableware and lighting. Recipe brief: Kenyan beef pilau with browned onions, garlic, ginger, whole spices, pilau masala, and rice steamed in rich stock.. Show a closer serving view that reveals the interior or texture, using a serving utensil appropriate to the food; do not merely crop or duplicate the hero. Keep the portion believable and appetising, with no extra ingredients unsupported by the recipe. Landscape 1200x800, natural window light, realistic colour, main portion safely within central 80%. No text, numbers, labels, flags, logos, watermark, collage or UI. Deliver WebP with exact destination filename."
"176","recipe-serving-kik-alicha-et","recipe-serving-detail","50","Kik Alicha — serving detail","/tools/afrokitchen/recipes/kik-alicha-et/","/assets/img/kitchen/kik-alicha-et-2.webp","1200x800","/assets/img/kitchen/kik-alicha-et.webp","Serving detail of Kik Alicha","true","pending","Local hero exists, but the serving-detail slot -2 is absent in every extension.","Create a second editorial food photograph of Kik Alicha from Ethiopia, using the existing hero /assets/img/kitchen/kik-alicha-et.webp as the visual reference for the same dish, ingredients, tableware and lighting. Recipe brief: Mild Ethiopian yellow split pea stew with turmeric, onion, garlic, ginger, and a soft buttery texture.. Show a closer serving view that reveals the interior or texture, using a serving utensil appropriate to the food; do not merely crop or duplicate the hero. Keep the portion believable and appetising, with no extra ingredients unsupported by the recipe. Landscape 1200x800, natural window light, realistic colour, main portion safely within central 80%. No text, numbers, labels, flags, logos, watermark, collage or UI. Deliver WebP with exact destination filename."
"177","recipe-serving-kilishi-ne","recipe-serving-detail","50","Kilishi — serving detail","/tools/afrokitchen/recipes/kilishi-ne/","/assets/img/kitchen/kilishi-ne-2.webp","1200x800","/assets/img/kitchen/kilishi-ne.webp","Serving detail of Kilishi","true","pending","Local hero exists, but the serving-detail slot -2 is absent in every extension.","Create a second editorial food photograph of Kilishi from Niger, using the existing hero /assets/img/kitchen/kilishi-ne.webp as the visual reference for the same dish, ingredients, tableware and lighting. Recipe brief: Nigerien-Hausa kilishi, paper-thin lean beef dried, coated in spicy groundnut labu paste, dried again, and roasted crisp.. Show a closer serving view that reveals the interior or texture, using a serving utensil appropriate to the food; do not merely crop or duplicate the hero. Keep the portion believable and appetising, with no extra ingredients unsupported by the recipe. Landscape 1200x800, natural window light, realistic colour, main portion safely within central 80%. No text, numbers, labels, flags, logos, watermark, collage or UI. Deliver WebP with exact destination filename."
"178","recipe-serving-kisra-mulah","recipe-serving-detail","50","Kisra with Mulah — serving detail","/tools/afrokitchen/recipes/kisra-mulah/","/assets/img/kitchen/kisra-mulah-2.webp","1200x800","/assets/img/kitchen/kisra-mulah.webp","Serving detail of Kisra with Mulah","true","pending","Local hero exists, but the serving-detail slot -2 is absent in every extension.","Create a second editorial food photograph of Kisra with Mulah from South Sudan, using the existing hero /assets/img/kitchen/kisra-mulah.webp as the visual reference for the same dish, ingredients, tableware and lighting. Recipe brief: South Sudanese kisra with mulah, fermented sorghum flatbread served with a rich okra and meat stew.. Show a closer serving view that reveals the interior or texture, using a serving utensil appropriate to the food; do not merely crop or duplicate the hero. Keep the portion believable and appetising, with no extra ingredients unsupported by the recipe. Landscape 1200x800, natural window light, realistic colour, main portion safely within central 80%. No text, numbers, labels, flags, logos, watermark, collage or UI. Deliver WebP with exact destination filename."
"179","recipe-serving-kisra-mullah-sd","recipe-serving-detail","50","Kisra with Mullah Tagalia — serving detail","/tools/afrokitchen/recipes/kisra-mullah-sd/","/assets/img/kitchen/kisra-mullah-sd-2.webp","1200x800","/assets/img/kitchen/kisra-mullah-sd.webp","Serving detail of Kisra with Mullah Tagalia","true","pending","Local hero exists, but the serving-detail slot -2 is absent in every extension.","Create a second editorial food photograph of Kisra with Mullah Tagalia from Sudan, using the existing hero /assets/img/kitchen/kisra-mullah-sd.webp as the visual reference for the same dish, ingredients, tableware and lighting. Recipe brief: Sudanese kisra with mullah tagalia, fermented sorghum crepes served with thick onion, tomato, meat, coriander, and red pepper sauce.. Show a closer serving view that reveals the interior or texture, using a serving utensil appropriate to the food; do not merely crop or duplicate the hero. Keep the portion believable and appetising, with no extra ingredients unsupported by the recipe. Landscape 1200x800, natural window light, realistic colour, main portion safely within central 80%. No text, numbers, labels, flags, logos, watermark, collage or UI. Deliver WebP with exact destination filename."
"180","recipe-serving-kisser-td","recipe-serving-detail","50","Kisser — serving detail","/tools/afrokitchen/recipes/kisser-td/","/assets/img/kitchen/kisser-td-2.webp","1200x800","/assets/img/kitchen/kisser-td.webp","Serving detail of Kisser","true","pending","Local hero exists, but the serving-detail slot -2 is absent in every extension.","Create a second editorial food photograph of Kisser from Chad, using the existing hero /assets/img/kitchen/kisser-td.webp as the visual reference for the same dish, ingredients, tableware and lighting. Recipe brief: Kisser is a bread with sorghum flour, fermented batter. Serve. Show a closer serving view that reveals the interior or texture, using a serving utensil appropriate to the food; do not merely crop or duplicate the hero. Keep the portion believable and appetising, with no extra ingredients unsupported by the recipe. Landscape 1200x800, natural window light, realistic colour, main portion safely within central 80%. No text, numbers, labels, flags, logos, watermark, collage or UI. Deliver WebP with exact destination filename."
"181","recipe-serving-kitfo","recipe-serving-detail","50","Kitfo — serving detail","/tools/afrokitchen/recipes/kitfo/","/assets/img/kitchen/kitfo-2.webp","1200x800","/assets/img/kitchen/kitfo.webp","Serving detail of Kitfo","true","pending","Local hero exists, but the serving-detail slot -2 is absent in every extension.","Create a second editorial food photograph of Kitfo from Ethiopia, using the existing hero /assets/img/kitchen/kitfo.webp as the visual reference for the same dish, ingredients, tableware and lighting. Recipe brief: Finely minced Ethiopian beef seasoned with warm niter kibbeh and mitmita, served tere, leb leb, or fully cooked with ayib and gomen.. Show a closer serving view that reveals the interior or texture, using a serving utensil appropriate to the food; do not merely crop or duplicate the hero. Keep the portion believable and appetising, with no extra ingredients unsupported by the recipe. Landscape 1200x800, natural window light, realistic colour, main portion safely within central 80%. No text, numbers, labels, flags, logos, watermark, collage or UI. Deliver WebP with exact destination filename."
"182","recipe-serving-kizaka-ao","recipe-serving-detail","50","Kizaka — serving detail","/tools/afrokitchen/recipes/kizaka-ao/","/assets/img/kitchen/kizaka-ao-2.webp","1200x800","/assets/img/kitchen/kizaka-ao.webp","Serving detail of Kizaka","true","pending","Local hero exists, but the serving-detail slot -2 is absent in every extension.","Create a second editorial food photograph of Kizaka from Angola, using the existing hero /assets/img/kitchen/kizaka-ao.webp as the visual reference for the same dish, ingredients, tableware and lighting. Recipe brief: Angolan cassava leaf stew cooked with peanut, onion, garlic, tomato, and palm oil until silky.. Show a closer serving view that reveals the interior or texture, using a serving utensil appropriate to the food; do not merely crop or duplicate the hero. Keep the portion believable and appetising, with no extra ingredients unsupported by the recipe. Landscape 1200x800, natural window light, realistic colour, main portion safely within central 80%. No text, numbers, labels, flags, logos, watermark, collage or UI. Deliver WebP with exact destination filename."
"183","recipe-serving-koeksisters-za","recipe-serving-detail","50","Koeksisters — serving detail","/tools/afrokitchen/recipes/koeksisters-za/","/assets/img/kitchen/koeksisters-za-2.webp","1200x800","/assets/img/kitchen/koeksisters-za.webp","Serving detail of Koeksisters","true","pending","Local hero exists, but the serving-detail slot -2 is absent in every extension.","Create a second editorial food photograph of Koeksisters from South Africa, using the existing hero /assets/img/kitchen/koeksisters-za.webp as the visual reference for the same dish, ingredients, tableware and lighting. Recipe brief: South African braided doughnuts fried until crisp and dipped hot into ice-cold spiced syrup.. Show a closer serving view that reveals the interior or texture, using a serving utensil appropriate to the food; do not merely crop or duplicate the hero. Keep the portion believable and appetising, with no extra ingredients unsupported by the recipe. Landscape 1200x800, natural window light, realistic colour, main portion safely within central 80%. No text, numbers, labels, flags, logos, watermark, collage or UI. Deliver WebP with exact destination filename."
"184","recipe-serving-koko-cassava-leaves-cf","recipe-serving-detail","50","Koko Cassava Leaves — serving detail","/tools/afrokitchen/recipes/koko-cassava-leaves-cf/","/assets/img/kitchen/koko-cassava-leaves-cf-2.webp","1200x800","/assets/img/kitchen/koko-cassava-leaves-cf.webp","Serving detail of Koko Cassava Leaves","true","pending","Local hero exists, but the serving-detail slot -2 is absent in every extension.","Create a second editorial food photograph of Koko Cassava Leaves from Central African Republic, using the existing hero /assets/img/kitchen/koko-cassava-leaves-cf.webp as the visual reference for the same dish, ingredients, tableware and lighting. Recipe brief: Koko Cassava Leaves is a stew with cassava leaves, smoked fish and peanut. Serve. Show a closer serving view that reveals the interior or texture, using a serving utensil appropriate to the food; do not merely crop or duplicate the hero. Keep the portion believable and appetising, with no extra ingredients unsupported by the recipe. Landscape 1200x800, natural window light, realistic colour, main portion safely within central 80%. No text, numbers, labels, flags, logos, watermark, collage or UI. Deliver WebP with exact destination filename."
"185","recipe-serving-kondowole","recipe-serving-detail","50","Kondowole — serving detail","/tools/afrokitchen/recipes/kondowole/","/assets/img/kitchen/kondowole-2.webp","1200x800","/assets/img/kitchen/kondowole.webp","Serving detail of Kondowole","true","pending","Local hero exists, but the serving-detail slot -2 is absent in every extension.","Create a second editorial food photograph of Kondowole from Malawi, using the existing hero /assets/img/kitchen/kondowole.webp as the visual reference for the same dish, ingredients, tableware and lighting. Recipe brief: Northern Malawian cassava-flour staple cooked into a sticky, elastic mound and served with fish or vegetable relish.. Show a closer serving view that reveals the interior or texture, using a serving utensil appropriate to the food; do not merely crop or duplicate the hero. Keep the portion believable and appetising, with no extra ingredients unsupported by the recipe. Landscape 1200x800, natural window light, realistic colour, main portion safely within central 80%. No text, numbers, labels, flags, logos, watermark, collage or UI. Deliver WebP with exact destination filename."
"186","recipe-serving-konkoe-gn","recipe-serving-detail","50","Konkoe — serving detail","/tools/afrokitchen/recipes/konkoe-gn/","/assets/img/kitchen/konkoe-gn-2.webp","1200x800","/assets/img/kitchen/konkoe-gn.webp","Serving detail of Konkoe","true","pending","Local hero exists, but the serving-detail slot -2 is absent in every extension.","Create a second editorial food photograph of Konkoe from Guinea, using the existing hero /assets/img/kitchen/konkoe-gn.webp as the visual reference for the same dish, ingredients, tableware and lighting. Recipe brief: Konkoe is a seafood with smoked fish, tomato and chili. Serve. Show a closer serving view that reveals the interior or texture, using a serving utensil appropriate to the food; do not merely crop or duplicate the hero. Keep the portion believable and appetising, with no extra ingredients unsupported by the recipe. Landscape 1200x800, natural window light, realistic colour, main portion safely within central 80%. No text, numbers, labels, flags, logos, watermark, collage or UI. Deliver WebP with exact destination filename."
"187","recipe-serving-kontomire-stew-gh","recipe-serving-detail","50","Kontomire Stew — serving detail","/tools/afrokitchen/recipes/kontomire-stew-gh/","/assets/img/kitchen/kontomire-stew-gh-2.webp","1200x800","/assets/img/kitchen/kontomire-stew-gh.webp","Serving detail of Kontomire Stew","true","pending","Local hero exists, but the serving-detail slot -2 is absent in every extension.","Create a second editorial food photograph of Kontomire Stew from Ghana, using the existing hero /assets/img/kitchen/kontomire-stew-gh.webp as the visual reference for the same dish, ingredients, tableware and lighting. Recipe brief: Ghanaian cocoyam leaf stew with palm oil, egusi, smoked fish, tomatoes, onion, chile, and tender greens.. Show a closer serving view that reveals the interior or texture, using a serving utensil appropriate to the food; do not merely crop or duplicate the hero. Keep the portion believable and appetising, with no extra ingredients unsupported by the recipe. Landscape 1200x800, natural window light, realistic colour, main portion safely within central 80%. No text, numbers, labels, flags, logos, watermark, collage or UI. Deliver WebP with exact destination filename."
"188","recipe-serving-kopto-ne","recipe-serving-detail","50","Kopto — serving detail","/tools/afrokitchen/recipes/kopto-ne/","/assets/img/kitchen/kopto-ne-2.webp","1200x800","/assets/img/kitchen/kopto-ne.webp","Serving detail of Kopto","true","pending","Local hero exists, but the serving-detail slot -2 is absent in every extension.","Create a second editorial food photograph of Kopto from Niger, using the existing hero /assets/img/kitchen/kopto-ne.webp as the visual reference for the same dish, ingredients, tableware and lighting. Recipe brief: Nigerien moringa leaf salad-sauce mixed with peanut paste, soumbala, onion, chile, and sometimes gari.. Show a closer serving view that reveals the interior or texture, using a serving utensil appropriate to the food; do not merely crop or duplicate the hero. Keep the portion believable and appetising, with no extra ingredients unsupported by the recipe. Landscape 1200x800, natural window light, realistic colour, main portion safely within central 80%. No text, numbers, labels, flags, logos, watermark, collage or UI. Deliver WebP with exact destination filename."
"189","recipe-serving-kwacoco-bible-cm","recipe-serving-detail","50","Kwacoco Bible — serving detail","/tools/afrokitchen/recipes/kwacoco-bible-cm/","/assets/img/kitchen/kwacoco-bible-cm-2.webp","1200x800","/assets/img/kitchen/kwacoco-bible-cm.webp","Serving detail of Kwacoco Bible","true","pending","Local hero exists, but the serving-detail slot -2 is absent in every extension.","Create a second editorial food photograph of Kwacoco Bible from Cameroon, using the existing hero /assets/img/kitchen/kwacoco-bible-cm.webp as the visual reference for the same dish, ingredients, tableware and lighting. Recipe brief: Cameroonian grated cocoyam steamed with greens, smoked fish, palm oil, and spices in leaf packets.. Show a closer serving view that reveals the interior or texture, using a serving utensil appropriate to the food; do not merely crop or duplicate the hero. Keep the portion believable and appetising, with no extra ingredients unsupported by the recipe. Landscape 1200x800, natural window light, realistic colour, main portion safely within central 80%. No text, numbers, labels, flags, logos, watermark, collage or UI. Deliver WebP with exact destination filename."
"190","recipe-serving-la-bouillie-td","recipe-serving-detail","50","La Bouillie — serving detail","/tools/afrokitchen/recipes/la-bouillie-td/","/assets/img/kitchen/la-bouillie-td-2.webp","1200x800","/assets/img/kitchen/la-bouillie-td.webp","Serving detail of La Bouillie","true","pending","Local hero exists, but the serving-detail slot -2 is absent in every extension.","Create a second editorial food photograph of La Bouillie from Chad, using the existing hero /assets/img/kitchen/la-bouillie-td.webp as the visual reference for the same dish, ingredients, tableware and lighting. Recipe brief: A warm Chadian millet porridge sweetened with sugar and finished with milk, vanilla, and lemon zest.. Show a closer serving view that reveals the interior or texture, using a serving utensil appropriate to the food; do not merely crop or duplicate the hero. Keep the portion believable and appetising, with no extra ingredients unsupported by the recipe. Landscape 1200x800, natural window light, realistic colour, main portion safely within central 80%. No text, numbers, labels, flags, logos, watermark, collage or UI. Deliver WebP with exact destination filename."
"191","recipe-serving-ladob","recipe-serving-detail","50","Ladob — serving detail","/tools/afrokitchen/recipes/ladob/","/assets/img/kitchen/ladob-2.webp","1200x800","/assets/img/kitchen/ladob.webp","Serving detail of Ladob","true","pending","Local hero exists, but the serving-detail slot -2 is absent in every extension.","Create a second editorial food photograph of Ladob from Seychelles, using the existing hero /assets/img/kitchen/ladob.webp as the visual reference for the same dish, ingredients, tableware and lighting. Recipe brief: Seychellois sweet ladob, ripe plantains and sweet potatoes simmered in coconut milk with vanilla, nutmeg, sugar, and salt.. Show a closer serving view that reveals the interior or texture, using a serving utensil appropriate to the food; do not merely crop or duplicate the hero. Keep the portion believable and appetising, with no extra ingredients unsupported by the recipe. Landscape 1200x800, natural window light, realistic colour, main portion safely within central 80%. No text, numbers, labels, flags, logos, watermark, collage or UI. Deliver WebP with exact destination filename."
"192","recipe-serving-lahoh-dj","recipe-serving-detail","50","Lahoh — serving detail","/tools/afrokitchen/recipes/lahoh-dj/","/assets/img/kitchen/lahoh-dj-2.webp","1200x800","/assets/img/kitchen/lahoh-dj.webp","Serving detail of Lahoh","true","pending","Local hero exists, but the serving-detail slot -2 is absent in every extension.","Create a second editorial food photograph of Lahoh from Djibouti, using the existing hero /assets/img/kitchen/lahoh-dj.webp as the visual reference for the same dish, ingredients, tableware and lighting. Recipe brief: Lahoh is a bread with sorghum and wheat flour, yeast and warm water. Serve. Show a closer serving view that reveals the interior or texture, using a serving utensil appropriate to the food; do not merely crop or duplicate the hero. Keep the portion believable and appetising, with no extra ingredients unsupported by the recipe. Landscape 1200x800, natural window light, realistic colour, main portion safely within central 80%. No text, numbers, labels, flags, logos, watermark, collage or UI. Deliver WebP with exact destination filename."
"193","recipe-serving-lakh-mr","recipe-serving-detail","50","Lakh — serving detail","/tools/afrokitchen/recipes/lakh-mr/","/assets/img/kitchen/lakh-mr-2.webp","1200x800","/assets/img/kitchen/lakh-mr.webp","Serving detail of Lakh","true","pending","Local hero exists, but the serving-detail slot -2 is absent in every extension.","Create a second editorial food photograph of Lakh from Mauritania, using the existing hero /assets/img/kitchen/lakh-mr.webp as the visual reference for the same dish, ingredients, tableware and lighting. Recipe brief: Mauritanian-style lakh, soft millet couscous served with sweet fermented milk, yogurt, coconut, and warm spice.. Show a closer serving view that reveals the interior or texture, using a serving utensil appropriate to the food; do not merely crop or duplicate the hero. Keep the portion believable and appetising, with no extra ingredients unsupported by the recipe. Landscape 1200x800, natural window light, realistic colour, main portion safely within central 80%. No text, numbers, labels, flags, logos, watermark, collage or UI. Deliver WebP with exact destination filename."
"194","recipe-serving-lamb-tagine-prunes-almonds-ma","recipe-serving-detail","50","Lamb Tagine with Prunes and Almonds — serving detail","/tools/afrokitchen/recipes/lamb-tagine-prunes-almonds-ma/","/assets/img/kitchen/lamb-tagine-prunes-almonds-ma-2.webp","1200x800","/assets/img/kitchen/lamb-tagine-prunes-almonds-ma.webp","Serving detail of Lamb Tagine with Prunes and Almonds","true","pending","Local hero exists, but the serving-detail slot -2 is absent in every extension.","Create a second editorial food photograph of Lamb Tagine with Prunes and Almonds from Morocco, using the existing hero /assets/img/kitchen/lamb-tagine-prunes-almonds-ma.webp as the visual reference for the same dish, ingredients, tableware and lighting. Recipe brief: Moroccan lamb tagine with ginger, saffron, cinnamon, honeyed prunes, toasted almonds, and sesame.. Show a closer serving view that reveals the interior or texture, using a serving utensil appropriate to the food; do not merely crop or duplicate the hero. Keep the portion believable and appetising, with no extra ingredients unsupported by the recipe. Landscape 1200x800, natural window light, realistic colour, main portion safely within central 80%. No text, numbers, labels, flags, logos, watermark, collage or UI. Deliver WebP with exact destination filename."
"195","recipe-serving-langouste-vanille","recipe-serving-detail","50","Langouste a la Vanille — serving detail","/tools/afrokitchen/recipes/langouste-vanille/","/assets/img/kitchen/langouste-vanille-2.webp","1200x800","/assets/img/kitchen/langouste-vanille.webp","Serving detail of Langouste a la Vanille","true","pending","Local hero exists, but the serving-detail slot -2 is absent in every extension.","Create a second editorial food photograph of Langouste a la Vanille from Comoros, using the existing hero /assets/img/kitchen/langouste-vanille.webp as the visual reference for the same dish, ingredients, tableware and lighting. Recipe brief: Comorian lobster finished in a delicate vanilla cream sauce, elegant without hiding the sweetness of the seafood.. Show a closer serving view that reveals the interior or texture, using a serving utensil appropriate to the food; do not merely crop or duplicate the hero. Keep the portion believable and appetising, with no extra ingredients unsupported by the recipe. Landscape 1200x800, natural window light, realistic colour, main portion safely within central 80%. No text, numbers, labels, flags, logos, watermark, collage or UI. Deliver WebP with exact destination filename."
"196","recipe-serving-langouste-vanille-km","recipe-serving-detail","50","Langouste a la Vanille — serving detail","/tools/afrokitchen/recipes/langouste-vanille-km/","/assets/img/kitchen/langouste-vanille-km-2.webp","1200x800","/assets/img/kitchen/langouste-vanille-km.webp","Serving detail of Langouste a la Vanille","true","pending","Local hero exists, but the serving-detail slot -2 is absent in every extension.","Create a second editorial food photograph of Langouste a la Vanille from Comoros, using the existing hero /assets/img/kitchen/langouste-vanille-km.webp as the visual reference for the same dish, ingredients, tableware and lighting. Recipe brief: Langouste a la Vanille is a seafood with lobster or prawns, vanilla and coconut milk. Serve. Show a closer serving view that reveals the interior or texture, using a serving utensil appropriate to the food; do not merely crop or duplicate the hero. Keep the portion believable and appetising, with no extra ingredients unsupported by the recipe. Landscape 1200x800, natural window light, realistic colour, main portion safely within central 80%. No text, numbers, labels, flags, logos, watermark, collage or UI. Deliver WebP with exact destination filename."
"197","recipe-serving-lasary-voatabia-mg","recipe-serving-detail","50","Lasary Voatabia — serving detail","/tools/afrokitchen/recipes/lasary-voatabia-mg/","/assets/img/kitchen/lasary-voatabia-mg-2.webp","1200x800","/assets/img/kitchen/lasary-voatabia-mg.webp","Serving detail of Lasary Voatabia","true","pending","Local hero exists, but the serving-detail slot -2 is absent in every extension.","Create a second editorial food photograph of Lasary Voatabia from Madagascar, using the existing hero /assets/img/kitchen/lasary-voatabia-mg.webp as the visual reference for the same dish, ingredients, tableware and lighting. Recipe brief: Lasary Voatabia is a salad with tomatoes, green onion and lime. Serve. Show a closer serving view that reveals the interior or texture, using a serving utensil appropriate to the food; do not merely crop or duplicate the hero. Keep the portion believable and appetising, with no extra ingredients unsupported by the recipe. Landscape 1200x800, natural window light, realistic colour, main portion safely within central 80%. No text, numbers, labels, flags, logos, watermark, collage or UI. Deliver WebP with exact destination filename."
"198","recipe-serving-liboke-poisson-cg","recipe-serving-detail","50","Liboke de Poisson — serving detail","/tools/afrokitchen/recipes/liboke-poisson-cg/","/assets/img/kitchen/liboke-poisson-cg-2.webp","1200x800","/assets/img/kitchen/liboke-poisson-cg.webp","Serving detail of Liboke de Poisson","true","pending","Local hero exists, but the serving-detail slot -2 is absent in every extension.","Create a second editorial food photograph of Liboke de Poisson from Republic of Congo, using the existing hero /assets/img/kitchen/liboke-poisson-cg.webp as the visual reference for the same dish, ingredients, tableware and lighting. Recipe brief: Congolese fish marinated with onion, lemon, chili, and oil, wrapped in banana leaves, and steamed.. Show a closer serving view that reveals the interior or texture, using a serving utensil appropriate to the food; do not merely crop or duplicate the hero. Keep the portion believable and appetising, with no extra ingredients unsupported by the recipe. Landscape 1200x800, natural window light, realistic colour, main portion safely within central 80%. No text, numbers, labels, flags, logos, watermark, collage or UI. Deliver WebP with exact destination filename."
"199","recipe-serving-liboke-ya-mbika-cd","recipe-serving-detail","50","Liboke ya Mbika — serving detail","/tools/afrokitchen/recipes/liboke-ya-mbika-cd/","/assets/img/kitchen/liboke-ya-mbika-cd-2.webp","1200x800","/assets/img/kitchen/liboke-ya-mbika-cd.webp","Serving detail of Liboke ya Mbika","true","pending","Local hero exists, but the serving-detail slot -2 is absent in every extension.","Create a second editorial food photograph of Liboke ya Mbika from Democratic Republic of Congo, using the existing hero /assets/img/kitchen/liboke-ya-mbika-cd.webp as the visual reference for the same dish, ingredients, tableware and lighting. Recipe brief: Ground pumpkin seeds steamed in banana leaves with tomatoes, onions, and spices, creating a rich and fragrant vegetarian parcel. A classic Congolese preparation.. Show a closer serving view that reveals the interior or texture, using a serving utensil appropriate to the food; do not merely crop or duplicate the hero. Keep the portion believable and appetising, with no extra ingredients unsupported by the recipe. Landscape 1200x800, natural window light, realistic colour, main portion safely within central 80%. No text, numbers, labels, flags, logos, watermark, collage or UI. Deliver WebP with exact destination filename."
"200","recipe-serving-likhobe-ls","recipe-serving-detail","50","Likhobe — serving detail","/tools/afrokitchen/recipes/likhobe-ls/","/assets/img/kitchen/likhobe-ls-2.webp","1200x800","/assets/img/kitchen/likhobe-ls.webp","Serving detail of Likhobe","true","pending","Local hero exists, but the serving-detail slot -2 is absent in every extension.","Create a second editorial food photograph of Likhobe from Lesotho, using the existing hero /assets/img/kitchen/likhobe-ls.webp as the visual reference for the same dish, ingredients, tableware and lighting. Recipe brief: Lesotho bean, sorghum, and grain stew cooked slowly into a nourishing mountain staple.. Show a closer serving view that reveals the interior or texture, using a serving utensil appropriate to the food; do not merely crop or duplicate the hero. Keep the portion believable and appetising, with no extra ingredients unsupported by the recipe. Landscape 1200x800, natural window light, realistic colour, main portion safely within central 80%. No text, numbers, labels, flags, logos, watermark, collage or UI. Deliver WebP with exact destination filename."
